gene	present_in_deposited_matrix	retained_filterByExpr	removal_reason
A2M	TRUE	TRUE	retained
A2ML1	TRUE	TRUE	retained
A4GALT	TRUE	TRUE	retained
AAAS	TRUE	TRUE	retained
AACS	TRUE	TRUE	retained
AADAT	TRUE	TRUE	retained
AAGAB	TRUE	TRUE	retained
AAK1	TRUE	TRUE	retained
AAMDC	TRUE	TRUE	retained
AAMP	TRUE	TRUE	retained
AAR2	TRUE	TRUE	retained
AARS1	TRUE	TRUE	retained
AARS2	TRUE	TRUE	retained
AARSD1	TRUE	TRUE	retained
AASDH	TRUE	TRUE	retained
AASDHPPT	TRUE	TRUE	retained
AASS	TRUE	TRUE	retained
AATF	TRUE	TRUE	retained
AATK	TRUE	TRUE	retained
ABAT	TRUE	TRUE	retained
ABCA1	TRUE	TRUE	retained
ABCA12	TRUE	TRUE	retained
ABCA2	TRUE	TRUE	retained
ABCA3	TRUE	TRUE	retained
ABCA4	TRUE	TRUE	retained
ABCA5	TRUE	TRUE	retained
ABCA6	TRUE	TRUE	retained
ABCA7	TRUE	TRUE	retained
ABCA8	TRUE	TRUE	retained
ABCA9	TRUE	TRUE	retained
ABCB1	TRUE	TRUE	retained
ABCB10	TRUE	TRUE	retained
ABCB10P1	TRUE	TRUE	retained
ABCB10P3	TRUE	TRUE	retained
ABCB10P4	TRUE	TRUE	retained
ABCB4	TRUE	TRUE	retained
ABCB6	TRUE	TRUE	retained
ABCB7	TRUE	TRUE	retained
ABCB8	TRUE	TRUE	retained
ABCB9	TRUE	TRUE	retained
ABCC1	TRUE	TRUE	retained
ABCC10	TRUE	TRUE	retained
ABCC11	TRUE	TRUE	retained
ABCC2	TRUE	TRUE	retained
ABCC3	TRUE	TRUE	retained
ABCC4	TRUE	TRUE	retained
ABCC5	TRUE	TRUE	retained
ABCC6	TRUE	TRUE	retained
ABCC6P1	TRUE	TRUE	retained
ABCC8	TRUE	TRUE	retained
ABCC9	TRUE	TRUE	retained
ABCD1	TRUE	TRUE	retained
ABCD3	TRUE	TRUE	retained
ABCD4	TRUE	TRUE	retained
ABCE1	TRUE	TRUE	retained
ABCF1	TRUE	TRUE	retained
ABCF2P1	TRUE	TRUE	retained
ABCF3	TRUE	TRUE	retained
ABCG1	TRUE	TRUE	retained
ABCG2	TRUE	TRUE	retained
ABHD1	TRUE	TRUE	retained
ABHD10	TRUE	TRUE	retained
ABHD11	TRUE	TRUE	retained
ABHD12	TRUE	TRUE	retained
ABHD12B	TRUE	TRUE	retained
ABHD13	TRUE	TRUE	retained
ABHD14A	TRUE	TRUE	retained
ABHD14B	TRUE	TRUE	retained
ABHD15	TRUE	TRUE	retained
ABHD16A	TRUE	TRUE	retained
ABHD17A	TRUE	TRUE	retained
ABHD17AP1	TRUE	TRUE	retained
ABHD17AP3	TRUE	TRUE	retained
ABHD17AP4	TRUE	TRUE	retained
ABHD17AP5	TRUE	TRUE	retained
ABHD17AP6	TRUE	TRUE	retained
ABHD17B	TRUE	TRUE	retained
ABHD17C	TRUE	TRUE	retained
ABHD18	TRUE	TRUE	retained
ABHD2	TRUE	TRUE	retained
ABHD3	TRUE	TRUE	retained
ABHD4	TRUE	TRUE	retained
ABHD5	TRUE	TRUE	retained
ABHD6	TRUE	TRUE	retained
ABHD8	TRUE	TRUE	retained
ABI1	TRUE	TRUE	retained
ABI2	TRUE	TRUE	retained
ABI3	TRUE	TRUE	retained
ABI3BP	TRUE	TRUE	retained
ABITRAM	TRUE	TRUE	retained
ABL1	TRUE	TRUE	retained
ABL2	TRUE	TRUE	retained
ABLIM1	TRUE	TRUE	retained
ABLIM3	TRUE	TRUE	retained
ABO	TRUE	TRUE	retained
ABR	TRUE	TRUE	retained
ABRACL	TRUE	TRUE	retained
ABRAXAS1	TRUE	TRUE	retained
ABRAXAS2	TRUE	TRUE	retained
ABT1	TRUE	TRUE	retained
ABTB1	TRUE	TRUE	retained
ABTB2	TRUE	TRUE	retained
ACAA1	TRUE	TRUE	retained
ACAA2	TRUE	TRUE	retained
ACACA	TRUE	TRUE	retained
ACACB	TRUE	TRUE	retained
ACAD10	TRUE	TRUE	retained
ACAD11	TRUE	TRUE	retained
ACAD8	TRUE	TRUE	retained
ACAD9	TRUE	TRUE	retained
ACADL	TRUE	TRUE	retained
ACADM	TRUE	TRUE	retained
ACADS	TRUE	TRUE	retained
ACADSB	TRUE	TRUE	retained
ACADVL	TRUE	TRUE	retained
ACAN	TRUE	TRUE	retained
ACAP1	TRUE	TRUE	retained
ACAP2	TRUE	TRUE	retained
ACAP3	TRUE	TRUE	retained
ACAT1	TRUE	TRUE	retained
ACAT2	TRUE	TRUE	retained
ACBD3	TRUE	TRUE	retained
ACBD4	TRUE	TRUE	retained
ACBD5	TRUE	TRUE	retained
ACBD6	TRUE	TRUE	retained
ACCS	TRUE	TRUE	retained
ACD	TRUE	TRUE	retained
ACE	TRUE	TRUE	retained
ACER2	TRUE	TRUE	retained
ACER2P1	TRUE	TRUE	retained
ACER3	TRUE	TRUE	retained
ACHE	TRUE	TRUE	retained
ACIN1	TRUE	TRUE	retained
ACKR1	TRUE	TRUE	retained
ACKR2	TRUE	TRUE	retained
ACKR3	TRUE	TRUE	retained
ACKR4	TRUE	TRUE	retained
ACLY	TRUE	TRUE	retained
ACMSD	TRUE	TRUE	retained
ACO1	TRUE	TRUE	retained
ACO2	TRUE	TRUE	retained
ACOT1	TRUE	TRUE	retained
ACOT11	TRUE	TRUE	retained
ACOT12	TRUE	TRUE	retained
ACOT13	TRUE	TRUE	retained
ACOT2	TRUE	TRUE	retained
ACOT4	TRUE	TRUE	retained
ACOT7	TRUE	TRUE	retained
ACOT8	TRUE	TRUE	retained
ACOT9	TRUE	TRUE	retained
ACOX1	TRUE	TRUE	retained
ACOX2	TRUE	TRUE	retained
ACOX3	TRUE	TRUE	retained
ACOXL	TRUE	TRUE	retained
ACP1	TRUE	TRUE	retained
ACP2	TRUE	TRUE	retained
ACP3	TRUE	TRUE	retained
ACP4	TRUE	TRUE	retained
ACP5	TRUE	TRUE	retained
ACP6	TRUE	TRUE	retained
ACRBP	TRUE	TRUE	retained
ACSBG1	TRUE	TRUE	retained
ACSBG2	TRUE	TRUE	retained
ACSF2	TRUE	TRUE	retained
ACSF3	TRUE	TRUE	retained
ACSL1	TRUE	TRUE	retained
ACSL3	TRUE	TRUE	retained
ACSL4	TRUE	TRUE	retained
ACSL5	TRUE	TRUE	retained
ACSM3	TRUE	TRUE	retained
ACSM5	TRUE	TRUE	retained
ACSM6	TRUE	TRUE	retained
ACSS1	TRUE	TRUE	retained
ACSS2	TRUE	TRUE	retained
ACSS3	TRUE	TRUE	retained
ACTA1	TRUE	TRUE	retained
ACTA2	TRUE	TRUE	retained
ACTA2-AS1	TRUE	TRUE	retained
ACTB	TRUE	TRUE	retained
ACTBP1	TRUE	TRUE	retained
ACTBP11	TRUE	TRUE	retained
ACTBP12	TRUE	TRUE	retained
ACTBP15	TRUE	TRUE	retained
ACTBP2	TRUE	TRUE	retained
ACTBP4	TRUE	TRUE	retained
ACTBP7	TRUE	TRUE	retained
ACTBP8	TRUE	TRUE	retained
ACTBP9	TRUE	TRUE	retained
ACTC1	TRUE	TRUE	retained
ACTG1	TRUE	TRUE	retained
ACTG1P1	TRUE	TRUE	retained
ACTG1P10	TRUE	TRUE	retained
ACTG1P11	TRUE	TRUE	retained
ACTG1P12	TRUE	TRUE	retained
ACTG1P14	TRUE	TRUE	retained
ACTG1P19	TRUE	TRUE	retained
ACTG1P2	TRUE	TRUE	retained
ACTG1P20	TRUE	TRUE	retained
ACTG1P23	TRUE	TRUE	retained
ACTG1P3	TRUE	TRUE	retained
ACTG1P9	TRUE	TRUE	retained
ACTG2	TRUE	TRUE	retained
ACTL10	TRUE	TRUE	retained
ACTL6A	TRUE	TRUE	retained
ACTN1	TRUE	TRUE	retained
ACTN2	TRUE	TRUE	retained
ACTN3	TRUE	TRUE	retained
ACTN4	TRUE	TRUE	retained
ACTN4P1	TRUE	TRUE	retained
ACTR10	TRUE	TRUE	retained
ACTR1A	TRUE	TRUE	retained
ACTR1AP1	TRUE	TRUE	retained
ACTR1B	TRUE	TRUE	retained
ACTR2	TRUE	TRUE	retained
ACTR3	TRUE	TRUE	retained
ACTR3B	TRUE	TRUE	retained
ACTR3C	TRUE	TRUE	retained
ACTR3P2	TRUE	TRUE	retained
ACTR5	TRUE	TRUE	retained
ACTR6	TRUE	TRUE	retained
ACTR8	TRUE	TRUE	retained
ACVR1	TRUE	TRUE	retained
ACVR1B	TRUE	TRUE	retained
ACVR2A	TRUE	TRUE	retained
ACVR2B	TRUE	TRUE	retained
ACVRL1	TRUE	TRUE	retained
ACY1	TRUE	TRUE	retained
ACYP1	TRUE	TRUE	retained
ACYP2	TRUE	TRUE	retained
ADA	TRUE	TRUE	retained
ADA2	TRUE	TRUE	retained
ADAL	TRUE	TRUE	retained
ADAM10	TRUE	TRUE	retained
ADAM11	TRUE	TRUE	retained
ADAM12	TRUE	TRUE	retained
ADAM15	TRUE	TRUE	retained
ADAM17	TRUE	TRUE	retained
ADAM19	TRUE	TRUE	retained
ADAM20	TRUE	TRUE	retained
ADAM20P1	TRUE	TRUE	retained
ADAM21	TRUE	TRUE	retained
ADAM22	TRUE	TRUE	retained
ADAM23	TRUE	TRUE	retained
ADAM28	TRUE	TRUE	retained
ADAM32	TRUE	TRUE	retained
ADAM33	TRUE	TRUE	retained
ADAM8	TRUE	TRUE	retained
ADAM9	TRUE	TRUE	retained
ADAMTS1	TRUE	TRUE	retained
ADAMTS10	TRUE	TRUE	retained
ADAMTS12	TRUE	TRUE	retained
ADAMTS13	TRUE	TRUE	retained
ADAMTS14	TRUE	TRUE	retained
ADAMTS15	TRUE	TRUE	retained
ADAMTS16	TRUE	TRUE	retained
ADAMTS17	TRUE	TRUE	retained
ADAMTS18	TRUE	TRUE	retained
ADAMTS19	TRUE	TRUE	retained
ADAMTS2	TRUE	TRUE	retained
ADAMTS20	TRUE	TRUE	retained
ADAMTS3	TRUE	TRUE	retained
ADAMTS4	TRUE	TRUE	retained
ADAMTS5	TRUE	TRUE	retained
ADAMTS6	TRUE	TRUE	retained
ADAMTS7	TRUE	TRUE	retained
ADAMTS7P1	TRUE	TRUE	retained
ADAMTS7P3	TRUE	TRUE	retained
ADAMTS7P4	TRUE	TRUE	retained
ADAMTS8	TRUE	TRUE	retained
ADAMTS9	TRUE	TRUE	retained
ADAMTSL1	TRUE	TRUE	retained
ADAMTSL2	TRUE	TRUE	retained
ADAMTSL3	TRUE	TRUE	retained
ADAMTSL4	TRUE	TRUE	retained
ADAMTSL4-AS2	TRUE	TRUE	retained
ADAMTSL5	TRUE	TRUE	retained
ADAP2	TRUE	TRUE	retained
ADAR	TRUE	TRUE	retained
ADARB1	TRUE	TRUE	retained
ADAT1	TRUE	TRUE	retained
ADAT2	TRUE	TRUE	retained
ADAT3	TRUE	TRUE	retained
ADCK1	TRUE	TRUE	retained
ADCK2	TRUE	TRUE	retained
ADCK5	TRUE	TRUE	retained
ADCY1	TRUE	TRUE	retained
ADCY10	TRUE	TRUE	retained
ADCY2	TRUE	TRUE	retained
ADCY3	TRUE	TRUE	retained
ADCY4	TRUE	TRUE	retained
ADCY5	TRUE	TRUE	retained
ADCY6	TRUE	TRUE	retained
ADCY7	TRUE	TRUE	retained
ADCY9	TRUE	TRUE	retained
ADCYAP1R1	TRUE	TRUE	retained
ADD1	TRUE	TRUE	retained
ADD2	TRUE	TRUE	retained
ADD3	TRUE	TRUE	retained
ADGRA2	TRUE	TRUE	retained
ADGRA3	TRUE	TRUE	retained
ADGRB1	TRUE	TRUE	retained
ADGRB2	TRUE	TRUE	retained
ADGRB3	TRUE	TRUE	retained
ADGRD1	TRUE	TRUE	retained
ADGRE2	TRUE	TRUE	retained
ADGRE5	TRUE	TRUE	retained
ADGRF3	TRUE	TRUE	retained
ADGRF4	TRUE	TRUE	retained
ADGRF5	TRUE	TRUE	retained
ADGRG1	TRUE	TRUE	retained
ADGRG2	TRUE	TRUE	retained
ADGRG3	TRUE	TRUE	retained
ADGRG6	TRUE	TRUE	retained
ADGRL1	TRUE	TRUE	retained
ADGRL2	TRUE	TRUE	retained
ADGRL3	TRUE	TRUE	retained
ADGRL4	TRUE	TRUE	retained
ADGRV1	TRUE	TRUE	retained
ADH1A	TRUE	TRUE	retained
ADH4	TRUE	TRUE	retained
ADH5	TRUE	TRUE	retained
ADH5P2	TRUE	TRUE	retained
ADH5P3	TRUE	TRUE	retained
ADH5P4	TRUE	TRUE	retained
ADH6	TRUE	TRUE	retained
ADHFE1	TRUE	TRUE	retained
ADI1	TRUE	TRUE	retained
ADIPOR1	TRUE	TRUE	retained
ADIPOR1P2	TRUE	TRUE	retained
ADIPOR2	TRUE	TRUE	retained
ADK	TRUE	TRUE	retained
ADM	TRUE	TRUE	retained
ADNP	TRUE	TRUE	retained
ADNP2	TRUE	TRUE	retained
ADO	TRUE	TRUE	retained
ADORA1	TRUE	TRUE	retained
ADORA2B	TRUE	TRUE	retained
ADPGK	TRUE	TRUE	retained
ADPRH	TRUE	TRUE	retained
ADPRHL1	TRUE	TRUE	retained
ADPRM	TRUE	TRUE	retained
ADPRS	TRUE	TRUE	retained
ADRA2A	TRUE	TRUE	retained
ADRA2C	TRUE	TRUE	retained
ADRB1	TRUE	TRUE	retained
ADRB2	TRUE	TRUE	retained
ADRB3	TRUE	TRUE	retained
ADRM1	TRUE	TRUE	retained
ADSL	TRUE	TRUE	retained
ADSS1	TRUE	TRUE	retained
ADSS2	TRUE	TRUE	retained
AEBP1	TRUE	TRUE	retained
AEBP2	TRUE	TRUE	retained
AEN	TRUE	TRUE	retained
AFAP1	TRUE	TRUE	retained
AFAP1-AS1	TRUE	TRUE	retained
AFAP1L1	TRUE	TRUE	retained
AFAP1L2	TRUE	TRUE	retained
AFDN	TRUE	TRUE	retained
AFDN-DT	TRUE	TRUE	retained
AFF1	TRUE	TRUE	retained
AFF2	TRUE	TRUE	retained
AFF3	TRUE	TRUE	retained
AFF4	TRUE	TRUE	retained
AFG1L	TRUE	TRUE	retained
AFG3L1P	TRUE	TRUE	retained
AFG3L2	TRUE	TRUE	retained
AFG3L2P1	TRUE	TRUE	retained
AFMID	TRUE	TRUE	retained
AFP	TRUE	TRUE	retained
AFTPH	TRUE	TRUE	retained
AGA	TRUE	TRUE	retained
AGAP1	TRUE	TRUE	retained
AGAP10P	TRUE	TRUE	retained
AGAP12P	TRUE	TRUE	retained
AGAP13P	TRUE	TRUE	retained
AGAP14P	TRUE	TRUE	retained
AGAP2	TRUE	TRUE	retained
AGAP3	TRUE	TRUE	retained
AGAP4	TRUE	TRUE	retained
AGAP5	TRUE	TRUE	retained
AGAP6	TRUE	TRUE	retained
AGAP7P	TRUE	TRUE	retained
AGAP9	TRUE	TRUE	retained
AGBL2	TRUE	TRUE	retained
AGBL4	TRUE	TRUE	retained
AGBL5	TRUE	TRUE	retained
AGER	TRUE	TRUE	retained
AGFG1	TRUE	TRUE	retained
AGFG2	TRUE	TRUE	retained
AGGF1	TRUE	TRUE	retained
AGK	TRUE	TRUE	retained
AGKP1	TRUE	TRUE	retained
AGKP2	TRUE	TRUE	retained
AGL	TRUE	TRUE	retained
AGO1	TRUE	TRUE	retained
AGO2	TRUE	TRUE	retained
AGO3	TRUE	TRUE	retained
AGO4	TRUE	TRUE	retained
AGPAT1	TRUE	TRUE	retained
AGPAT2	TRUE	TRUE	retained
AGPAT3	TRUE	TRUE	retained
AGPAT4	TRUE	TRUE	retained
AGPAT5	TRUE	TRUE	retained
AGPS	TRUE	TRUE	retained
AGR2	TRUE	TRUE	retained
AGRN	TRUE	TRUE	retained
AGT	TRUE	TRUE	retained
AGTPBP1	TRUE	TRUE	retained
AGTR1	TRUE	TRUE	retained
AGTRAP	TRUE	TRUE	retained
AGXT	TRUE	TRUE	retained
AHCTF1	TRUE	TRUE	retained
AHCTF1P1	TRUE	TRUE	retained
AHCY	TRUE	TRUE	retained
AHCYL1	TRUE	TRUE	retained
AHCYL2	TRUE	TRUE	retained
AHCYP2	TRUE	TRUE	retained
AHCYP3	TRUE	TRUE	retained
AHCYP4	TRUE	TRUE	retained
AHCYP7	TRUE	TRUE	retained
AHDC1	TRUE	TRUE	retained
AHI1	TRUE	TRUE	retained
AHNAK	TRUE	TRUE	retained
AHNAK2	TRUE	TRUE	retained
AHR	TRUE	TRUE	retained
AHSA1	TRUE	TRUE	retained
AHSA2P	TRUE	TRUE	retained
AHSG	TRUE	TRUE	retained
AHSP	TRUE	TRUE	retained
AIDA	TRUE	TRUE	retained
AIDAP1	TRUE	TRUE	retained
AIDAP2	TRUE	TRUE	retained
AIF1	TRUE	TRUE	retained
AIF1L	TRUE	TRUE	retained
AIFM1	TRUE	TRUE	retained
AIFM1P1	TRUE	TRUE	retained
AIFM2	TRUE	TRUE	retained
AIFM3	TRUE	TRUE	retained
AIG1	TRUE	TRUE	retained
AIM2	TRUE	TRUE	retained
AIMP1	TRUE	TRUE	retained
AIMP1P1	TRUE	TRUE	retained
AIMP2	TRUE	TRUE	retained
AIP	TRUE	TRUE	retained
AJM1	TRUE	TRUE	retained
AJUBA	TRUE	TRUE	retained
AK2	TRUE	TRUE	retained
AK2P2	TRUE	TRUE	retained
AK3	TRUE	TRUE	retained
AK3P2	TRUE	TRUE	retained
AK3P5	TRUE	TRUE	retained
AK4P1	TRUE	TRUE	retained
AK4P3	TRUE	TRUE	retained
AK6	TRUE	TRUE	retained
AK6P1	TRUE	TRUE	retained
AK6P2	TRUE	TRUE	retained
AK9	TRUE	TRUE	retained
AKAP1	TRUE	TRUE	retained
AKAP10	TRUE	TRUE	retained
AKAP11	TRUE	TRUE	retained
AKAP12	TRUE	TRUE	retained
AKAP13	TRUE	TRUE	retained
AKAP17A	TRUE	TRUE	retained
AKAP5	TRUE	TRUE	retained
AKAP6	TRUE	TRUE	retained
AKAP7	TRUE	TRUE	retained
AKAP8	TRUE	TRUE	retained
AKAP8L	TRUE	TRUE	retained
AKAP9	TRUE	TRUE	retained
AKIP1	TRUE	TRUE	retained
AKIRIN1	TRUE	TRUE	retained
AKIRIN1P2	TRUE	TRUE	retained
AKIRIN2	TRUE	TRUE	retained
AKIRIN2P1	TRUE	TRUE	retained
AKNA	TRUE	TRUE	retained
AKNAD1	TRUE	TRUE	retained
AKR1A1	TRUE	TRUE	retained
AKR1B1	TRUE	TRUE	retained
AKR1B15	TRUE	TRUE	retained
AKR1B1P1	TRUE	TRUE	retained
AKR1B1P2	TRUE	TRUE	retained
AKR1B1P3	TRUE	TRUE	retained
AKR1B1P7	TRUE	TRUE	retained
AKR1C1	TRUE	TRUE	retained
AKR1C2	TRUE	TRUE	retained
AKR1C3	TRUE	TRUE	retained
AKR1E2	TRUE	TRUE	retained
AKR7A2	TRUE	TRUE	retained
AKR7A2P1	TRUE	TRUE	retained
AKR7A2P2	TRUE	TRUE	retained
AKR7A3	TRUE	TRUE	retained
AKR7L	TRUE	TRUE	retained
AKT1	TRUE	TRUE	retained
AKT1S1	TRUE	TRUE	retained
AKT2	TRUE	TRUE	retained
AKT3	TRUE	TRUE	retained
AKTIP	TRUE	TRUE	retained
ALAD	TRUE	TRUE	retained
ALAS1	TRUE	TRUE	retained
ALAS2	TRUE	TRUE	retained
ALB	TRUE	TRUE	retained
ALCAM	TRUE	TRUE	retained
ALDH16A1	TRUE	TRUE	retained
ALDH18A1	TRUE	TRUE	retained
ALDH1A1	TRUE	TRUE	retained
ALDH1A3	TRUE	TRUE	retained
ALDH1B1	TRUE	TRUE	retained
ALDH1L1	TRUE	TRUE	retained
ALDH1L2	TRUE	TRUE	retained
ALDH2	TRUE	TRUE	retained
ALDH3A2	TRUE	TRUE	retained
ALDH3B1	TRUE	TRUE	retained
ALDH3B2	TRUE	TRUE	retained
ALDH4A1	TRUE	TRUE	retained
ALDH5A1	TRUE	TRUE	retained
ALDH6A1	TRUE	TRUE	retained
ALDH7A1	TRUE	TRUE	retained
ALDH7A1P1	TRUE	TRUE	retained
ALDH8A1	TRUE	TRUE	retained
ALDH9A1	TRUE	TRUE	retained
ALDOA	TRUE	TRUE	retained
ALDOAP1	TRUE	TRUE	retained
ALDOAP2	TRUE	TRUE	retained
ALDOB	TRUE	TRUE	retained
ALDOC	TRUE	TRUE	retained
ALG1	TRUE	TRUE	retained
ALG10	TRUE	TRUE	retained
ALG10B	TRUE	TRUE	retained
ALG11	TRUE	TRUE	retained
ALG12	TRUE	TRUE	retained
ALG13	TRUE	TRUE	retained
ALG14	TRUE	TRUE	retained
ALG1L15P	TRUE	TRUE	retained
ALG1L6P	TRUE	TRUE	retained
ALG2	TRUE	TRUE	retained
ALG3	TRUE	TRUE	retained
ALG3P1	TRUE	TRUE	retained
ALG5	TRUE	TRUE	retained
ALG6	TRUE	TRUE	retained
ALG8	TRUE	TRUE	retained
ALG9	TRUE	TRUE	retained
ALK	TRUE	TRUE	retained
ALKBH1	TRUE	TRUE	retained
ALKBH2	TRUE	TRUE	retained
ALKBH3	TRUE	TRUE	retained
ALKBH4	TRUE	TRUE	retained
ALKBH5	TRUE	TRUE	retained
ALKBH6	TRUE	TRUE	retained
ALKBH7	TRUE	TRUE	retained
ALKBH8	TRUE	TRUE	retained
ALMS1	TRUE	TRUE	retained
ALOX12	TRUE	TRUE	retained
ALOX12-AS1	TRUE	TRUE	retained
ALOX5	TRUE	TRUE	retained
ALOX5AP	TRUE	TRUE	retained
ALPG	TRUE	TRUE	retained
ALPK1	TRUE	TRUE	retained
ALPK2	TRUE	TRUE	retained
ALPK3	TRUE	TRUE	retained
ALPL	TRUE	TRUE	retained
ALPP	TRUE	TRUE	retained
ALS2	TRUE	TRUE	retained
ALS2CL	TRUE	TRUE	retained
ALYREF	TRUE	TRUE	retained
AMACR	TRUE	TRUE	retained
AMBP	TRUE	TRUE	retained
AMBRA1	TRUE	TRUE	retained
AMD1	TRUE	TRUE	retained
AMD1P2	TRUE	TRUE	retained
AMD1P3	TRUE	TRUE	retained
AMDHD1	TRUE	TRUE	retained
AMDHD2	TRUE	TRUE	retained
AMER1	TRUE	TRUE	retained
AMFR	TRUE	TRUE	retained
AMH	TRUE	TRUE	retained
AMIGO1	TRUE	TRUE	retained
AMIGO2	TRUE	TRUE	retained
AMMECR1	TRUE	TRUE	retained
AMMECR1L	TRUE	TRUE	retained
AMN	TRUE	TRUE	retained
AMN1	TRUE	TRUE	retained
AMOT	TRUE	TRUE	retained
AMOTL1	TRUE	TRUE	retained
AMOTL2	TRUE	TRUE	retained
AMPD2	TRUE	TRUE	retained
AMPD3	TRUE	TRUE	retained
AMPH	TRUE	TRUE	retained
AMT	TRUE	TRUE	retained
AMY2B	TRUE	TRUE	retained
AMZ1	TRUE	TRUE	retained
AMZ2	TRUE	TRUE	retained
ANAPC1	TRUE	TRUE	retained
ANAPC10	TRUE	TRUE	retained
ANAPC10P1	TRUE	TRUE	retained
ANAPC11	TRUE	TRUE	retained
ANAPC13	TRUE	TRUE	retained
ANAPC15	TRUE	TRUE	retained
ANAPC15P1	TRUE	TRUE	retained
ANAPC16	TRUE	TRUE	retained
ANAPC1P1	TRUE	TRUE	retained
ANAPC1P3	TRUE	TRUE	retained
ANAPC1P5	TRUE	TRUE	retained
ANAPC1P6	TRUE	TRUE	retained
ANAPC2	TRUE	TRUE	retained
ANAPC4	TRUE	TRUE	retained
ANAPC5	TRUE	TRUE	retained
ANAPC7	TRUE	TRUE	retained
ANG	TRUE	TRUE	retained
ANGEL1	TRUE	TRUE	retained
ANGEL2	TRUE	TRUE	retained
ANGPT1	TRUE	TRUE	retained
ANGPT2	TRUE	TRUE	retained
ANGPT4	TRUE	TRUE	retained
ANGPTL1	TRUE	TRUE	retained
ANGPTL2	TRUE	TRUE	retained
ANGPTL3	TRUE	TRUE	retained
ANGPTL4	TRUE	TRUE	retained
ANGPTL6	TRUE	TRUE	retained
ANGPTL7	TRUE	TRUE	retained
ANGPTL8	TRUE	TRUE	retained
ANK1	TRUE	TRUE	retained
ANK2	TRUE	TRUE	retained
ANK3	TRUE	TRUE	retained
ANKAR	TRUE	TRUE	retained
ANKDD1A	TRUE	TRUE	retained
ANKDD1B	TRUE	TRUE	retained
ANKEF1	TRUE	TRUE	retained
ANKFN1	TRUE	TRUE	retained
ANKFY1	TRUE	TRUE	retained
ANKH	TRUE	TRUE	retained
ANKHD1	TRUE	TRUE	retained
ANKHD1-EIF4EBP3	TRUE	TRUE	retained
ANKIB1	TRUE	TRUE	retained
ANKK1	TRUE	TRUE	retained
ANKLE1	TRUE	TRUE	retained
ANKLE2	TRUE	TRUE	retained
ANKMY1	TRUE	TRUE	retained
ANKMY2	TRUE	TRUE	retained
ANKRA2	TRUE	TRUE	retained
ANKRD10	TRUE	TRUE	retained
ANKRD11	TRUE	TRUE	retained
ANKRD11P2	TRUE	TRUE	retained
ANKRD12	TRUE	TRUE	retained
ANKRD13A	TRUE	TRUE	retained
ANKRD13B	TRUE	TRUE	retained
ANKRD13C	TRUE	TRUE	retained
ANKRD13D	TRUE	TRUE	retained
ANKRD16	TRUE	TRUE	retained
ANKRD17	TRUE	TRUE	retained
ANKRD18A	TRUE	TRUE	retained
ANKRD20A1	TRUE	TRUE	retained
ANKRD20A4P	TRUE	TRUE	retained
ANKRD20A5P	TRUE	TRUE	retained
ANKRD24	TRUE	TRUE	retained
ANKRD26	TRUE	TRUE	retained
ANKRD27	TRUE	TRUE	retained
ANKRD28	TRUE	TRUE	retained
ANKRD30A	TRUE	TRUE	retained
ANKRD33	TRUE	TRUE	retained
ANKRD33B	TRUE	TRUE	retained
ANKRD35	TRUE	TRUE	retained
ANKRD36	TRUE	TRUE	retained
ANKRD36B	TRUE	TRUE	retained
ANKRD36BP2	TRUE	TRUE	retained
ANKRD36C	TRUE	TRUE	retained
ANKRD37	TRUE	TRUE	retained
ANKRD39	TRUE	TRUE	retained
ANKRD40	TRUE	TRUE	retained
ANKRD42	TRUE	TRUE	retained
ANKRD44	TRUE	TRUE	retained
ANKRD46	TRUE	TRUE	retained
ANKRD49	TRUE	TRUE	retained
ANKRD50	TRUE	TRUE	retained
ANKRD52	TRUE	TRUE	retained
ANKRD53	TRUE	TRUE	retained
ANKRD54	TRUE	TRUE	retained
ANKRD55	TRUE	TRUE	retained
ANKRD6	TRUE	TRUE	retained
ANKRD61	TRUE	TRUE	retained
ANKRD65	TRUE	TRUE	retained
ANKRD9	TRUE	TRUE	retained
ANKS1A	TRUE	TRUE	retained
ANKS1B	TRUE	TRUE	retained
ANKS3	TRUE	TRUE	retained
ANKS6	TRUE	TRUE	retained
ANKZF1	TRUE	TRUE	retained
ANLN	TRUE	TRUE	retained
ANO1	TRUE	TRUE	retained
ANO10	TRUE	TRUE	retained
ANO2	TRUE	TRUE	retained
ANO6	TRUE	TRUE	retained
ANO7	TRUE	TRUE	retained
ANO8	TRUE	TRUE	retained
ANO9	TRUE	TRUE	retained
ANOS1	TRUE	TRUE	retained
ANP32A	TRUE	TRUE	retained
ANP32AP1	TRUE	TRUE	retained
ANP32B	TRUE	TRUE	retained
ANP32BP1	TRUE	TRUE	retained
ANP32BP3	TRUE	TRUE	retained
ANP32C	TRUE	TRUE	retained
ANP32D	TRUE	TRUE	retained
ANP32E	TRUE	TRUE	retained
ANPEP	TRUE	TRUE	retained
ANTKMT	TRUE	TRUE	retained
ANTXR1	TRUE	TRUE	retained
ANTXR2	TRUE	TRUE	retained
ANXA1	TRUE	TRUE	retained
ANXA11	TRUE	TRUE	retained
ANXA2	TRUE	TRUE	retained
ANXA2P1	TRUE	TRUE	retained
ANXA2P2	TRUE	TRUE	retained
ANXA2P3	TRUE	TRUE	retained
ANXA2R	TRUE	TRUE	retained
ANXA3	TRUE	TRUE	retained
ANXA4	TRUE	TRUE	retained
ANXA5	TRUE	TRUE	retained
ANXA6	TRUE	TRUE	retained
ANXA7	TRUE	TRUE	retained
ANXA8	TRUE	TRUE	retained
ANXA8L1	TRUE	TRUE	retained
ANXA9	TRUE	TRUE	retained
AOAH	TRUE	TRUE	retained
AOC1	TRUE	TRUE	retained
AOC2	TRUE	TRUE	retained
AOC3	TRUE	TRUE	retained
AOC4P	TRUE	TRUE	retained
AOPEP	TRUE	TRUE	retained
AOX1	TRUE	TRUE	retained
AP1AR	TRUE	TRUE	retained
AP1B1	TRUE	TRUE	retained
AP1G1	TRUE	TRUE	retained
AP1G2	TRUE	TRUE	retained
AP1M1	TRUE	TRUE	retained
AP1M2	TRUE	TRUE	retained
AP1S1	TRUE	TRUE	retained
AP1S2	TRUE	TRUE	retained
AP1S3	TRUE	TRUE	retained
AP2A1	TRUE	TRUE	retained
AP2A2	TRUE	TRUE	retained
AP2B1	TRUE	TRUE	retained
AP2B1P1	TRUE	TRUE	retained
AP2M1	TRUE	TRUE	retained
AP2S1	TRUE	TRUE	retained
AP3B1	TRUE	TRUE	retained
AP3B2	TRUE	TRUE	retained
AP3D1	TRUE	TRUE	retained
AP3M1	TRUE	TRUE	retained
AP3M2	TRUE	TRUE	retained
AP3S1	TRUE	TRUE	retained
AP3S2	TRUE	TRUE	retained
AP4B1	TRUE	TRUE	retained
AP4E1	TRUE	TRUE	retained
AP4M1	TRUE	TRUE	retained
AP4S1	TRUE	TRUE	retained
AP5B1	TRUE	TRUE	retained
AP5M1	TRUE	TRUE	retained
AP5S1	TRUE	TRUE	retained
AP5Z1	TRUE	TRUE	retained
APAF1	TRUE	TRUE	retained
APBA1	TRUE	TRUE	retained
APBA2	TRUE	TRUE	retained
APBA3	TRUE	TRUE	retained
APBB1	TRUE	TRUE	retained
APBB1IP	TRUE	TRUE	retained
APBB2	TRUE	TRUE	retained
APBB3	TRUE	TRUE	retained
APC	TRUE	TRUE	retained
APC2	TRUE	TRUE	retained
APCDD1	TRUE	TRUE	retained
APEH	TRUE	TRUE	retained
APEX1	TRUE	TRUE	retained
APEX2	TRUE	TRUE	retained
APH1A	TRUE	TRUE	retained
APH1B	TRUE	TRUE	retained
API5	TRUE	TRUE	retained
API5P1	TRUE	TRUE	retained
API5P2	TRUE	TRUE	retained
APIP	TRUE	TRUE	retained
APLF	TRUE	TRUE	retained
APLN	TRUE	TRUE	retained
APLNR	TRUE	TRUE	retained
APLP1	TRUE	TRUE	retained
APLP2	TRUE	TRUE	retained
APMAP	TRUE	TRUE	retained
APOA1	TRUE	TRUE	retained
APOA2	TRUE	TRUE	retained
APOB	TRUE	TRUE	retained
APOBEC3B	TRUE	TRUE	retained
APOBEC3C	TRUE	TRUE	retained
APOBEC3F	TRUE	TRUE	retained
APOBEC3G	TRUE	TRUE	retained
APOBR	TRUE	TRUE	retained
APOC1	TRUE	TRUE	retained
APOD	TRUE	TRUE	retained
APOE	TRUE	TRUE	retained
APOL1	TRUE	TRUE	retained
APOL2	TRUE	TRUE	retained
APOL3	TRUE	TRUE	retained
APOL4	TRUE	TRUE	retained
APOL6	TRUE	TRUE	retained
APOLD1	TRUE	TRUE	retained
APOM	TRUE	TRUE	retained
APOO	TRUE	TRUE	retained
APOOL	TRUE	TRUE	retained
APOOP5	TRUE	TRUE	retained
APP	TRUE	TRUE	retained
APPBP2	TRUE	TRUE	retained
APPL1	TRUE	TRUE	retained
APPL2	TRUE	TRUE	retained
APRT	TRUE	TRUE	retained
APTX	TRUE	TRUE	retained
AQP1	TRUE	TRUE	retained
AQP11	TRUE	TRUE	retained
AQP3	TRUE	TRUE	retained
AQR	TRUE	TRUE	retained
AR	TRUE	TRUE	retained
ARAF	TRUE	TRUE	retained
ARAP1	TRUE	TRUE	retained
ARAP2	TRUE	TRUE	retained
ARAP3	TRUE	TRUE	retained
ARCN1	TRUE	TRUE	retained
AREG	TRUE	TRUE	retained
AREL1	TRUE	TRUE	retained
ARF1	TRUE	TRUE	retained
ARF1P2	TRUE	TRUE	retained
ARF3	TRUE	TRUE	retained
ARF4	TRUE	TRUE	retained
ARF4P1	TRUE	TRUE	retained
ARF5	TRUE	TRUE	retained
ARF6	TRUE	TRUE	retained
ARFGAP1	TRUE	TRUE	retained
ARFGAP2	TRUE	TRUE	retained
ARFGAP3	TRUE	TRUE	retained
ARFGEF1	TRUE	TRUE	retained
ARFGEF2	TRUE	TRUE	retained
ARFGEF3	TRUE	TRUE	retained
ARFIP1	TRUE	TRUE	retained
ARFIP2	TRUE	TRUE	retained
ARFRP1	TRUE	TRUE	retained
ARG1	TRUE	TRUE	retained
ARG2	TRUE	TRUE	retained
ARGLU1	TRUE	TRUE	retained
ARHGAP1	TRUE	TRUE	retained
ARHGAP10	TRUE	TRUE	retained
ARHGAP11A	TRUE	TRUE	retained
ARHGAP12	TRUE	TRUE	retained
ARHGAP15	TRUE	TRUE	retained
ARHGAP17	TRUE	TRUE	retained
ARHGAP18	TRUE	TRUE	retained
ARHGAP20	TRUE	TRUE	retained
ARHGAP21	TRUE	TRUE	retained
ARHGAP22	TRUE	TRUE	retained
ARHGAP23	TRUE	TRUE	retained
ARHGAP23P1	TRUE	TRUE	retained
ARHGAP24	TRUE	TRUE	retained
ARHGAP25	TRUE	TRUE	retained
ARHGAP26	TRUE	TRUE	retained
ARHGAP27	TRUE	TRUE	retained
ARHGAP27P1-BPTFP1-KPNA2P3	TRUE	TRUE	retained
ARHGAP28	TRUE	TRUE	retained
ARHGAP29	TRUE	TRUE	retained
ARHGAP30	TRUE	TRUE	retained
ARHGAP31	TRUE	TRUE	retained
ARHGAP32	TRUE	TRUE	retained
ARHGAP33	TRUE	TRUE	retained
ARHGAP35	TRUE	TRUE	retained
ARHGAP39	TRUE	TRUE	retained
ARHGAP4	TRUE	TRUE	retained
ARHGAP42	TRUE	TRUE	retained
ARHGAP42P1	TRUE	TRUE	retained
ARHGAP42P2	TRUE	TRUE	retained
ARHGAP42P3	TRUE	TRUE	retained
ARHGAP42P4	TRUE	TRUE	retained
ARHGAP42P5	TRUE	TRUE	retained
ARHGAP44	TRUE	TRUE	retained
ARHGAP45	TRUE	TRUE	retained
ARHGAP5	TRUE	TRUE	retained
ARHGAP6	TRUE	TRUE	retained
ARHGAP8	TRUE	TRUE	retained
ARHGAP9	TRUE	TRUE	retained
ARHGDIA	TRUE	TRUE	retained
ARHGDIB	TRUE	TRUE	retained
ARHGDIG	TRUE	TRUE	retained
ARHGEF1	TRUE	TRUE	retained
ARHGEF10	TRUE	TRUE	retained
ARHGEF10L	TRUE	TRUE	retained
ARHGEF11	TRUE	TRUE	retained
ARHGEF12	TRUE	TRUE	retained
ARHGEF15	TRUE	TRUE	retained
ARHGEF16	TRUE	TRUE	retained
ARHGEF17	TRUE	TRUE	retained
ARHGEF18	TRUE	TRUE	retained
ARHGEF19	TRUE	TRUE	retained
ARHGEF2	TRUE	TRUE	retained
ARHGEF25	TRUE	TRUE	retained
ARHGEF26	TRUE	TRUE	retained
ARHGEF28	TRUE	TRUE	retained
ARHGEF3	TRUE	TRUE	retained
ARHGEF33	TRUE	TRUE	retained
ARHGEF34P	TRUE	TRUE	retained
ARHGEF35	TRUE	TRUE	retained
ARHGEF37	TRUE	TRUE	retained
ARHGEF39	TRUE	TRUE	retained
ARHGEF4	TRUE	TRUE	retained
ARHGEF40	TRUE	TRUE	retained
ARHGEF5	TRUE	TRUE	retained
ARHGEF6	TRUE	TRUE	retained
ARHGEF7	TRUE	TRUE	retained
ARHGEF9	TRUE	TRUE	retained
ARID1A	TRUE	TRUE	retained
ARID1B	TRUE	TRUE	retained
ARID2	TRUE	TRUE	retained
ARID3A	TRUE	TRUE	retained
ARID3B	TRUE	TRUE	retained
ARID3BP1	TRUE	TRUE	retained
ARID4A	TRUE	TRUE	retained
ARID4B	TRUE	TRUE	retained
ARID5A	TRUE	TRUE	retained
ARID5B	TRUE	TRUE	retained
ARIH1	TRUE	TRUE	retained
ARIH2	TRUE	TRUE	retained
ARIH2P1	TRUE	TRUE	retained
ARL1	TRUE	TRUE	retained
ARL10	TRUE	TRUE	retained
ARL11	TRUE	TRUE	retained
ARL13B	TRUE	TRUE	retained
ARL14EP	TRUE	TRUE	retained
ARL15	TRUE	TRUE	retained
ARL16	TRUE	TRUE	retained
ARL17A	TRUE	TRUE	retained
ARL17B	TRUE	TRUE	retained
ARL2	TRUE	TRUE	retained
ARL2BP	TRUE	TRUE	retained
ARL3	TRUE	TRUE	retained
ARL4A	TRUE	TRUE	retained
ARL4AP5	TRUE	TRUE	retained
ARL4C	TRUE	TRUE	retained
ARL4D	TRUE	TRUE	retained
ARL5A	TRUE	TRUE	retained
ARL5AP2	TRUE	TRUE	retained
ARL5AP4	TRUE	TRUE	retained
ARL5AP5	TRUE	TRUE	retained
ARL5B	TRUE	TRUE	retained
ARL6	TRUE	TRUE	retained
ARL6IP1	TRUE	TRUE	retained
ARL6IP1P2	TRUE	TRUE	retained
ARL6IP1P3	TRUE	TRUE	retained
ARL6IP5	TRUE	TRUE	retained
ARL6IP6	TRUE	TRUE	retained
ARL8A	TRUE	TRUE	retained
ARL8B	TRUE	TRUE	retained
ARMC1	TRUE	TRUE	retained
ARMC10	TRUE	TRUE	retained
ARMC10P1	TRUE	TRUE	retained
ARMC2	TRUE	TRUE	retained
ARMC5	TRUE	TRUE	retained
ARMC6	TRUE	TRUE	retained
ARMC7	TRUE	TRUE	retained
ARMC8	TRUE	TRUE	retained
ARMC8P1	TRUE	TRUE	retained
ARMC9	TRUE	TRUE	retained
ARMCX1	TRUE	TRUE	retained
ARMCX2	TRUE	TRUE	retained
ARMCX3	TRUE	TRUE	retained
ARMCX4	TRUE	TRUE	retained
ARMCX5	TRUE	TRUE	retained
ARMCX6	TRUE	TRUE	retained
ARMH1	TRUE	TRUE	retained
ARMH3	TRUE	TRUE	retained
ARMH4	TRUE	TRUE	retained
ARMT1	TRUE	TRUE	retained
ARNT	TRUE	TRUE	retained
ARNT2	TRUE	TRUE	retained
ARNTL	TRUE	TRUE	retained
ARNTL2	TRUE	TRUE	retained
ARPC1A	TRUE	TRUE	retained
ARPC1B	TRUE	TRUE	retained
ARPC2	TRUE	TRUE	retained
ARPC3	TRUE	TRUE	retained
ARPC3P1	TRUE	TRUE	retained
ARPC3P2	TRUE	TRUE	retained
ARPC3P3	TRUE	TRUE	retained
ARPC3P5	TRUE	TRUE	retained
ARPC4	TRUE	TRUE	retained
ARPC4-TTLL3	TRUE	TRUE	retained
ARPC5	TRUE	TRUE	retained
ARPC5L	TRUE	TRUE	retained
ARPIN	TRUE	TRUE	retained
ARPP19	TRUE	TRUE	retained
ARPP19P1	TRUE	TRUE	retained
ARPP19P2	TRUE	TRUE	retained
ARR3	TRUE	TRUE	retained
ARRB1	TRUE	TRUE	retained
ARRB2	TRUE	TRUE	retained
ARRDC1	TRUE	TRUE	retained
ARRDC1-AS1	TRUE	TRUE	retained
ARRDC2	TRUE	TRUE	retained
ARRDC3	TRUE	TRUE	retained
ARRDC4	TRUE	TRUE	retained
ARSA	TRUE	TRUE	retained
ARSB	TRUE	TRUE	retained
ARSD	TRUE	TRUE	retained
ARSG	TRUE	TRUE	retained
ARSI	TRUE	TRUE	retained
ARSJ	TRUE	TRUE	retained
ARSK	TRUE	TRUE	retained
ARSL	TRUE	TRUE	retained
ART4	TRUE	TRUE	retained
ARV1	TRUE	TRUE	retained
ARVCF	TRUE	TRUE	retained
ASAH1	TRUE	TRUE	retained
ASAH2	TRUE	TRUE	retained
ASAH2B	TRUE	TRUE	retained
ASAP1	TRUE	TRUE	retained
ASAP2	TRUE	TRUE	retained
ASAP3	TRUE	TRUE	retained
ASB1	TRUE	TRUE	retained
ASB13	TRUE	TRUE	retained
ASB14	TRUE	TRUE	retained
ASB16	TRUE	TRUE	retained
ASB16-AS1	TRUE	TRUE	retained
ASB2	TRUE	TRUE	retained
ASB3	TRUE	TRUE	retained
ASB4	TRUE	TRUE	retained
ASB6	TRUE	TRUE	retained
ASB7	TRUE	TRUE	retained
ASB8	TRUE	TRUE	retained
ASB9P1	TRUE	TRUE	retained
ASCC1	TRUE	TRUE	retained
ASCC2	TRUE	TRUE	retained
ASCC3	TRUE	TRUE	retained
ASCL2	TRUE	TRUE	retained
ASF1A	TRUE	TRUE	retained
ASF1B	TRUE	TRUE	retained
ASGR1	TRUE	TRUE	retained
ASH1L	TRUE	TRUE	retained
ASH1L-AS1	TRUE	TRUE	retained
ASH2L	TRUE	TRUE	retained
ASIC1	TRUE	TRUE	retained
ASIC3	TRUE	TRUE	retained
ASIC4	TRUE	TRUE	retained
ASL	TRUE	TRUE	retained
ASMTL	TRUE	TRUE	retained
ASMTL-AS1	TRUE	TRUE	retained
ASNSD1	TRUE	TRUE	retained
ASPA	TRUE	TRUE	retained
ASPG	TRUE	TRUE	retained
ASPH	TRUE	TRUE	retained
ASPHD2	TRUE	TRUE	retained
ASPM	TRUE	TRUE	retained
ASPN	TRUE	TRUE	retained
ASPSCR1	TRUE	TRUE	retained
ASRGL1	TRUE	TRUE	retained
ASS1	TRUE	TRUE	retained
ASS1P1	TRUE	TRUE	retained
ASS1P10	TRUE	TRUE	retained
ASS1P11	TRUE	TRUE	retained
ASS1P13	TRUE	TRUE	retained
ASS1P14	TRUE	TRUE	retained
ASS1P3	TRUE	TRUE	retained
ASS1P5	TRUE	TRUE	retained
ASS1P7	TRUE	TRUE	retained
ASS1P9	TRUE	TRUE	retained
ASTE1	TRUE	TRUE	retained
ASTN1	TRUE	TRUE	retained
ASTN2	TRUE	TRUE	retained
ASXL1	TRUE	TRUE	retained
ASXL2	TRUE	TRUE	retained
ASXL3	TRUE	TRUE	retained
ATAD1	TRUE	TRUE	retained
ATAD2	TRUE	TRUE	retained
ATAD2B	TRUE	TRUE	retained
ATAD3A	TRUE	TRUE	retained
ATAD3B	TRUE	TRUE	retained
ATAD3C	TRUE	TRUE	retained
ATAD5	TRUE	TRUE	retained
ATAT1	TRUE	TRUE	retained
ATCAY	TRUE	TRUE	retained
ATE1	TRUE	TRUE	retained
ATF1	TRUE	TRUE	retained
ATF2	TRUE	TRUE	retained
ATF3	TRUE	TRUE	retained
ATF4	TRUE	TRUE	retained
ATF4P3	TRUE	TRUE	retained
ATF4P4	TRUE	TRUE	retained
ATF5	TRUE	TRUE	retained
ATF6	TRUE	TRUE	retained
ATF6B	TRUE	TRUE	retained
ATF7	TRUE	TRUE	retained
ATF7IP	TRUE	TRUE	retained
ATF7IP2	TRUE	TRUE	retained
ATG10	TRUE	TRUE	retained
ATG101	TRUE	TRUE	retained
ATG12	TRUE	TRUE	retained
ATG12P1	TRUE	TRUE	retained
ATG13	TRUE	TRUE	retained
ATG14	TRUE	TRUE	retained
ATG16L1	TRUE	TRUE	retained
ATG16L2	TRUE	TRUE	retained
ATG2A	TRUE	TRUE	retained
ATG2B	TRUE	TRUE	retained
ATG3	TRUE	TRUE	retained
ATG4A	TRUE	TRUE	retained
ATG4B	TRUE	TRUE	retained
ATG4C	TRUE	TRUE	retained
ATG4D	TRUE	TRUE	retained
ATG5	TRUE	TRUE	retained
ATG7	TRUE	TRUE	retained
ATG9A	TRUE	TRUE	retained
ATG9B	TRUE	TRUE	retained
ATIC	TRUE	TRUE	retained
ATL1	TRUE	TRUE	retained
ATL2	TRUE	TRUE	retained
ATL3	TRUE	TRUE	retained
ATM	TRUE	TRUE	retained
ATMIN	TRUE	TRUE	retained
ATN1	TRUE	TRUE	retained
ATOH8	TRUE	TRUE	retained
ATOX1	TRUE	TRUE	retained
ATP10A	TRUE	TRUE	retained
ATP10D	TRUE	TRUE	retained
ATP11A	TRUE	TRUE	retained
ATP11B	TRUE	TRUE	retained
ATP11C	TRUE	TRUE	retained
ATP12A	TRUE	TRUE	retained
ATP13A1	TRUE	TRUE	retained
ATP13A2	TRUE	TRUE	retained
ATP13A3	TRUE	TRUE	retained
ATP13A4	TRUE	TRUE	retained
ATP1A1	TRUE	TRUE	retained
ATP1A1-AS1	TRUE	TRUE	retained
ATP1A2	TRUE	TRUE	retained
ATP1A4	TRUE	TRUE	retained
ATP1B1	TRUE	TRUE	retained
ATP1B1P1	TRUE	TRUE	retained
ATP1B2	TRUE	TRUE	retained
ATP1B3	TRUE	TRUE	retained
ATP1B3P1	TRUE	TRUE	retained
ATP23	TRUE	TRUE	retained
ATP2A1	TRUE	TRUE	retained
ATP2A2	TRUE	TRUE	retained
ATP2A3	TRUE	TRUE	retained
ATP2B1	TRUE	TRUE	retained
ATP2B2	TRUE	TRUE	retained
ATP2B3	TRUE	TRUE	retained
ATP2B4	TRUE	TRUE	retained
ATP2C1	TRUE	TRUE	retained
ATP2C2	TRUE	TRUE	retained
ATP5F1A	TRUE	TRUE	retained
ATP5F1AP1	TRUE	TRUE	retained
ATP5F1AP10	TRUE	TRUE	retained
ATP5F1AP2	TRUE	TRUE	retained
ATP5F1AP3	TRUE	TRUE	retained
ATP5F1AP7	TRUE	TRUE	retained
ATP5F1AP8	TRUE	TRUE	retained
ATP5F1B	TRUE	TRUE	retained
ATP5F1BP1	TRUE	TRUE	retained
ATP5F1C	TRUE	TRUE	retained
ATP5F1CP1	TRUE	TRUE	retained
ATP5F1D	TRUE	TRUE	retained
ATP5F1E	TRUE	TRUE	retained
ATP5F1EP2	TRUE	TRUE	retained
ATP5IF1	TRUE	TRUE	retained
ATP5MC1	TRUE	TRUE	retained
ATP5MC1P2	TRUE	TRUE	retained
ATP5MC1P7	TRUE	TRUE	retained
ATP5MC2	TRUE	TRUE	retained
ATP5MC2P1	TRUE	TRUE	retained
ATP5MC2P3	TRUE	TRUE	retained
ATP5MC2P4	TRUE	TRUE	retained
ATP5MC3	TRUE	TRUE	retained
ATP5MDP1	TRUE	TRUE	retained
ATP5ME	TRUE	TRUE	retained
ATP5MF	TRUE	TRUE	retained
ATP5MFP2	TRUE	TRUE	retained
ATP5MFP5	TRUE	TRUE	retained
ATP5MG	TRUE	TRUE	retained
ATP5MGL	TRUE	TRUE	retained
ATP5MGP2	TRUE	TRUE	retained
ATP5MGP3	TRUE	TRUE	retained
ATP5MJ	TRUE	TRUE	retained
ATP5MK	TRUE	TRUE	retained
ATP5PB	TRUE	TRUE	retained
ATP5PBP3	TRUE	TRUE	retained
ATP5PBP6	TRUE	TRUE	retained
ATP5PBP7	TRUE	TRUE	retained
ATP5PD	TRUE	TRUE	retained
ATP5PDP1	TRUE	TRUE	retained
ATP5PDP2	TRUE	TRUE	retained
ATP5PDP3	TRUE	TRUE	retained
ATP5PDP4	TRUE	TRUE	retained
ATP5PF	TRUE	TRUE	retained
ATP5PFP1	TRUE	TRUE	retained
ATP5PO	TRUE	TRUE	retained
ATP5POP1	TRUE	TRUE	retained
ATP6AP1	TRUE	TRUE	retained
ATP6AP1L	TRUE	TRUE	retained
ATP6AP2	TRUE	TRUE	retained
ATP6V0A1	TRUE	TRUE	retained
ATP6V0A2	TRUE	TRUE	retained
ATP6V0A4	TRUE	TRUE	retained
ATP6V0B	TRUE	TRUE	retained
ATP6V0C	TRUE	TRUE	retained
ATP6V0CP3	TRUE	TRUE	retained
ATP6V0CP4	TRUE	TRUE	retained
ATP6V0D1	TRUE	TRUE	retained
ATP6V0E1	TRUE	TRUE	retained
ATP6V0E1P2	TRUE	TRUE	retained
ATP6V0E2	TRUE	TRUE	retained
ATP6V1A	TRUE	TRUE	retained
ATP6V1B1	TRUE	TRUE	retained
ATP6V1B2	TRUE	TRUE	retained
ATP6V1C1	TRUE	TRUE	retained
ATP6V1C2	TRUE	TRUE	retained
ATP6V1D	TRUE	TRUE	retained
ATP6V1E1	TRUE	TRUE	retained
ATP6V1E1P1	TRUE	TRUE	retained
ATP6V1E1P3	TRUE	TRUE	retained
ATP6V1E2	TRUE	TRUE	retained
ATP6V1F	TRUE	TRUE	retained
ATP6V1G1	TRUE	TRUE	retained
ATP6V1G1P3	TRUE	TRUE	retained
ATP6V1H	TRUE	TRUE	retained
ATP7A	TRUE	TRUE	retained
ATP7B	TRUE	TRUE	retained
ATP7BP1	TRUE	TRUE	retained
ATP8A1	TRUE	TRUE	retained
ATP8A2	TRUE	TRUE	retained
ATP8B1	TRUE	TRUE	retained
ATP8B2	TRUE	TRUE	retained
ATP8B3	TRUE	TRUE	retained
ATP8B4	TRUE	TRUE	retained
ATP9A	TRUE	TRUE	retained
ATP9B	TRUE	TRUE	retained
ATPAF1	TRUE	TRUE	retained
ATPAF2	TRUE	TRUE	retained
ATPSCKMT	TRUE	TRUE	retained
ATR	TRUE	TRUE	retained
ATRAID	TRUE	TRUE	retained
ATRIP	TRUE	TRUE	retained
ATRN	TRUE	TRUE	retained
ATRNL1	TRUE	TRUE	retained
ATRX	TRUE	TRUE	retained
ATXN1	TRUE	TRUE	retained
ATXN10	TRUE	TRUE	retained
ATXN1L	TRUE	TRUE	retained
ATXN2	TRUE	TRUE	retained
ATXN2L	TRUE	TRUE	retained
ATXN3	TRUE	TRUE	retained
ATXN7	TRUE	TRUE	retained
ATXN7L1	TRUE	TRUE	retained
ATXN7L2	TRUE	TRUE	retained
ATXN7L3	TRUE	TRUE	retained
ATXN7L3B	TRUE	TRUE	retained
ATXN7L3P1	TRUE	TRUE	retained
AUH	TRUE	TRUE	retained
AUNIP	TRUE	TRUE	retained
AUP1	TRUE	TRUE	retained
AURKA	TRUE	TRUE	retained
AURKAIP1	TRUE	TRUE	retained
AURKB	TRUE	TRUE	retained
AURKC	TRUE	TRUE	retained
AUTS2	TRUE	TRUE	retained
AVEN	TRUE	TRUE	retained
AVIL	TRUE	TRUE	retained
AVL9	TRUE	TRUE	retained
AVPI1	TRUE	TRUE	retained
AVPR2	TRUE	TRUE	retained
AXIN1	TRUE	TRUE	retained
AXIN2	TRUE	TRUE	retained
AXL	TRUE	TRUE	retained
AZI2	TRUE	TRUE	retained
AZIN1	TRUE	TRUE	retained
AZIN2	TRUE	TRUE	retained
B2M	TRUE	TRUE	retained
B3GALNT1	TRUE	TRUE	retained
B3GALNT2	TRUE	TRUE	retained
B3GALNT2P1	TRUE	TRUE	retained
B3GALT2	TRUE	TRUE	retained
B3GALT4	TRUE	TRUE	retained
B3GALT6	TRUE	TRUE	retained
B3GAT1	TRUE	TRUE	retained
B3GAT3	TRUE	TRUE	retained
B3GAT3P1	TRUE	TRUE	retained
B3GLCT	TRUE	TRUE	retained
B3GNT2	TRUE	TRUE	retained
B3GNT3	TRUE	TRUE	retained
B3GNT4	TRUE	TRUE	retained
B3GNT5	TRUE	TRUE	retained
B3GNT7	TRUE	TRUE	retained
B3GNT8	TRUE	TRUE	retained
B3GNT9	TRUE	TRUE	retained
B3GNTL1	TRUE	TRUE	retained
B4GALNT1	TRUE	TRUE	retained
B4GALNT3	TRUE	TRUE	retained
B4GALNT4	TRUE	TRUE	retained
B4GALT1	TRUE	TRUE	retained
B4GALT2	TRUE	TRUE	retained
B4GALT3	TRUE	TRUE	retained
B4GALT4	TRUE	TRUE	retained
B4GALT5	TRUE	TRUE	retained
B4GALT6	TRUE	TRUE	retained
B4GALT7	TRUE	TRUE	retained
B4GAT1	TRUE	TRUE	retained
B9D1	TRUE	TRUE	retained
B9D2	TRUE	TRUE	retained
BABAM1	TRUE	TRUE	retained
BABAM2	TRUE	TRUE	retained
BACE1	TRUE	TRUE	retained
BACE2	TRUE	TRUE	retained
BACH1	TRUE	TRUE	retained
BACH2	TRUE	TRUE	retained
BAD	TRUE	TRUE	retained
BAG1	TRUE	TRUE	retained
BAG1P1	TRUE	TRUE	retained
BAG2	TRUE	TRUE	retained
BAG3	TRUE	TRUE	retained
BAG4	TRUE	TRUE	retained
BAG5	TRUE	TRUE	retained
BAG6	TRUE	TRUE	retained
BAGE2	TRUE	TRUE	retained
BAHCC1	TRUE	TRUE	retained
BAHD1	TRUE	TRUE	retained
BAIAP2	TRUE	TRUE	retained
BAIAP2-DT	TRUE	TRUE	retained
BAIAP2L1	TRUE	TRUE	retained
BAIAP2L2	TRUE	TRUE	retained
BAIAP3	TRUE	TRUE	retained
BAK1	TRUE	TRUE	retained
BAK1P1	TRUE	TRUE	retained
BAMBI	TRUE	TRUE	retained
BANF1	TRUE	TRUE	retained
BANF1P3	TRUE	TRUE	retained
BANK1	TRUE	TRUE	retained
BANP	TRUE	TRUE	retained
BAP1	TRUE	TRUE	retained
BARD1	TRUE	TRUE	retained
BARX2	TRUE	TRUE	retained
BASP1	TRUE	TRUE	retained
BASP1P1	TRUE	TRUE	retained
BATF	TRUE	TRUE	retained
BATF2	TRUE	TRUE	retained
BATF3	TRUE	TRUE	retained
BAX	TRUE	TRUE	retained
BAZ1A	TRUE	TRUE	retained
BAZ1B	TRUE	TRUE	retained
BAZ2A	TRUE	TRUE	retained
BAZ2B	TRUE	TRUE	retained
BBC3	TRUE	TRUE	retained
BBIP1	TRUE	TRUE	retained
BBOF1	TRUE	TRUE	retained
BBOX1	TRUE	TRUE	retained
BBS1	TRUE	TRUE	retained
BBS10	TRUE	TRUE	retained
BBS12	TRUE	TRUE	retained
BBS2	TRUE	TRUE	retained
BBS4	TRUE	TRUE	retained
BBS5	TRUE	TRUE	retained
BBS7	TRUE	TRUE	retained
BBS9	TRUE	TRUE	retained
BBX	TRUE	TRUE	retained
BCAM	TRUE	TRUE	retained
BCAN	TRUE	TRUE	retained
BCAP31	TRUE	TRUE	retained
BCAP31P1	TRUE	TRUE	retained
BCAR1	TRUE	TRUE	retained
BCAR3	TRUE	TRUE	retained
BCAR4	TRUE	TRUE	retained
BCAS1	TRUE	TRUE	retained
BCAS2	TRUE	TRUE	retained
BCAS2P2	TRUE	TRUE	retained
BCAS3	TRUE	TRUE	retained
BCAS4	TRUE	TRUE	retained
BCAT1	TRUE	TRUE	retained
BCAT2	TRUE	TRUE	retained
BCCIP	TRUE	TRUE	retained
BCDIN3D	TRUE	TRUE	retained
BCKDHB	TRUE	TRUE	retained
BCKDK	TRUE	TRUE	retained
BCL10	TRUE	TRUE	retained
BCL11A	TRUE	TRUE	retained
BCL11B	TRUE	TRUE	retained
BCL2	TRUE	TRUE	retained
BCL2A1	TRUE	TRUE	retained
BCL2L1	TRUE	TRUE	retained
BCL2L11	TRUE	TRUE	retained
BCL2L12	TRUE	TRUE	retained
BCL2L12P1	TRUE	TRUE	retained
BCL2L13	TRUE	TRUE	retained
BCL2L14	TRUE	TRUE	retained
BCL2L2	TRUE	TRUE	retained
BCL3	TRUE	TRUE	retained
BCL6	TRUE	TRUE	retained
BCL6B	TRUE	TRUE	retained
BCL7A	TRUE	TRUE	retained
BCL7B	TRUE	TRUE	retained
BCL7C	TRUE	TRUE	retained
BCL9	TRUE	TRUE	retained
BCL9L	TRUE	TRUE	retained
BCLAF1	TRUE	TRUE	retained
BCLAF1P1	TRUE	TRUE	retained
BCLAF1P2	TRUE	TRUE	retained
BCLAF3	TRUE	TRUE	retained
BCO2	TRUE	TRUE	retained
BCOR	TRUE	TRUE	retained
BCORL1	TRUE	TRUE	retained
BCR	TRUE	TRUE	retained
BCS1L	TRUE	TRUE	retained
BDH1	TRUE	TRUE	retained
BDH2	TRUE	TRUE	retained
BDH2P1	TRUE	TRUE	retained
BDNF	TRUE	TRUE	retained
BDP1	TRUE	TRUE	retained
BDP1P	TRUE	TRUE	retained
BEAN1	TRUE	TRUE	retained
BECN1	TRUE	TRUE	retained
BEGAIN	TRUE	TRUE	retained
BEND3	TRUE	TRUE	retained
BEND5	TRUE	TRUE	retained
BEND6	TRUE	TRUE	retained
BEND7	TRUE	TRUE	retained
BEST1	TRUE	TRUE	retained
BET1	TRUE	TRUE	retained
BET1L	TRUE	TRUE	retained
BEX2	TRUE	TRUE	retained
BEX3	TRUE	TRUE	retained
BEX4	TRUE	TRUE	retained
BFAR	TRUE	TRUE	retained
BFSP1	TRUE	TRUE	retained
BGLAP	TRUE	TRUE	retained
BGN	TRUE	TRUE	retained
BHLHE40	TRUE	TRUE	retained
BHLHE41	TRUE	TRUE	retained
BICC1	TRUE	TRUE	retained
BICD1	TRUE	TRUE	retained
BICD2	TRUE	TRUE	retained
BICDL1	TRUE	TRUE	retained
BICDL2	TRUE	TRUE	retained
BICRA	TRUE	TRUE	retained
BICRAL	TRUE	TRUE	retained
BID	TRUE	TRUE	retained
BIN1	TRUE	TRUE	retained
BIN2	TRUE	TRUE	retained
BIN2P1	TRUE	TRUE	retained
BIN2P2	TRUE	TRUE	retained
BIN3	TRUE	TRUE	retained
BIRC2	TRUE	TRUE	retained
BIRC3	TRUE	TRUE	retained
BIRC5	TRUE	TRUE	retained
BIRC6	TRUE	TRUE	retained
BIRC7	TRUE	TRUE	retained
BIVM	TRUE	TRUE	retained
BLCAP	TRUE	TRUE	retained
BLM	TRUE	TRUE	retained
BLMH	TRUE	TRUE	retained
BLNK	TRUE	TRUE	retained
BLOC1S1	TRUE	TRUE	retained
BLOC1S2	TRUE	TRUE	retained
BLOC1S3	TRUE	TRUE	retained
BLOC1S4	TRUE	TRUE	retained
BLOC1S5	TRUE	TRUE	retained
BLOC1S6	TRUE	TRUE	retained
BLVRA	TRUE	TRUE	retained
BLVRB	TRUE	TRUE	retained
BLZF1	TRUE	TRUE	retained
BLZF2P	TRUE	TRUE	retained
BMERB1	TRUE	TRUE	retained
BMF	TRUE	TRUE	retained
BMI1	TRUE	TRUE	retained
BMP1	TRUE	TRUE	retained
BMP2	TRUE	TRUE	retained
BMP2K	TRUE	TRUE	retained
BMP4	TRUE	TRUE	retained
BMP5	TRUE	TRUE	retained
BMP6	TRUE	TRUE	retained
BMP7	TRUE	TRUE	retained
BMP8A	TRUE	TRUE	retained
BMP8B	TRUE	TRUE	retained
BMPER	TRUE	TRUE	retained
BMPR1A	TRUE	TRUE	retained
BMPR1AP1	TRUE	TRUE	retained
BMPR1AP2	TRUE	TRUE	retained
BMPR1B	TRUE	TRUE	retained
BMPR2	TRUE	TRUE	retained
BMS1	TRUE	TRUE	retained
BMS1P1	TRUE	TRUE	retained
BMS1P10	TRUE	TRUE	retained
BMS1P23	TRUE	TRUE	retained
BMS1P7	TRUE	TRUE	retained
BMS1P8	TRUE	TRUE	retained
BMT2	TRUE	TRUE	retained
BMX	TRUE	TRUE	retained
BNC1	TRUE	TRUE	retained
BNC2	TRUE	TRUE	retained
BNIP1	TRUE	TRUE	retained
BNIP2	TRUE	TRUE	retained
BNIP3	TRUE	TRUE	retained
BNIP3L	TRUE	TRUE	retained
BNIP3P1	TRUE	TRUE	retained
BNIPL	TRUE	TRUE	retained
BOC	TRUE	TRUE	retained
BOD1	TRUE	TRUE	retained
BOD1L1	TRUE	TRUE	retained
BOD1L2	TRUE	TRUE	retained
BOK	TRUE	TRUE	retained
BOLA1	TRUE	TRUE	retained
BOLA2-SMG1P6	TRUE	TRUE	retained
BOLA2B	TRUE	TRUE	retained
BOLA2P1	TRUE	TRUE	retained
BOLA3P3	TRUE	TRUE	retained
BOP1	TRUE	TRUE	retained
BORA	TRUE	TRUE	retained
BORCS5	TRUE	TRUE	retained
BORCS6	TRUE	TRUE	retained
BORCS8	TRUE	TRUE	retained
BPGM	TRUE	TRUE	retained
BPHL	TRUE	TRUE	retained
BPNT1	TRUE	TRUE	retained
BPNT2	TRUE	TRUE	retained
BPTF	TRUE	TRUE	retained
BRAF	TRUE	TRUE	retained
BRAFP1	TRUE	TRUE	retained
BRAP	TRUE	TRUE	retained
BRAT1	TRUE	TRUE	retained
BRCA1	TRUE	TRUE	retained
BRCA2	TRUE	TRUE	retained
BRCC3	TRUE	TRUE	retained
BRCC3P1	TRUE	TRUE	retained
BRD1	TRUE	TRUE	retained
BRD2	TRUE	TRUE	retained
BRD3	TRUE	TRUE	retained
BRD4	TRUE	TRUE	retained
BRD7	TRUE	TRUE	retained
BRD7P2	TRUE	TRUE	retained
BRD7P4	TRUE	TRUE	retained
BRD8	TRUE	TRUE	retained
BRD9	TRUE	TRUE	retained
BRDT	TRUE	TRUE	retained
BRF1	TRUE	TRUE	retained
BRF2	TRUE	TRUE	retained
BRI3	TRUE	TRUE	retained
BRI3BP	TRUE	TRUE	retained
BRI3P1	TRUE	TRUE	retained
BRICD5	TRUE	TRUE	retained
BRIP1	TRUE	TRUE	retained
BRIX1	TRUE	TRUE	retained
BRIX1P1	TRUE	TRUE	retained
BRK1	TRUE	TRUE	retained
BRK1P1	TRUE	TRUE	retained
BRME1	TRUE	TRUE	retained
BRMS1	TRUE	TRUE	retained
BRMS1L	TRUE	TRUE	retained
BROX	TRUE	TRUE	retained
BRPF1	TRUE	TRUE	retained
BRPF3	TRUE	TRUE	retained
BRSK1	TRUE	TRUE	retained
BRSK2	TRUE	TRUE	retained
BRWD1	TRUE	TRUE	retained
BRWD1-AS2	TRUE	TRUE	retained
BRWD1P1	TRUE	TRUE	retained
BRWD1P2	TRUE	TRUE	retained
BRWD3	TRUE	TRUE	retained
BSCL2	TRUE	TRUE	retained
BSDC1	TRUE	TRUE	retained
BSG	TRUE	TRUE	retained
BSN	TRUE	TRUE	retained
BSPRY	TRUE	TRUE	retained
BST1	TRUE	TRUE	retained
BST2	TRUE	TRUE	retained
BTAF1	TRUE	TRUE	retained
BTBD1	TRUE	TRUE	retained
BTBD10	TRUE	TRUE	retained
BTBD10P1	TRUE	TRUE	retained
BTBD11	TRUE	TRUE	retained
BTBD18	TRUE	TRUE	retained
BTBD19	TRUE	TRUE	retained
BTBD2	TRUE	TRUE	retained
BTBD3	TRUE	TRUE	retained
BTBD6	TRUE	TRUE	retained
BTBD6P1	TRUE	TRUE	retained
BTBD7	TRUE	TRUE	retained
BTBD7P1	TRUE	TRUE	retained
BTBD8	TRUE	TRUE	retained
BTBD9	TRUE	TRUE	retained
BTD	TRUE	TRUE	retained
BTF3	TRUE	TRUE	retained
BTF3L4	TRUE	TRUE	retained
BTF3L4P2	TRUE	TRUE	retained
BTF3P10	TRUE	TRUE	retained
BTF3P12	TRUE	TRUE	retained
BTF3P13	TRUE	TRUE	retained
BTF3P3	TRUE	TRUE	retained
BTF3P4	TRUE	TRUE	retained
BTF3P5	TRUE	TRUE	retained
BTF3P8	TRUE	TRUE	retained
BTF3P9	TRUE	TRUE	retained
BTG1	TRUE	TRUE	retained
BTG2	TRUE	TRUE	retained
BTG3	TRUE	TRUE	retained
BTK	TRUE	TRUE	retained
BTN2A1	TRUE	TRUE	retained
BTN2A2	TRUE	TRUE	retained
BTN2A3P	TRUE	TRUE	retained
BTN3A1	TRUE	TRUE	retained
BTN3A2	TRUE	TRUE	retained
BTN3A3	TRUE	TRUE	retained
BTRC	TRUE	TRUE	retained
BUB1	TRUE	TRUE	retained
BUB1B	TRUE	TRUE	retained
BUB3	TRUE	TRUE	retained
BUB3P1	TRUE	TRUE	retained
BUD13	TRUE	TRUE	retained
BUD23	TRUE	TRUE	retained
BUD31	TRUE	TRUE	retained
BVES	TRUE	TRUE	retained
BYSL	TRUE	TRUE	retained
BZW1	TRUE	TRUE	retained
BZW1P1	TRUE	TRUE	retained
BZW1P2	TRUE	TRUE	retained
BZW2	TRUE	TRUE	retained
C10orf88	TRUE	TRUE	retained
C11orf1	TRUE	TRUE	retained
C11orf24	TRUE	TRUE	retained
C11orf45	TRUE	TRUE	retained
C11orf49	TRUE	TRUE	retained
C11orf54	TRUE	TRUE	retained
C11orf58	TRUE	TRUE	retained
C11orf65	TRUE	TRUE	retained
C11orf68	TRUE	TRUE	retained
C11orf80	TRUE	TRUE	retained
C11orf95	TRUE	TRUE	retained
C11orf96	TRUE	TRUE	retained
C12orf29	TRUE	TRUE	retained
C12orf4	TRUE	TRUE	retained
C12orf43	TRUE	TRUE	retained
C12orf45	TRUE	TRUE	retained
C12orf57	TRUE	TRUE	retained
C12orf65	TRUE	TRUE	retained
C12orf66	TRUE	TRUE	retained
C12orf73	TRUE	TRUE	retained
C12orf75	TRUE	TRUE	retained
C12orf76	TRUE	TRUE	retained
C14orf119	TRUE	TRUE	retained
C14orf132	TRUE	TRUE	retained
C14orf180	TRUE	TRUE	retained
C14orf28	TRUE	TRUE	retained
C14orf93	TRUE	TRUE	retained
C15orf39	TRUE	TRUE	retained
C15orf40	TRUE	TRUE	retained
C15orf48	TRUE	TRUE	retained
C15orf61	TRUE	TRUE	retained
C15orf62	TRUE	TRUE	retained
C16orf70	TRUE	TRUE	retained
C16orf71	TRUE	TRUE	retained
C16orf72	TRUE	TRUE	retained
C16orf74	TRUE	TRUE	retained
C16orf86	TRUE	TRUE	retained
C16orf87	TRUE	TRUE	retained
C16orf89	TRUE	TRUE	retained
C16orf91	TRUE	TRUE	retained
C16orf96	TRUE	TRUE	retained
C17orf107	TRUE	TRUE	retained
C17orf49	TRUE	TRUE	retained
C17orf58	TRUE	TRUE	retained
C17orf75	TRUE	TRUE	retained
C17orf78	TRUE	TRUE	retained
C17orf80	TRUE	TRUE	retained
C17orf97	TRUE	TRUE	retained
C17orf99	TRUE	TRUE	retained
C18orf21	TRUE	TRUE	retained
C18orf25	TRUE	TRUE	retained
C18orf54	TRUE	TRUE	retained
C19orf12	TRUE	TRUE	retained
C19orf18	TRUE	TRUE	retained
C19orf25	TRUE	TRUE	retained
C19orf38	TRUE	TRUE	retained
C19orf44	TRUE	TRUE	retained
C19orf47	TRUE	TRUE	retained
C19orf48	TRUE	TRUE	retained
C19orf53	TRUE	TRUE	retained
C19orf54	TRUE	TRUE	retained
C19orf71	TRUE	TRUE	retained
C1D	TRUE	TRUE	retained
C1DP1	TRUE	TRUE	retained
C1GALT1	TRUE	TRUE	retained
C1GALT1C1	TRUE	TRUE	retained
C1GALT1P2	TRUE	TRUE	retained
C1orf109	TRUE	TRUE	retained
C1orf112	TRUE	TRUE	retained
C1orf115	TRUE	TRUE	retained
C1orf122	TRUE	TRUE	retained
C1orf127	TRUE	TRUE	retained
C1orf131	TRUE	TRUE	retained
C1orf159	TRUE	TRUE	retained
C1orf162	TRUE	TRUE	retained
C1orf174	TRUE	TRUE	retained
C1orf195	TRUE	TRUE	retained
C1orf198	TRUE	TRUE	retained
C1orf21	TRUE	TRUE	retained
C1orf216	TRUE	TRUE	retained
C1orf220	TRUE	TRUE	retained
C1orf35	TRUE	TRUE	retained
C1orf43	TRUE	TRUE	retained
C1orf52	TRUE	TRUE	retained
C1orf53	TRUE	TRUE	retained
C1orf54	TRUE	TRUE	retained
C1orf56	TRUE	TRUE	retained
C1orf74	TRUE	TRUE	retained
C1QA	TRUE	TRUE	retained
C1QB	TRUE	TRUE	retained
C1QBP	TRUE	TRUE	retained
C1QBPP2	TRUE	TRUE	retained
C1QC	TRUE	TRUE	retained
C1QTNF1	TRUE	TRUE	retained
C1QTNF12	TRUE	TRUE	retained
C1QTNF2	TRUE	TRUE	retained
C1QTNF3	TRUE	TRUE	retained
C1QTNF6	TRUE	TRUE	retained
C1QTNF7	TRUE	TRUE	retained
C1R	TRUE	TRUE	retained
C1RL	TRUE	TRUE	retained
C1S	TRUE	TRUE	retained
C2	TRUE	TRUE	retained
C20orf194	TRUE	TRUE	retained
C20orf27	TRUE	TRUE	retained
C20orf96	TRUE	TRUE	retained
C21orf58	TRUE	TRUE	retained
C21orf91	TRUE	TRUE	retained
C22orf23	TRUE	TRUE	retained
C22orf34	TRUE	TRUE	retained
C22orf39	TRUE	TRUE	retained
C22orf46	TRUE	TRUE	retained
C2CD2	TRUE	TRUE	retained
C2CD2L	TRUE	TRUE	retained
C2CD3	TRUE	TRUE	retained
C2CD5	TRUE	TRUE	retained
C2CD6	TRUE	TRUE	retained
C2orf16	TRUE	TRUE	retained
C2orf42	TRUE	TRUE	retained
C2orf49	TRUE	TRUE	retained
C2orf68	TRUE	TRUE	retained
C2orf69	TRUE	TRUE	retained
C2orf72	TRUE	TRUE	retained
C2orf76	TRUE	TRUE	retained
C2orf81	TRUE	TRUE	retained
C3	TRUE	TRUE	retained
C3AR1	TRUE	TRUE	retained
C3orf14	TRUE	TRUE	retained
C3orf18	TRUE	TRUE	retained
C3orf38	TRUE	TRUE	retained
C3orf52	TRUE	TRUE	retained
C3orf62	TRUE	TRUE	retained
C3orf70	TRUE	TRUE	retained
C4A	TRUE	TRUE	retained
C4B	TRUE	TRUE	retained
C4BPB	TRUE	TRUE	retained
C4orf19	TRUE	TRUE	retained
C4orf3	TRUE	TRUE	retained
C4orf33	TRUE	TRUE	retained
C4orf46	TRUE	TRUE	retained
C4orf48	TRUE	TRUE	retained
C5	TRUE	TRUE	retained
C5AR1	TRUE	TRUE	retained
C5AR2	TRUE	TRUE	retained
C5orf15	TRUE	TRUE	retained
C5orf17	TRUE	TRUE	retained
C5orf22	TRUE	TRUE	retained
C5orf24	TRUE	TRUE	retained
C5orf34	TRUE	TRUE	retained
C5orf38	TRUE	TRUE	retained
C5orf51	TRUE	TRUE	retained
C5orf63	TRUE	TRUE	retained
C5orf66	TRUE	TRUE	retained
C6orf120	TRUE	TRUE	retained
C6orf132	TRUE	TRUE	retained
C6orf136	TRUE	TRUE	retained
C6orf141	TRUE	TRUE	retained
C6orf163	TRUE	TRUE	retained
C6orf47	TRUE	TRUE	retained
C6orf62	TRUE	TRUE	retained
C6orf89	TRUE	TRUE	retained
C7	TRUE	TRUE	retained
C7orf26	TRUE	TRUE	retained
C7orf31	TRUE	TRUE	retained
C7orf50	TRUE	TRUE	retained
C8orf31	TRUE	TRUE	retained
C8orf33	TRUE	TRUE	retained
C8orf37	TRUE	TRUE	retained
C8orf44	TRUE	TRUE	retained
C8orf58	TRUE	TRUE	retained
C8orf76	TRUE	TRUE	retained
C8orf82	TRUE	TRUE	retained
C8orf88	TRUE	TRUE	retained
C9orf116	TRUE	TRUE	retained
C9orf129	TRUE	TRUE	retained
C9orf131	TRUE	TRUE	retained
C9orf16	TRUE	TRUE	retained
C9orf40	TRUE	TRUE	retained
C9orf43	TRUE	TRUE	retained
C9orf64	TRUE	TRUE	retained
C9orf72	TRUE	TRUE	retained
C9orf78	TRUE	TRUE	retained
C9orf85	TRUE	TRUE	retained
CA12	TRUE	TRUE	retained
CA14	TRUE	TRUE	retained
CA2	TRUE	TRUE	retained
CA5B	TRUE	TRUE	retained
CA5BP1	TRUE	TRUE	retained
CA8	TRUE	TRUE	retained
CAAP1	TRUE	TRUE	retained
CAB39	TRUE	TRUE	retained
CAB39L	TRUE	TRUE	retained
CABIN1	TRUE	TRUE	retained
CABLES1	TRUE	TRUE	retained
CABLES2	TRUE	TRUE	retained
CABP1	TRUE	TRUE	retained
CABP4	TRUE	TRUE	retained
CACFD1	TRUE	TRUE	retained
CACHD1	TRUE	TRUE	retained
CACNA1A	TRUE	TRUE	retained
CACNA1B	TRUE	TRUE	retained
CACNA1C	TRUE	TRUE	retained
CACNA1D	TRUE	TRUE	retained
CACNA1E	TRUE	TRUE	retained
CACNA1G	TRUE	TRUE	retained
CACNA1H	TRUE	TRUE	retained
CACNA2D1	TRUE	TRUE	retained
CACNA2D2	TRUE	TRUE	retained
CACNA2D3	TRUE	TRUE	retained
CACNA2D4	TRUE	TRUE	retained
CACNB1	TRUE	TRUE	retained
CACNB2	TRUE	TRUE	retained
CACNB3	TRUE	TRUE	retained
CACNB4	TRUE	TRUE	retained
CACNG4	TRUE	TRUE	retained
CACTIN	TRUE	TRUE	retained
CACUL1	TRUE	TRUE	retained
CACYBP	TRUE	TRUE	retained
CACYBPP2	TRUE	TRUE	retained
CAD	TRUE	TRUE	retained
CADM1	TRUE	TRUE	retained
CADM2	TRUE	TRUE	retained
CADM3	TRUE	TRUE	retained
CADM3-AS1	TRUE	TRUE	retained
CADM4	TRUE	TRUE	retained
CADPS	TRUE	TRUE	retained
CADPS2	TRUE	TRUE	retained
CALCOCO1	TRUE	TRUE	retained
CALCOCO2	TRUE	TRUE	retained
CALCRL	TRUE	TRUE	retained
CALD1	TRUE	TRUE	retained
CALHM2	TRUE	TRUE	retained
CALHM4	TRUE	TRUE	retained
CALM1	TRUE	TRUE	retained
CALM1P1	TRUE	TRUE	retained
CALM1P2	TRUE	TRUE	retained
CALM2	TRUE	TRUE	retained
CALM2P1	TRUE	TRUE	retained
CALM2P2	TRUE	TRUE	retained
CALM2P3	TRUE	TRUE	retained
CALM2P4	TRUE	TRUE	retained
CALM3	TRUE	TRUE	retained
CALR	TRUE	TRUE	retained
CALU	TRUE	TRUE	retained
CAMK1	TRUE	TRUE	retained
CAMK1D	TRUE	TRUE	retained
CAMK2A	TRUE	TRUE	retained
CAMK2D	TRUE	TRUE	retained
CAMK2G	TRUE	TRUE	retained
CAMK2N1	TRUE	TRUE	retained
CAMKK1	TRUE	TRUE	retained
CAMKK2	TRUE	TRUE	retained
CAMKMT	TRUE	TRUE	retained
CAMKV	TRUE	TRUE	retained
CAMLG	TRUE	TRUE	retained
CAMSAP1	TRUE	TRUE	retained
CAMSAP2	TRUE	TRUE	retained
CAMSAP3	TRUE	TRUE	retained
CAMTA1	TRUE	TRUE	retained
CAMTA2	TRUE	TRUE	retained
CAND1	TRUE	TRUE	retained
CAND2	TRUE	TRUE	retained
CANT1	TRUE	TRUE	retained
CANX	TRUE	TRUE	retained
CAP1	TRUE	TRUE	retained
CAP1P1	TRUE	TRUE	retained
CAP1P2	TRUE	TRUE	retained
CAP2	TRUE	TRUE	retained
CAP2P1	TRUE	TRUE	retained
CAPG	TRUE	TRUE	retained
CAPN1	TRUE	TRUE	retained
CAPN10	TRUE	TRUE	retained
CAPN11	TRUE	TRUE	retained
CAPN12	TRUE	TRUE	retained
CAPN14	TRUE	TRUE	retained
CAPN15	TRUE	TRUE	retained
CAPN2	TRUE	TRUE	retained
CAPN3	TRUE	TRUE	retained
CAPN5	TRUE	TRUE	retained
CAPN6	TRUE	TRUE	retained
CAPN7	TRUE	TRUE	retained
CAPNS1	TRUE	TRUE	retained
CAPRIN1	TRUE	TRUE	retained
CAPRIN2	TRUE	TRUE	retained
CAPS	TRUE	TRUE	retained
CAPS2	TRUE	TRUE	retained
CAPZA1	TRUE	TRUE	retained
CAPZA1P1	TRUE	TRUE	retained
CAPZA1P3	TRUE	TRUE	retained
CAPZA2	TRUE	TRUE	retained
CAPZB	TRUE	TRUE	retained
CAPZBP1	TRUE	TRUE	retained
CARD10	TRUE	TRUE	retained
CARD11	TRUE	TRUE	retained
CARD14	TRUE	TRUE	retained
CARD16	TRUE	TRUE	retained
CARD18	TRUE	TRUE	retained
CARD19	TRUE	TRUE	retained
CARD6	TRUE	TRUE	retained
CARD8	TRUE	TRUE	retained
CARD9	TRUE	TRUE	retained
CARF	TRUE	TRUE	retained
CARHSP1	TRUE	TRUE	retained
CARM1	TRUE	TRUE	retained
CARMIL1	TRUE	TRUE	retained
CARMIL2	TRUE	TRUE	retained
CARMIL3	TRUE	TRUE	retained
CARNMT1	TRUE	TRUE	retained
CARNS1	TRUE	TRUE	retained
CARS1	TRUE	TRUE	retained
CARS2	TRUE	TRUE	retained
CASC3	TRUE	TRUE	retained
CASC4P1	TRUE	TRUE	retained
CASD1	TRUE	TRUE	retained
CASK	TRUE	TRUE	retained
CASKIN1	TRUE	TRUE	retained
CASKIN2	TRUE	TRUE	retained
CASP1	TRUE	TRUE	retained
CASP10	TRUE	TRUE	retained
CASP2	TRUE	TRUE	retained
CASP3	TRUE	TRUE	retained
CASP3P1	TRUE	TRUE	retained
CASP4	TRUE	TRUE	retained
CASP6	TRUE	TRUE	retained
CASP7	TRUE	TRUE	retained
CASP8	TRUE	TRUE	retained
CASP8AP2	TRUE	TRUE	retained
CASP9	TRUE	TRUE	retained
CASQ1	TRUE	TRUE	retained
CASS4	TRUE	TRUE	retained
CAST	TRUE	TRUE	retained
CASTOR1	TRUE	TRUE	retained
CASTOR2	TRUE	TRUE	retained
CASTOR3	TRUE	TRUE	retained
CASZ1	TRUE	TRUE	retained
CAT	TRUE	TRUE	retained
CATIP	TRUE	TRUE	retained
CATSPER2	TRUE	TRUE	retained
CATSPER2P1	TRUE	TRUE	retained
CATSPERB	TRUE	TRUE	retained
CATSPERE	TRUE	TRUE	retained
CATSPERG	TRUE	TRUE	retained
CAV1	TRUE	TRUE	retained
CAV2	TRUE	TRUE	retained
CAVIN1	TRUE	TRUE	retained
CAVIN2	TRUE	TRUE	retained
CAVIN3	TRUE	TRUE	retained
CAVIN4	TRUE	TRUE	retained
CBARP	TRUE	TRUE	retained
CBFA2T2	TRUE	TRUE	retained
CBFA2T3	TRUE	TRUE	retained
CBFB	TRUE	TRUE	retained
CBL	TRUE	TRUE	retained
CBLB	TRUE	TRUE	retained
CBLC	TRUE	TRUE	retained
CBLL1	TRUE	TRUE	retained
CBLN3	TRUE	TRUE	retained
CBR1	TRUE	TRUE	retained
CBR3	TRUE	TRUE	retained
CBR4	TRUE	TRUE	retained
CBS	TRUE	TRUE	retained
CBSL	TRUE	TRUE	retained
CBWD1	TRUE	TRUE	retained
CBWD2	TRUE	TRUE	retained
CBWD3	TRUE	TRUE	retained
CBWD4P	TRUE	TRUE	retained
CBWD5	TRUE	TRUE	retained
CBWD6	TRUE	TRUE	retained
CBX1	TRUE	TRUE	retained
CBX1P1	TRUE	TRUE	retained
CBX1P2	TRUE	TRUE	retained
CBX2	TRUE	TRUE	retained
CBX3	TRUE	TRUE	retained
CBX3P1	TRUE	TRUE	retained
CBX3P5	TRUE	TRUE	retained
CBX3P9	TRUE	TRUE	retained
CBX4	TRUE	TRUE	retained
CBX5	TRUE	TRUE	retained
CBX5P1	TRUE	TRUE	retained
CBX6	TRUE	TRUE	retained
CBX7	TRUE	TRUE	retained
CBX8	TRUE	TRUE	retained
CBY1	TRUE	TRUE	retained
CC2D1A	TRUE	TRUE	retained
CC2D1B	TRUE	TRUE	retained
CC2D2A	TRUE	TRUE	retained
CC2D2B	TRUE	TRUE	retained
CCAR1	TRUE	TRUE	retained
CCAR2	TRUE	TRUE	retained
CCDC102A	TRUE	TRUE	retained
CCDC102B	TRUE	TRUE	retained
CCDC106	TRUE	TRUE	retained
CCDC107	TRUE	TRUE	retained
CCDC112	TRUE	TRUE	retained
CCDC113	TRUE	TRUE	retained
CCDC115	TRUE	TRUE	retained
CCDC116	TRUE	TRUE	retained
CCDC117	TRUE	TRUE	retained
CCDC12	TRUE	TRUE	retained
CCDC120	TRUE	TRUE	retained
CCDC121	TRUE	TRUE	retained
CCDC122	TRUE	TRUE	retained
CCDC124	TRUE	TRUE	retained
CCDC125	TRUE	TRUE	retained
CCDC126	TRUE	TRUE	retained
CCDC127	TRUE	TRUE	retained
CCDC130	TRUE	TRUE	retained
CCDC134	TRUE	TRUE	retained
CCDC136	TRUE	TRUE	retained
CCDC137	TRUE	TRUE	retained
CCDC137P	TRUE	TRUE	retained
CCDC138	TRUE	TRUE	retained
CCDC14	TRUE	TRUE	retained
CCDC141	TRUE	TRUE	retained
CCDC142	TRUE	TRUE	retained
CCDC144A	TRUE	TRUE	retained
CCDC144B	TRUE	TRUE	retained
CCDC144CP	TRUE	TRUE	retained
CCDC146	TRUE	TRUE	retained
CCDC149	TRUE	TRUE	retained
CCDC15	TRUE	TRUE	retained
CCDC150	TRUE	TRUE	retained
CCDC152	TRUE	TRUE	retained
CCDC153	TRUE	TRUE	retained
CCDC154	TRUE	TRUE	retained
CCDC157	TRUE	TRUE	retained
CCDC159	TRUE	TRUE	retained
CCDC162P	TRUE	TRUE	retained
CCDC167	TRUE	TRUE	retained
CCDC168	TRUE	TRUE	retained
CCDC17	TRUE	TRUE	retained
CCDC170	TRUE	TRUE	retained
CCDC171	TRUE	TRUE	retained
CCDC174	TRUE	TRUE	retained
CCDC18	TRUE	TRUE	retained
CCDC183	TRUE	TRUE	retained
CCDC183-AS1	TRUE	TRUE	retained
CCDC184	TRUE	TRUE	retained
CCDC186	TRUE	TRUE	retained
CCDC188	TRUE	TRUE	retained
CCDC191	TRUE	TRUE	retained
CCDC22	TRUE	TRUE	retained
CCDC24	TRUE	TRUE	retained
CCDC25	TRUE	TRUE	retained
CCDC28A	TRUE	TRUE	retained
CCDC28B	TRUE	TRUE	retained
CCDC3	TRUE	TRUE	retained
CCDC30	TRUE	TRUE	retained
CCDC32	TRUE	TRUE	retained
CCDC33	TRUE	TRUE	retained
CCDC34	TRUE	TRUE	retained
CCDC40	TRUE	TRUE	retained
CCDC43	TRUE	TRUE	retained
CCDC47	TRUE	TRUE	retained
CCDC50	TRUE	TRUE	retained
CCDC51	TRUE	TRUE	retained
CCDC54	TRUE	TRUE	retained
CCDC57	TRUE	TRUE	retained
CCDC59	TRUE	TRUE	retained
CCDC6	TRUE	TRUE	retained
CCDC61	TRUE	TRUE	retained
CCDC65	TRUE	TRUE	retained
CCDC66	TRUE	TRUE	retained
CCDC68	TRUE	TRUE	retained
CCDC69	TRUE	TRUE	retained
CCDC7	TRUE	TRUE	retained
CCDC71	TRUE	TRUE	retained
CCDC71L	TRUE	TRUE	retained
CCDC74A	TRUE	TRUE	retained
CCDC74B	TRUE	TRUE	retained
CCDC75P1	TRUE	TRUE	retained
CCDC77	TRUE	TRUE	retained
CCDC78	TRUE	TRUE	retained
CCDC8	TRUE	TRUE	retained
CCDC80	TRUE	TRUE	retained
CCDC81	TRUE	TRUE	retained
CCDC82	TRUE	TRUE	retained
CCDC85A	TRUE	TRUE	retained
CCDC85B	TRUE	TRUE	retained
CCDC85C	TRUE	TRUE	retained
CCDC86	TRUE	TRUE	retained
CCDC88A	TRUE	TRUE	retained
CCDC88B	TRUE	TRUE	retained
CCDC88C	TRUE	TRUE	retained
CCDC89	TRUE	TRUE	retained
CCDC9	TRUE	TRUE	retained
CCDC90B	TRUE	TRUE	retained
CCDC91	TRUE	TRUE	retained
CCDC92	TRUE	TRUE	retained
CCDC93	TRUE	TRUE	retained
CCDC97	TRUE	TRUE	retained
CCDC9B	TRUE	TRUE	retained
CCHCR1	TRUE	TRUE	retained
CCIN	TRUE	TRUE	retained
CCL2	TRUE	TRUE	retained
CCL28	TRUE	TRUE	retained
CCL3	TRUE	TRUE	retained
CCL3L1	TRUE	TRUE	retained
CCL3L3	TRUE	TRUE	retained
CCL4	TRUE	TRUE	retained
CCL4L2	TRUE	TRUE	retained
CCL5	TRUE	TRUE	retained
CCM2	TRUE	TRUE	retained
CCM2L	TRUE	TRUE	retained
CCN1	TRUE	TRUE	retained
CCN2	TRUE	TRUE	retained
CCN4	TRUE	TRUE	retained
CCNA2	TRUE	TRUE	retained
CCNB1	TRUE	TRUE	retained
CCNB1IP1	TRUE	TRUE	retained
CCNB2	TRUE	TRUE	retained
CCNB2P1	TRUE	TRUE	retained
CCNC	TRUE	TRUE	retained
CCND1	TRUE	TRUE	retained
CCND2	TRUE	TRUE	retained
CCND2P1	TRUE	TRUE	retained
CCND3	TRUE	TRUE	retained
CCNDBP1	TRUE	TRUE	retained
CCNE1	TRUE	TRUE	retained
CCNE2	TRUE	TRUE	retained
CCNF	TRUE	TRUE	retained
CCNG1	TRUE	TRUE	retained
CCNG2	TRUE	TRUE	retained
CCNH	TRUE	TRUE	retained
CCNI	TRUE	TRUE	retained
CCNJ	TRUE	TRUE	retained
CCNJL	TRUE	TRUE	retained
CCNK	TRUE	TRUE	retained
CCNL1	TRUE	TRUE	retained
CCNL2	TRUE	TRUE	retained
CCNQ	TRUE	TRUE	retained
CCNQP3	TRUE	TRUE	retained
CCNT1	TRUE	TRUE	retained
CCNT2	TRUE	TRUE	retained
CCNY	TRUE	TRUE	retained
CCNYL1	TRUE	TRUE	retained
CCNYL5	TRUE	TRUE	retained
CCNYL6	TRUE	TRUE	retained
CCP110	TRUE	TRUE	retained
CCPG1	TRUE	TRUE	retained
CCR1	TRUE	TRUE	retained
CCR7	TRUE	TRUE	retained
CCRL2	TRUE	TRUE	retained
CCS	TRUE	TRUE	retained
CCSAP	TRUE	TRUE	retained
CCSER1	TRUE	TRUE	retained
CCSER2	TRUE	TRUE	retained
CCT2	TRUE	TRUE	retained
CCT3	TRUE	TRUE	retained
CCT4	TRUE	TRUE	retained
CCT4P1	TRUE	TRUE	retained
CCT5	TRUE	TRUE	retained
CCT5P1	TRUE	TRUE	retained
CCT5P2	TRUE	TRUE	retained
CCT6A	TRUE	TRUE	retained
CCT6B	TRUE	TRUE	retained
CCT6P2	TRUE	TRUE	retained
CCT6P4	TRUE	TRUE	retained
CCT7	TRUE	TRUE	retained
CCT7P1	TRUE	TRUE	retained
CCT7P2	TRUE	TRUE	retained
CCT8	TRUE	TRUE	retained
CCT8P1	TRUE	TRUE	retained
CCZ1	TRUE	TRUE	retained
CCZ1B	TRUE	TRUE	retained
CD109	TRUE	TRUE	retained
CD14	TRUE	TRUE	retained
CD151	TRUE	TRUE	retained
CD163	TRUE	TRUE	retained
CD163L1	TRUE	TRUE	retained
CD164	TRUE	TRUE	retained
CD180	TRUE	TRUE	retained
CD200	TRUE	TRUE	retained
CD200R1	TRUE	TRUE	retained
CD209	TRUE	TRUE	retained
CD22	TRUE	TRUE	retained
CD226	TRUE	TRUE	retained
CD24	TRUE	TRUE	retained
CD248	TRUE	TRUE	retained
CD24P4	TRUE	TRUE	retained
CD27-AS1	TRUE	TRUE	retained
CD274	TRUE	TRUE	retained
CD276	TRUE	TRUE	retained
CD28	TRUE	TRUE	retained
CD2AP	TRUE	TRUE	retained
CD2BP2	TRUE	TRUE	retained
CD300A	TRUE	TRUE	retained
CD300C	TRUE	TRUE	retained
CD320	TRUE	TRUE	retained
CD33	TRUE	TRUE	retained
CD34	TRUE	TRUE	retained
CD36	TRUE	TRUE	retained
CD37	TRUE	TRUE	retained
CD4	TRUE	TRUE	retained
CD40	TRUE	TRUE	retained
CD44	TRUE	TRUE	retained
CD46	TRUE	TRUE	retained
CD47	TRUE	TRUE	retained
CD53	TRUE	TRUE	retained
CD55	TRUE	TRUE	retained
CD58	TRUE	TRUE	retained
CD59	TRUE	TRUE	retained
CD5L	TRUE	TRUE	retained
CD6	TRUE	TRUE	retained
CD63	TRUE	TRUE	retained
CD7	TRUE	TRUE	retained
CD72	TRUE	TRUE	retained
CD74	TRUE	TRUE	retained
CD81	TRUE	TRUE	retained
CD82	TRUE	TRUE	retained
CD83	TRUE	TRUE	retained
CD84	TRUE	TRUE	retained
CD86	TRUE	TRUE	retained
CD9	TRUE	TRUE	retained
CD93	TRUE	TRUE	retained
CD99	TRUE	TRUE	retained
CD99L2	TRUE	TRUE	retained
CDADC1	TRUE	TRUE	retained
CDAN1	TRUE	TRUE	retained
CDC123	TRUE	TRUE	retained
CDC14A	TRUE	TRUE	retained
CDC14B	TRUE	TRUE	retained
CDC14C	TRUE	TRUE	retained
CDC16	TRUE	TRUE	retained
CDC20	TRUE	TRUE	retained
CDC20P1	TRUE	TRUE	retained
CDC23	TRUE	TRUE	retained
CDC25A	TRUE	TRUE	retained
CDC25B	TRUE	TRUE	retained
CDC25C	TRUE	TRUE	retained
CDC26P1	TRUE	TRUE	retained
CDC27	TRUE	TRUE	retained
CDC27P1	TRUE	TRUE	retained
CDC27P3	TRUE	TRUE	retained
CDC34	TRUE	TRUE	retained
CDC37	TRUE	TRUE	retained
CDC37L1	TRUE	TRUE	retained
CDC40	TRUE	TRUE	retained
CDC42	TRUE	TRUE	retained
CDC42BPA	TRUE	TRUE	retained
CDC42BPB	TRUE	TRUE	retained
CDC42BPG	TRUE	TRUE	retained
CDC42EP1	TRUE	TRUE	retained
CDC42EP3	TRUE	TRUE	retained
CDC42EP4	TRUE	TRUE	retained
CDC42P6	TRUE	TRUE	retained
CDC42SE1	TRUE	TRUE	retained
CDC42SE2	TRUE	TRUE	retained
CDC45	TRUE	TRUE	retained
CDC5L	TRUE	TRUE	retained
CDC6	TRUE	TRUE	retained
CDC7	TRUE	TRUE	retained
CDC73	TRUE	TRUE	retained
CDCA2	TRUE	TRUE	retained
CDCA3	TRUE	TRUE	retained
CDCA4	TRUE	TRUE	retained
CDCA5	TRUE	TRUE	retained
CDCA7	TRUE	TRUE	retained
CDCA7L	TRUE	TRUE	retained
CDCA8	TRUE	TRUE	retained
CDCP1	TRUE	TRUE	retained
CDH1	TRUE	TRUE	retained
CDH11	TRUE	TRUE	retained
CDH13	TRUE	TRUE	retained
CDH15	TRUE	TRUE	retained
CDH2	TRUE	TRUE	retained
CDH23	TRUE	TRUE	retained
CDH24	TRUE	TRUE	retained
CDH26	TRUE	TRUE	retained
CDH3	TRUE	TRUE	retained
CDH4	TRUE	TRUE	retained
CDH5	TRUE	TRUE	retained
CDH8	TRUE	TRUE	retained
CDHR3	TRUE	TRUE	retained
CDHR5	TRUE	TRUE	retained
CDIN1	TRUE	TRUE	retained
CDIP1	TRUE	TRUE	retained
CDIPT	TRUE	TRUE	retained
CDK1	TRUE	TRUE	retained
CDK10	TRUE	TRUE	retained
CDK11A	TRUE	TRUE	retained
CDK11B	TRUE	TRUE	retained
CDK12	TRUE	TRUE	retained
CDK13	TRUE	TRUE	retained
CDK14	TRUE	TRUE	retained
CDK16	TRUE	TRUE	retained
CDK17	TRUE	TRUE	retained
CDK18	TRUE	TRUE	retained
CDK19	TRUE	TRUE	retained
CDK2	TRUE	TRUE	retained
CDK20	TRUE	TRUE	retained
CDK2AP1	TRUE	TRUE	retained
CDK2AP2	TRUE	TRUE	retained
CDK4	TRUE	TRUE	retained
CDK5	TRUE	TRUE	retained
CDK5P1	TRUE	TRUE	retained
CDK5R1	TRUE	TRUE	retained
CDK5RAP1	TRUE	TRUE	retained
CDK5RAP2	TRUE	TRUE	retained
CDK5RAP3	TRUE	TRUE	retained
CDK6	TRUE	TRUE	retained
CDK7	TRUE	TRUE	retained
CDK7P1	TRUE	TRUE	retained
CDK8	TRUE	TRUE	retained
CDK8P2	TRUE	TRUE	retained
CDK9	TRUE	TRUE	retained
CDKAL1	TRUE	TRUE	retained
CDKL1	TRUE	TRUE	retained
CDKL5	TRUE	TRUE	retained
CDKN1A	TRUE	TRUE	retained
CDKN1B	TRUE	TRUE	retained
CDKN1C	TRUE	TRUE	retained
CDKN2A	TRUE	TRUE	retained
CDKN2AIP	TRUE	TRUE	retained
CDKN2AIPNL	TRUE	TRUE	retained
CDKN2B	TRUE	TRUE	retained
CDKN2B-AS1	TRUE	TRUE	retained
CDKN2C	TRUE	TRUE	retained
CDKN2D	TRUE	TRUE	retained
CDKN3	TRUE	TRUE	retained
CDO1	TRUE	TRUE	retained
CDON	TRUE	TRUE	retained
CDPF1	TRUE	TRUE	retained
CDR2	TRUE	TRUE	retained
CDR2L	TRUE	TRUE	retained
CDRT1	TRUE	TRUE	retained
CDRT15P1	TRUE	TRUE	retained
CDS1	TRUE	TRUE	retained
CDS2	TRUE	TRUE	retained
CDT1	TRUE	TRUE	retained
CDV3	TRUE	TRUE	retained
CDV3P1	TRUE	TRUE	retained
CDYL	TRUE	TRUE	retained
CDYL2	TRUE	TRUE	retained
CEACAM1	TRUE	TRUE	retained
CEACAM19	TRUE	TRUE	retained
CEACAM21	TRUE	TRUE	retained
CEBPA	TRUE	TRUE	retained
CEBPB	TRUE	TRUE	retained
CEBPD	TRUE	TRUE	retained
CEBPG	TRUE	TRUE	retained
CEBPZ	TRUE	TRUE	retained
CEBPZOS	TRUE	TRUE	retained
CECR2	TRUE	TRUE	retained
CEL	TRUE	TRUE	retained
CELF1	TRUE	TRUE	retained
CELF2	TRUE	TRUE	retained
CELF2-AS1	TRUE	TRUE	retained
CELF3	TRUE	TRUE	retained
CELF4	TRUE	TRUE	retained
CELF5	TRUE	TRUE	retained
CELP	TRUE	TRUE	retained
CELSR1	TRUE	TRUE	retained
CELSR2	TRUE	TRUE	retained
CELSR3	TRUE	TRUE	retained
CEMIP	TRUE	TRUE	retained
CEMIP2	TRUE	TRUE	retained
CENATAC	TRUE	TRUE	retained
CENPA	TRUE	TRUE	retained
CENPB	TRUE	TRUE	retained
CENPBD1	TRUE	TRUE	retained
CENPC	TRUE	TRUE	retained
CENPCP1	TRUE	TRUE	retained
CENPE	TRUE	TRUE	retained
CENPF	TRUE	TRUE	retained
CENPH	TRUE	TRUE	retained
CENPI	TRUE	TRUE	retained
CENPJ	TRUE	TRUE	retained
CENPK	TRUE	TRUE	retained
CENPL	TRUE	TRUE	retained
CENPM	TRUE	TRUE	retained
CENPN	TRUE	TRUE	retained
CENPO	TRUE	TRUE	retained
CENPP	TRUE	TRUE	retained
CENPQ	TRUE	TRUE	retained
CENPT	TRUE	TRUE	retained
CENPU	TRUE	TRUE	retained
CENPV	TRUE	TRUE	retained
CENPW	TRUE	TRUE	retained
CENPX	TRUE	TRUE	retained
CEP104	TRUE	TRUE	retained
CEP112	TRUE	TRUE	retained
CEP120	TRUE	TRUE	retained
CEP126	TRUE	TRUE	retained
CEP128	TRUE	TRUE	retained
CEP131	TRUE	TRUE	retained
CEP135	TRUE	TRUE	retained
CEP152	TRUE	TRUE	retained
CEP162	TRUE	TRUE	retained
CEP164	TRUE	TRUE	retained
CEP170	TRUE	TRUE	retained
CEP170B	TRUE	TRUE	retained
CEP170P1	TRUE	TRUE	retained
CEP192	TRUE	TRUE	retained
CEP20	TRUE	TRUE	retained
CEP250	TRUE	TRUE	retained
CEP290	TRUE	TRUE	retained
CEP295	TRUE	TRUE	retained
CEP295NL	TRUE	TRUE	retained
CEP350	TRUE	TRUE	retained
CEP41	TRUE	TRUE	retained
CEP43	TRUE	TRUE	retained
CEP44	TRUE	TRUE	retained
CEP55	TRUE	TRUE	retained
CEP57	TRUE	TRUE	retained
CEP57L1	TRUE	TRUE	retained
CEP57L1P1	TRUE	TRUE	retained
CEP63	TRUE	TRUE	retained
CEP68	TRUE	TRUE	retained
CEP70	TRUE	TRUE	retained
CEP72	TRUE	TRUE	retained
CEP76	TRUE	TRUE	retained
CEP78	TRUE	TRUE	retained
CEP83	TRUE	TRUE	retained
CEP85	TRUE	TRUE	retained
CEP85L	TRUE	TRUE	retained
CEP89	TRUE	TRUE	retained
CEP95	TRUE	TRUE	retained
CEP97	TRUE	TRUE	retained
CEPT1	TRUE	TRUE	retained
CERCAM	TRUE	TRUE	retained
CERK	TRUE	TRUE	retained
CEROX1	TRUE	TRUE	retained
CERS2	TRUE	TRUE	retained
CERS4	TRUE	TRUE	retained
CERS5	TRUE	TRUE	retained
CERS6	TRUE	TRUE	retained
CERT1	TRUE	TRUE	retained
CES1	TRUE	TRUE	retained
CES1P1	TRUE	TRUE	retained
CES2	TRUE	TRUE	retained
CES4A	TRUE	TRUE	retained
CETN2	TRUE	TRUE	retained
CETN3	TRUE	TRUE	retained
CETP	TRUE	TRUE	retained
CFAP126	TRUE	TRUE	retained
CFAP157	TRUE	TRUE	retained
CFAP20	TRUE	TRUE	retained
CFAP20DC	TRUE	TRUE	retained
CFAP221	TRUE	TRUE	retained
CFAP251	TRUE	TRUE	retained
CFAP298	TRUE	TRUE	retained
CFAP300	TRUE	TRUE	retained
CFAP36	TRUE	TRUE	retained
CFAP410	TRUE	TRUE	retained
CFAP43	TRUE	TRUE	retained
CFAP44	TRUE	TRUE	retained
CFAP45	TRUE	TRUE	retained
CFAP53	TRUE	TRUE	retained
CFAP54	TRUE	TRUE	retained
CFAP57	TRUE	TRUE	retained
CFAP58	TRUE	TRUE	retained
CFAP69	TRUE	TRUE	retained
CFAP70	TRUE	TRUE	retained
CFAP92	TRUE	TRUE	retained
CFAP97	TRUE	TRUE	retained
CFB	TRUE	TRUE	retained
CFD	TRUE	TRUE	retained
CFDP1	TRUE	TRUE	retained
CFH	TRUE	TRUE	retained
CFL1	TRUE	TRUE	retained
CFL1P2	TRUE	TRUE	retained
CFL1P3	TRUE	TRUE	retained
CFL1P4	TRUE	TRUE	retained
CFL1P5	TRUE	TRUE	retained
CFL2	TRUE	TRUE	retained
CFLAR	TRUE	TRUE	retained
CGA	TRUE	TRUE	retained
CGAS	TRUE	TRUE	retained
CGB1	TRUE	TRUE	retained
CGB2	TRUE	TRUE	retained
CGB3	TRUE	TRUE	retained
CGB5	TRUE	TRUE	retained
CGB7	TRUE	TRUE	retained
CGB8	TRUE	TRUE	retained
CGGBP1	TRUE	TRUE	retained
CGN	TRUE	TRUE	retained
CGNL1	TRUE	TRUE	retained
CGRRF1	TRUE	TRUE	retained
CHAD	TRUE	TRUE	retained
CHADL	TRUE	TRUE	retained
CHAF1A	TRUE	TRUE	retained
CHAF1B	TRUE	TRUE	retained
CHAMP1	TRUE	TRUE	retained
CHAT	TRUE	TRUE	retained
CHCHD1	TRUE	TRUE	retained
CHCHD10	TRUE	TRUE	retained
CHCHD2	TRUE	TRUE	retained
CHCHD2P2	TRUE	TRUE	retained
CHCHD2P6	TRUE	TRUE	retained
CHCHD2P8	TRUE	TRUE	retained
CHCHD2P9	TRUE	TRUE	retained
CHCHD3	TRUE	TRUE	retained
CHCHD3P1	TRUE	TRUE	retained
CHCHD3P3	TRUE	TRUE	retained
CHCHD4	TRUE	TRUE	retained
CHCHD4P4	TRUE	TRUE	retained
CHCHD5	TRUE	TRUE	retained
CHCHD6	TRUE	TRUE	retained
CHCHD7	TRUE	TRUE	retained
CHD1	TRUE	TRUE	retained
CHD1L	TRUE	TRUE	retained
CHD2	TRUE	TRUE	retained
CHD3	TRUE	TRUE	retained
CHD4	TRUE	TRUE	retained
CHD5	TRUE	TRUE	retained
CHD6	TRUE	TRUE	retained
CHD7	TRUE	TRUE	retained
CHD8	TRUE	TRUE	retained
CHD9	TRUE	TRUE	retained
CHDH	TRUE	TRUE	retained
CHEK1	TRUE	TRUE	retained
CHEK2	TRUE	TRUE	retained
CHERP	TRUE	TRUE	retained
CHFR	TRUE	TRUE	retained
CHGA	TRUE	TRUE	retained
CHI3L1	TRUE	TRUE	retained
CHIC1	TRUE	TRUE	retained
CHIC2	TRUE	TRUE	retained
CHID1	TRUE	TRUE	retained
CHIT1	TRUE	TRUE	retained
CHKA	TRUE	TRUE	retained
CHKB	TRUE	TRUE	retained
CHL1	TRUE	TRUE	retained
CHM	TRUE	TRUE	retained
CHML	TRUE	TRUE	retained
CHMP1A	TRUE	TRUE	retained
CHMP1B	TRUE	TRUE	retained
CHMP2A	TRUE	TRUE	retained
CHMP2B	TRUE	TRUE	retained
CHMP3	TRUE	TRUE	retained
CHMP4B	TRUE	TRUE	retained
CHMP4BP1	TRUE	TRUE	retained
CHMP4C	TRUE	TRUE	retained
CHMP5	TRUE	TRUE	retained
CHMP5P1	TRUE	TRUE	retained
CHMP6	TRUE	TRUE	retained
CHMP7	TRUE	TRUE	retained
CHN1	TRUE	TRUE	retained
CHN2	TRUE	TRUE	retained
CHORDC1	TRUE	TRUE	retained
CHORDC1P1	TRUE	TRUE	retained
CHORDC1P4	TRUE	TRUE	retained
CHORDC1P5	TRUE	TRUE	retained
CHORDC2P	TRUE	TRUE	retained
CHP1	TRUE	TRUE	retained
CHP1P1	TRUE	TRUE	retained
CHPF	TRUE	TRUE	retained
CHPF2	TRUE	TRUE	retained
CHPT1	TRUE	TRUE	retained
CHRAC1	TRUE	TRUE	retained
CHRD	TRUE	TRUE	retained
CHRDL2	TRUE	TRUE	retained
CHRM2	TRUE	TRUE	retained
CHRM5	TRUE	TRUE	retained
CHRNA1	TRUE	TRUE	retained
CHRNA10	TRUE	TRUE	retained
CHRNA4	TRUE	TRUE	retained
CHRNB1	TRUE	TRUE	retained
CHRNE	TRUE	TRUE	retained
CHRNG	TRUE	TRUE	retained
CHST1	TRUE	TRUE	retained
CHST10	TRUE	TRUE	retained
CHST11	TRUE	TRUE	retained
CHST12	TRUE	TRUE	retained
CHST14	TRUE	TRUE	retained
CHST15	TRUE	TRUE	retained
CHST2	TRUE	TRUE	retained
CHST3	TRUE	TRUE	retained
CHST7	TRUE	TRUE	retained
CHSY1	TRUE	TRUE	retained
CHSY3	TRUE	TRUE	retained
CHTF18	TRUE	TRUE	retained
CHTF8	TRUE	TRUE	retained
CHTOP	TRUE	TRUE	retained
CHUK	TRUE	TRUE	retained
CHURC1	TRUE	TRUE	retained
CIAO1	TRUE	TRUE	retained
CIAO2A	TRUE	TRUE	retained
CIAO2B	TRUE	TRUE	retained
CIAO3	TRUE	TRUE	retained
CIAPIN1	TRUE	TRUE	retained
CIAPIN1P	TRUE	TRUE	retained
CIART	TRUE	TRUE	retained
CIB1	TRUE	TRUE	retained
CIB2	TRUE	TRUE	retained
CIBAR1	TRUE	TRUE	retained
CIBAR1P1	TRUE	TRUE	retained
CIC	TRUE	TRUE	retained
CICP14	TRUE	TRUE	retained
CIITA	TRUE	TRUE	retained
CILK1	TRUE	TRUE	retained
CILP	TRUE	TRUE	retained
CINP	TRUE	TRUE	retained
CIP2A	TRUE	TRUE	retained
CIPC	TRUE	TRUE	retained
CIR1	TRUE	TRUE	retained
CIR1P1	TRUE	TRUE	retained
CIR1P2	TRUE	TRUE	retained
CIRBP	TRUE	TRUE	retained
CIRBP-AS1	TRUE	TRUE	retained
CISD1	TRUE	TRUE	retained
CISD2	TRUE	TRUE	retained
CISD3	TRUE	TRUE	retained
CISH	TRUE	TRUE	retained
CIT	TRUE	TRUE	retained
CITED2	TRUE	TRUE	retained
CIZ1	TRUE	TRUE	retained
CKAP2	TRUE	TRUE	retained
CKAP2L	TRUE	TRUE	retained
CKAP4	TRUE	TRUE	retained
CKAP5	TRUE	TRUE	retained
CKB	TRUE	TRUE	retained
CKLF	TRUE	TRUE	retained
CKMT1A	TRUE	TRUE	retained
CKMT1B	TRUE	TRUE	retained
CKMT2	TRUE	TRUE	retained
CKS1B	TRUE	TRUE	retained
CKS1BP2	TRUE	TRUE	retained
CKS1BP3	TRUE	TRUE	retained
CKS1BP7	TRUE	TRUE	retained
CKS2	TRUE	TRUE	retained
CLASP1	TRUE	TRUE	retained
CLASP2	TRUE	TRUE	retained
CLASRP	TRUE	TRUE	retained
CLBA1	TRUE	TRUE	retained
CLCC1	TRUE	TRUE	retained
CLCF1	TRUE	TRUE	retained
CLCN2	TRUE	TRUE	retained
CLCN3	TRUE	TRUE	retained
CLCN3P1	TRUE	TRUE	retained
CLCN4	TRUE	TRUE	retained
CLCN5	TRUE	TRUE	retained
CLCN6	TRUE	TRUE	retained
CLCN7	TRUE	TRUE	retained
CLCNKA	TRUE	TRUE	retained
CLCNKB	TRUE	TRUE	retained
CLDN1	TRUE	TRUE	retained
CLDN11	TRUE	TRUE	retained
CLDN12	TRUE	TRUE	retained
CLDN15	TRUE	TRUE	retained
CLDN18	TRUE	TRUE	retained
CLDN19	TRUE	TRUE	retained
CLDN2	TRUE	TRUE	retained
CLDN20	TRUE	TRUE	retained
CLDN23	TRUE	TRUE	retained
CLDN3	TRUE	TRUE	retained
CLDN4	TRUE	TRUE	retained
CLDN5	TRUE	TRUE	retained
CLDN6	TRUE	TRUE	retained
CLDN7	TRUE	TRUE	retained
CLDND1	TRUE	TRUE	retained
CLEC11A	TRUE	TRUE	retained
CLEC14A	TRUE	TRUE	retained
CLEC16A	TRUE	TRUE	retained
CLEC18A	TRUE	TRUE	retained
CLEC18B	TRUE	TRUE	retained
CLEC18C	TRUE	TRUE	retained
CLEC1A	TRUE	TRUE	retained
CLEC2B	TRUE	TRUE	retained
CLEC2D	TRUE	TRUE	retained
CLEC3B	TRUE	TRUE	retained
CLEC4M	TRUE	TRUE	retained
CLEC7A	TRUE	TRUE	retained
CLHC1	TRUE	TRUE	retained
CLIC1	TRUE	TRUE	retained
CLIC1P1	TRUE	TRUE	retained
CLIC3	TRUE	TRUE	retained
CLIC4	TRUE	TRUE	retained
CLIC4P1	TRUE	TRUE	retained
CLIC4P3	TRUE	TRUE	retained
CLIC5	TRUE	TRUE	retained
CLINT1	TRUE	TRUE	retained
CLIP1	TRUE	TRUE	retained
CLIP2	TRUE	TRUE	retained
CLIP3	TRUE	TRUE	retained
CLIP4	TRUE	TRUE	retained
CLK1	TRUE	TRUE	retained
CLK2	TRUE	TRUE	retained
CLK2P1	TRUE	TRUE	retained
CLK3	TRUE	TRUE	retained
CLK4	TRUE	TRUE	retained
CLMN	TRUE	TRUE	retained
CLMP	TRUE	TRUE	retained
CLN3	TRUE	TRUE	retained
CLN5	TRUE	TRUE	retained
CLN6	TRUE	TRUE	retained
CLN8	TRUE	TRUE	retained
CLNK	TRUE	TRUE	retained
CLNS1A	TRUE	TRUE	retained
CLNS1AP1	TRUE	TRUE	retained
CLOCK	TRUE	TRUE	retained
CLP1	TRUE	TRUE	retained
CLPB	TRUE	TRUE	retained
CLPP	TRUE	TRUE	retained
CLPTM1	TRUE	TRUE	retained
CLPTM1L	TRUE	TRUE	retained
CLPX	TRUE	TRUE	retained
CLSPN	TRUE	TRUE	retained
CLSTN1	TRUE	TRUE	retained
CLSTN2	TRUE	TRUE	retained
CLSTN3	TRUE	TRUE	retained
CLTA	TRUE	TRUE	retained
CLTB	TRUE	TRUE	retained
CLTC	TRUE	TRUE	retained
CLTCL1	TRUE	TRUE	retained
CLU	TRUE	TRUE	retained
CLUAP1	TRUE	TRUE	retained
CLUH	TRUE	TRUE	retained
CLUHP6	TRUE	TRUE	retained
CLYBL	TRUE	TRUE	retained
CMAHP	TRUE	TRUE	retained
CMAS	TRUE	TRUE	retained
CMBL	TRUE	TRUE	retained
CMC1	TRUE	TRUE	retained
CMC2	TRUE	TRUE	retained
CMIP	TRUE	TRUE	retained
CMKLR1	TRUE	TRUE	retained
CMPK1	TRUE	TRUE	retained
CMPK2	TRUE	TRUE	retained
CMSS1	TRUE	TRUE	retained
CMTM1	TRUE	TRUE	retained
CMTM3	TRUE	TRUE	retained
CMTM4	TRUE	TRUE	retained
CMTM6	TRUE	TRUE	retained
CMTM7	TRUE	TRUE	retained
CMTM8	TRUE	TRUE	retained
CMTR1	TRUE	TRUE	retained
CMTR2	TRUE	TRUE	retained
CMYA5	TRUE	TRUE	retained
CNBP	TRUE	TRUE	retained
CNDP2	TRUE	TRUE	retained
CNEP1R1	TRUE	TRUE	retained
CNEP1R1P1	TRUE	TRUE	retained
CNGA1	TRUE	TRUE	retained
CNGB1	TRUE	TRUE	retained
CNIH1	TRUE	TRUE	retained
CNIH2	TRUE	TRUE	retained
CNIH4	TRUE	TRUE	retained
CNKSR1	TRUE	TRUE	retained
CNKSR2	TRUE	TRUE	retained
CNKSR3	TRUE	TRUE	retained
CNN1	TRUE	TRUE	retained
CNN2	TRUE	TRUE	retained
CNN2P1	TRUE	TRUE	retained
CNN2P12	TRUE	TRUE	retained
CNN2P4	TRUE	TRUE	retained
CNN2P6	TRUE	TRUE	retained
CNN2P7	TRUE	TRUE	retained
CNN2P9	TRUE	TRUE	retained
CNN3	TRUE	TRUE	retained
CNN3P1	TRUE	TRUE	retained
CNNM2	TRUE	TRUE	retained
CNNM3	TRUE	TRUE	retained
CNNM4	TRUE	TRUE	retained
CNOT1	TRUE	TRUE	retained
CNOT10	TRUE	TRUE	retained
CNOT11	TRUE	TRUE	retained
CNOT2	TRUE	TRUE	retained
CNOT3	TRUE	TRUE	retained
CNOT4	TRUE	TRUE	retained
CNOT6	TRUE	TRUE	retained
CNOT6L	TRUE	TRUE	retained
CNOT6LP1	TRUE	TRUE	retained
CNOT7	TRUE	TRUE	retained
CNOT7P1	TRUE	TRUE	retained
CNOT8	TRUE	TRUE	retained
CNOT9	TRUE	TRUE	retained
CNP	TRUE	TRUE	retained
CNPPD1	TRUE	TRUE	retained
CNPY2	TRUE	TRUE	retained
CNPY3	TRUE	TRUE	retained
CNPY4	TRUE	TRUE	retained
CNR1	TRUE	TRUE	retained
CNRIP1	TRUE	TRUE	retained
CNST	TRUE	TRUE	retained
CNTFR	TRUE	TRUE	retained
CNTLN	TRUE	TRUE	retained
CNTN2	TRUE	TRUE	retained
CNTN4	TRUE	TRUE	retained
CNTN5	TRUE	TRUE	retained
CNTN6	TRUE	TRUE	retained
CNTNAP1	TRUE	TRUE	retained
CNTNAP2	TRUE	TRUE	retained
CNTNAP3	TRUE	TRUE	retained
CNTNAP3B	TRUE	TRUE	retained
CNTNAP3C	TRUE	TRUE	retained
CNTNAP3P2	TRUE	TRUE	retained
CNTRL	TRUE	TRUE	retained
CNTROB	TRUE	TRUE	retained
COA1	TRUE	TRUE	retained
COA3	TRUE	TRUE	retained
COA4	TRUE	TRUE	retained
COA5	TRUE	TRUE	retained
COA6	TRUE	TRUE	retained
COA7	TRUE	TRUE	retained
COA8	TRUE	TRUE	retained
COASY	TRUE	TRUE	retained
COBL	TRUE	TRUE	retained
COBLL1	TRUE	TRUE	retained
COBLP1	TRUE	TRUE	retained
COG1	TRUE	TRUE	retained
COG2	TRUE	TRUE	retained
COG3	TRUE	TRUE	retained
COG4	TRUE	TRUE	retained
COG5	TRUE	TRUE	retained
COG6	TRUE	TRUE	retained
COG7	TRUE	TRUE	retained
COG8	TRUE	TRUE	retained
COIL	TRUE	TRUE	retained
COILP1	TRUE	TRUE	retained
COL10A1	TRUE	TRUE	retained
COL11A1	TRUE	TRUE	retained
COL11A2	TRUE	TRUE	retained
COL12A1	TRUE	TRUE	retained
COL13A1	TRUE	TRUE	retained
COL14A1	TRUE	TRUE	retained
COL15A1	TRUE	TRUE	retained
COL16A1	TRUE	TRUE	retained
COL17A1	TRUE	TRUE	retained
COL18A1	TRUE	TRUE	retained
COL1A1	TRUE	TRUE	retained
COL1A2	TRUE	TRUE	retained
COL21A1	TRUE	TRUE	retained
COL24A1	TRUE	TRUE	retained
COL25A1	TRUE	TRUE	retained
COL27A1	TRUE	TRUE	retained
COL28A1	TRUE	TRUE	retained
COL2A1	TRUE	TRUE	retained
COL3A1	TRUE	TRUE	retained
COL4A1	TRUE	TRUE	retained
COL4A2	TRUE	TRUE	retained
COL4A2-AS2	TRUE	TRUE	retained
COL4A3	TRUE	TRUE	retained
COL4A4	TRUE	TRUE	retained
COL4A5	TRUE	TRUE	retained
COL4A6	TRUE	TRUE	retained
COL5A1	TRUE	TRUE	retained
COL5A1-AS1	TRUE	TRUE	retained
COL5A2	TRUE	TRUE	retained
COL5A3	TRUE	TRUE	retained
COL6A1	TRUE	TRUE	retained
COL6A2	TRUE	TRUE	retained
COL6A3	TRUE	TRUE	retained
COL6A6	TRUE	TRUE	retained
COL7A1	TRUE	TRUE	retained
COL8A2	TRUE	TRUE	retained
COL9A1	TRUE	TRUE	retained
COL9A2	TRUE	TRUE	retained
COL9A3	TRUE	TRUE	retained
COLEC10	TRUE	TRUE	retained
COLEC11	TRUE	TRUE	retained
COLEC12	TRUE	TRUE	retained
COLGALT1	TRUE	TRUE	retained
COLQ	TRUE	TRUE	retained
COMMD1	TRUE	TRUE	retained
COMMD10	TRUE	TRUE	retained
COMMD2	TRUE	TRUE	retained
COMMD3	TRUE	TRUE	retained
COMMD4	TRUE	TRUE	retained
COMMD4P1	TRUE	TRUE	retained
COMMD5	TRUE	TRUE	retained
COMMD6	TRUE	TRUE	retained
COMMD7	TRUE	TRUE	retained
COMMD8	TRUE	TRUE	retained
COMMD9	TRUE	TRUE	retained
COMP	TRUE	TRUE	retained
COMT	TRUE	TRUE	retained
COMTD1	TRUE	TRUE	retained
COP1	TRUE	TRUE	retained
COP1P1	TRUE	TRUE	retained
COPA	TRUE	TRUE	retained
COPB1	TRUE	TRUE	retained
COPB2	TRUE	TRUE	retained
COPE	TRUE	TRUE	retained
COPG1	TRUE	TRUE	retained
COPG2	TRUE	TRUE	retained
COPRS	TRUE	TRUE	retained
COPS2	TRUE	TRUE	retained
COPS3	TRUE	TRUE	retained
COPS4	TRUE	TRUE	retained
COPS5	TRUE	TRUE	retained
COPS5P1	TRUE	TRUE	retained
COPS6	TRUE	TRUE	retained
COPS7A	TRUE	TRUE	retained
COPS7B	TRUE	TRUE	retained
COPS8	TRUE	TRUE	retained
COPS8P2	TRUE	TRUE	retained
COPS9	TRUE	TRUE	retained
COPZ1	TRUE	TRUE	retained
COPZ2	TRUE	TRUE	retained
COQ10A	TRUE	TRUE	retained
COQ10B	TRUE	TRUE	retained
COQ10BP2	TRUE	TRUE	retained
COQ2	TRUE	TRUE	retained
COQ3	TRUE	TRUE	retained
COQ4	TRUE	TRUE	retained
COQ5	TRUE	TRUE	retained
COQ6	TRUE	TRUE	retained
COQ7	TRUE	TRUE	retained
COQ8A	TRUE	TRUE	retained
COQ8B	TRUE	TRUE	retained
COQ9	TRUE	TRUE	retained
CORIN	TRUE	TRUE	retained
CORO1A	TRUE	TRUE	retained
CORO1B	TRUE	TRUE	retained
CORO1C	TRUE	TRUE	retained
CORO2A	TRUE	TRUE	retained
CORO2B	TRUE	TRUE	retained
CORO6	TRUE	TRUE	retained
CORO7	TRUE	TRUE	retained
COTL1	TRUE	TRUE	retained
COTL1P2	TRUE	TRUE	retained
COX10	TRUE	TRUE	retained
COX11	TRUE	TRUE	retained
COX11P1	TRUE	TRUE	retained
COX14	TRUE	TRUE	retained
COX15	TRUE	TRUE	retained
COX16	TRUE	TRUE	retained
COX17	TRUE	TRUE	retained
COX17P1	TRUE	TRUE	retained
COX18	TRUE	TRUE	retained
COX19	TRUE	TRUE	retained
COX20P1	TRUE	TRUE	retained
COX4I1	TRUE	TRUE	retained
COX4I1P1	TRUE	TRUE	retained
COX4I2	TRUE	TRUE	retained
COX5A	TRUE	TRUE	retained
COX5AP1	TRUE	TRUE	retained
COX5AP2	TRUE	TRUE	retained
COX5B	TRUE	TRUE	retained
COX5BP1	TRUE	TRUE	retained
COX5BP6	TRUE	TRUE	retained
COX6A1	TRUE	TRUE	retained
COX6A1P2	TRUE	TRUE	retained
COX6B1	TRUE	TRUE	retained
COX6B1P1	TRUE	TRUE	retained
COX6C	TRUE	TRUE	retained
COX6CP1	TRUE	TRUE	retained
COX7A1	TRUE	TRUE	retained
COX7A2	TRUE	TRUE	retained
COX7A2L	TRUE	TRUE	retained
COX7A2P2	TRUE	TRUE	retained
COX7B	TRUE	TRUE	retained
COX7BP2	TRUE	TRUE	retained
COX7C	TRUE	TRUE	retained
COX7CP1	TRUE	TRUE	retained
COX8A	TRUE	TRUE	retained
CP	TRUE	TRUE	retained
CPA1	TRUE	TRUE	retained
CPA4	TRUE	TRUE	retained
CPA5	TRUE	TRUE	retained
CPAMD8	TRUE	TRUE	retained
CPD	TRUE	TRUE	retained
CPE	TRUE	TRUE	retained
CPEB2	TRUE	TRUE	retained
CPEB3	TRUE	TRUE	retained
CPEB4	TRUE	TRUE	retained
CPED1	TRUE	TRUE	retained
CPLANE1	TRUE	TRUE	retained
CPLANE2	TRUE	TRUE	retained
CPM	TRUE	TRUE	retained
CPNE1	TRUE	TRUE	retained
CPNE2	TRUE	TRUE	retained
CPNE3	TRUE	TRUE	retained
CPNE5	TRUE	TRUE	retained
CPNE8	TRUE	TRUE	retained
CPOX	TRUE	TRUE	retained
CPPED1	TRUE	TRUE	retained
CPQ	TRUE	TRUE	retained
CPS1	TRUE	TRUE	retained
CPSF1	TRUE	TRUE	retained
CPSF2	TRUE	TRUE	retained
CPSF3	TRUE	TRUE	retained
CPSF4	TRUE	TRUE	retained
CPSF6	TRUE	TRUE	retained
CPSF7	TRUE	TRUE	retained
CPT1A	TRUE	TRUE	retained
CPT1B	TRUE	TRUE	retained
CPT1C	TRUE	TRUE	retained
CPT2	TRUE	TRUE	retained
CPTP	TRUE	TRUE	retained
CPVL	TRUE	TRUE	retained
CPXM1	TRUE	TRUE	retained
CPXM2	TRUE	TRUE	retained
CPZ	TRUE	TRUE	retained
CR1	TRUE	TRUE	retained
CR1L	TRUE	TRUE	retained
CRABP1	TRUE	TRUE	retained
CRABP2	TRUE	TRUE	retained
CRACD	TRUE	TRUE	retained
CRACDL	TRUE	TRUE	retained
CRACR2A	TRUE	TRUE	retained
CRACR2B	TRUE	TRUE	retained
CRADD	TRUE	TRUE	retained
CRAMP1	TRUE	TRUE	retained
CRAT	TRUE	TRUE	retained
CRB2	TRUE	TRUE	retained
CRB3	TRUE	TRUE	retained
CRBN	TRUE	TRUE	retained
CRCP	TRUE	TRUE	retained
CREB1	TRUE	TRUE	retained
CREB3	TRUE	TRUE	retained
CREB3L1	TRUE	TRUE	retained
CREB3L2	TRUE	TRUE	retained
CREB3L2-AS1	TRUE	TRUE	retained
CREB3L4	TRUE	TRUE	retained
CREB5	TRUE	TRUE	retained
CREBBP	TRUE	TRUE	retained
CREBL2	TRUE	TRUE	retained
CREBRF	TRUE	TRUE	retained
CREBZF	TRUE	TRUE	retained
CREG1	TRUE	TRUE	retained
CRELD1	TRUE	TRUE	retained
CRELD2	TRUE	TRUE	retained
CREM	TRUE	TRUE	retained
CRHBP	TRUE	TRUE	retained
CRIM1	TRUE	TRUE	retained
CRIP1P2	TRUE	TRUE	retained
CRIP1P4	TRUE	TRUE	retained
CRIP2	TRUE	TRUE	retained
CRIPT	TRUE	TRUE	retained
CRISPLD1	TRUE	TRUE	retained
CRISPLD2	TRUE	TRUE	retained
CRK	TRUE	TRUE	retained
CRKL	TRUE	TRUE	retained
CRLF1	TRUE	TRUE	retained
CRLF3	TRUE	TRUE	retained
CRLF3P1	TRUE	TRUE	retained
CRLF3P2	TRUE	TRUE	retained
CRLS1	TRUE	TRUE	retained
CRMP1	TRUE	TRUE	retained
CRNKL1	TRUE	TRUE	retained
CROCC	TRUE	TRUE	retained
CROCC2	TRUE	TRUE	retained
CROCCP1	TRUE	TRUE	retained
CROCCP2	TRUE	TRUE	retained
CROCCP3	TRUE	TRUE	retained
CROT	TRUE	TRUE	retained
CRPPA	TRUE	TRUE	retained
CRTAP	TRUE	TRUE	retained
CRTC1	TRUE	TRUE	retained
CRTC1P1	TRUE	TRUE	retained
CRTC2	TRUE	TRUE	retained
CRTC3	TRUE	TRUE	retained
CRY1	TRUE	TRUE	retained
CRY2	TRUE	TRUE	retained
CRYAB	TRUE	TRUE	retained
CRYBB1	TRUE	TRUE	retained
CRYBB2P1	TRUE	TRUE	retained
CRYBG1	TRUE	TRUE	retained
CRYBG2	TRUE	TRUE	retained
CRYBG3	TRUE	TRUE	retained
CRYGS	TRUE	TRUE	retained
CRYL1	TRUE	TRUE	retained
CRYZ	TRUE	TRUE	retained
CRYZL1	TRUE	TRUE	retained
CS	TRUE	TRUE	retained
CSAD	TRUE	TRUE	retained
CSDE1	TRUE	TRUE	retained
CSE1L	TRUE	TRUE	retained
CSF1	TRUE	TRUE	retained
CSF1R	TRUE	TRUE	retained
CSF2RA	TRUE	TRUE	retained
CSF2RB	TRUE	TRUE	retained
CSF3R	TRUE	TRUE	retained
CSGALNACT1	TRUE	TRUE	retained
CSGALNACT2	TRUE	TRUE	retained
CSGALNACT2P1	TRUE	TRUE	retained
CSH1	TRUE	TRUE	retained
CSH2	TRUE	TRUE	retained
CSHL1	TRUE	TRUE	retained
CSK	TRUE	TRUE	retained
CSKMT	TRUE	TRUE	retained
CSMD1	TRUE	TRUE	retained
CSMD2	TRUE	TRUE	retained
CSMD3	TRUE	TRUE	retained
CSNK1A1	TRUE	TRUE	retained
CSNK1A1L	TRUE	TRUE	retained
CSNK1A1P1	TRUE	TRUE	retained
CSNK1A1P3	TRUE	TRUE	retained
CSNK1D	TRUE	TRUE	retained
CSNK1E	TRUE	TRUE	retained
CSNK1G1	TRUE	TRUE	retained
CSNK1G2	TRUE	TRUE	retained
CSNK1G2P1	TRUE	TRUE	retained
CSNK1G3	TRUE	TRUE	retained
CSNK2A1	TRUE	TRUE	retained
CSNK2A2	TRUE	TRUE	retained
CSNK2A3	TRUE	TRUE	retained
CSNK2B	TRUE	TRUE	retained
CSPG4	TRUE	TRUE	retained
CSPG4P10	TRUE	TRUE	retained
CSPG4P11	TRUE	TRUE	retained
CSPG4P12	TRUE	TRUE	retained
CSPG4P13	TRUE	TRUE	retained
CSPP1	TRUE	TRUE	retained
CSRNP1	TRUE	TRUE	retained
CSRNP2	TRUE	TRUE	retained
CSRNP3	TRUE	TRUE	retained
CSRP1	TRUE	TRUE	retained
CSRP2	TRUE	TRUE	retained
CST3	TRUE	TRUE	retained
CSTA	TRUE	TRUE	retained
CSTB	TRUE	TRUE	retained
CSTF1	TRUE	TRUE	retained
CSTF2	TRUE	TRUE	retained
CSTF2T	TRUE	TRUE	retained
CSTF3	TRUE	TRUE	retained
CTAGE1	TRUE	TRUE	retained
CTAGE10P	TRUE	TRUE	retained
CTAGE11P	TRUE	TRUE	retained
CTAGE12P	TRUE	TRUE	retained
CTAGE13P	TRUE	TRUE	retained
CTAGE15	TRUE	TRUE	retained
CTAGE3P	TRUE	TRUE	retained
CTAGE4	TRUE	TRUE	retained
CTAGE6	TRUE	TRUE	retained
CTAGE7P	TRUE	TRUE	retained
CTAGE8	TRUE	TRUE	retained
CTAGE9	TRUE	TRUE	retained
CTBP1	TRUE	TRUE	retained
CTBP1-DT	TRUE	TRUE	retained
CTBP2	TRUE	TRUE	retained
CTBP2P4	TRUE	TRUE	retained
CTBP2P6	TRUE	TRUE	retained
CTBP2P8	TRUE	TRUE	retained
CTBS	TRUE	TRUE	retained
CTC1	TRUE	TRUE	retained
CTCF	TRUE	TRUE	retained
CTDNEP1	TRUE	TRUE	retained
CTDP1	TRUE	TRUE	retained
CTDSP1	TRUE	TRUE	retained
CTDSP2	TRUE	TRUE	retained
CTDSPL	TRUE	TRUE	retained
CTDSPL2	TRUE	TRUE	retained
CTDSPL2P1	TRUE	TRUE	retained
CTH	TRUE	TRUE	retained
CTHRC1	TRUE	TRUE	retained
CTIF	TRUE	TRUE	retained
CTNNA1	TRUE	TRUE	retained
CTNNA1P1	TRUE	TRUE	retained
CTNNA2	TRUE	TRUE	retained
CTNNA3	TRUE	TRUE	retained
CTNNAL1	TRUE	TRUE	retained
CTNNB1	TRUE	TRUE	retained
CTNNBIP1	TRUE	TRUE	retained
CTNNBL1	TRUE	TRUE	retained
CTNNBL1P1	TRUE	TRUE	retained
CTNND1	TRUE	TRUE	retained
CTNND2	TRUE	TRUE	retained
CTNS	TRUE	TRUE	retained
CTPS1	TRUE	TRUE	retained
CTPS2	TRUE	TRUE	retained
CTR9	TRUE	TRUE	retained
CTSA	TRUE	TRUE	retained
CTSB	TRUE	TRUE	retained
CTSC	TRUE	TRUE	retained
CTSD	TRUE	TRUE	retained
CTSF	TRUE	TRUE	retained
CTSH	TRUE	TRUE	retained
CTSK	TRUE	TRUE	retained
CTSL	TRUE	TRUE	retained
CTSL3P	TRUE	TRUE	retained
CTSO	TRUE	TRUE	retained
CTSS	TRUE	TRUE	retained
CTSV	TRUE	TRUE	retained
CTSW	TRUE	TRUE	retained
CTSZ	TRUE	TRUE	retained
CTTN	TRUE	TRUE	retained
CTTNBP2	TRUE	TRUE	retained
CTTNBP2NL	TRUE	TRUE	retained
CTU1	TRUE	TRUE	retained
CTU2	TRUE	TRUE	retained
CUBN	TRUE	TRUE	retained
CUEDC1	TRUE	TRUE	retained
CUEDC2	TRUE	TRUE	retained
CUL1	TRUE	TRUE	retained
CUL1P1	TRUE	TRUE	retained
CUL2	TRUE	TRUE	retained
CUL3	TRUE	TRUE	retained
CUL4A	TRUE	TRUE	retained
CUL4B	TRUE	TRUE	retained
CUL5	TRUE	TRUE	retained
CUL7	TRUE	TRUE	retained
CUL9	TRUE	TRUE	retained
CUTA	TRUE	TRUE	retained
CUTC	TRUE	TRUE	retained
CUX1	TRUE	TRUE	retained
CUX2	TRUE	TRUE	retained
CWC15	TRUE	TRUE	retained
CWC22	TRUE	TRUE	retained
CWC25	TRUE	TRUE	retained
CWC27	TRUE	TRUE	retained
CWF19L1	TRUE	TRUE	retained
CWF19L2	TRUE	TRUE	retained
CXCL1	TRUE	TRUE	retained
CXCL12	TRUE	TRUE	retained
CXCL14	TRUE	TRUE	retained
CXCL16	TRUE	TRUE	retained
CXCL8	TRUE	TRUE	retained
CXCR4	TRUE	TRUE	retained
CXCR6	TRUE	TRUE	retained
CXorf38	TRUE	TRUE	retained
CXXC1	TRUE	TRUE	retained
CXXC5	TRUE	TRUE	retained
CYB561	TRUE	TRUE	retained
CYB561A3	TRUE	TRUE	retained
CYB561D1	TRUE	TRUE	retained
CYB561D2	TRUE	TRUE	retained
CYB5A	TRUE	TRUE	retained
CYB5AP3	TRUE	TRUE	retained
CYB5B	TRUE	TRUE	retained
CYB5D1	TRUE	TRUE	retained
CYB5D2	TRUE	TRUE	retained
CYB5R1	TRUE	TRUE	retained
CYB5R2	TRUE	TRUE	retained
CYB5R3	TRUE	TRUE	retained
CYB5R4	TRUE	TRUE	retained
CYB5RL	TRUE	TRUE	retained
CYBA	TRUE	TRUE	retained
CYBB	TRUE	TRUE	retained
CYBC1	TRUE	TRUE	retained
CYBRD1	TRUE	TRUE	retained
CYC1	TRUE	TRUE	retained
CYCS	TRUE	TRUE	retained
CYCSP55	TRUE	TRUE	retained
CYFIP1	TRUE	TRUE	retained
CYFIP2	TRUE	TRUE	retained
CYGB	TRUE	TRUE	retained
CYHR1	TRUE	TRUE	retained
CYLD	TRUE	TRUE	retained
CYP11A1	TRUE	TRUE	retained
CYP19A1	TRUE	TRUE	retained
CYP1B1	TRUE	TRUE	retained
CYP20A1	TRUE	TRUE	retained
CYP21A1P	TRUE	TRUE	retained
CYP21A2	TRUE	TRUE	retained
CYP24A1	TRUE	TRUE	retained
CYP26B1	TRUE	TRUE	retained
CYP27A1	TRUE	TRUE	retained
CYP27B1	TRUE	TRUE	retained
CYP2A6	TRUE	TRUE	retained
CYP2D6	TRUE	TRUE	retained
CYP2D7	TRUE	TRUE	retained
CYP2D8P	TRUE	TRUE	retained
CYP2E1	TRUE	TRUE	retained
CYP2F2P	TRUE	TRUE	retained
CYP2J2	TRUE	TRUE	retained
CYP2R1	TRUE	TRUE	retained
CYP2S1	TRUE	TRUE	retained
CYP2T1P	TRUE	TRUE	retained
CYP2U1	TRUE	TRUE	retained
CYP2W1	TRUE	TRUE	retained
CYP3A5	TRUE	TRUE	retained
CYP46A1	TRUE	TRUE	retained
CYP4B1	TRUE	TRUE	retained
CYP4F12	TRUE	TRUE	retained
CYP4V2	TRUE	TRUE	retained
CYP4X1	TRUE	TRUE	retained
CYP51A1	TRUE	TRUE	retained
CYP51A1P1	TRUE	TRUE	retained
CYP51A1P2	TRUE	TRUE	retained
CYP8B1	TRUE	TRUE	retained
CYREN	TRUE	TRUE	retained
CYRIA	TRUE	TRUE	retained
CYRIB	TRUE	TRUE	retained
CYSLTR2	TRUE	TRUE	retained
CYSTM1	TRUE	TRUE	retained
CYTH1	TRUE	TRUE	retained
CYTH2	TRUE	TRUE	retained
CYTH3	TRUE	TRUE	retained
CYTH4	TRUE	TRUE	retained
CYTIP	TRUE	TRUE	retained
CYTL1	TRUE	TRUE	retained
CYYR1	TRUE	TRUE	retained
CZIB	TRUE	TRUE	retained
D2HGDH	TRUE	TRUE	retained
DAAM1	TRUE	TRUE	retained
DAAM2	TRUE	TRUE	retained
DAB1	TRUE	TRUE	retained
DAB2	TRUE	TRUE	retained
DAB2IP	TRUE	TRUE	retained
DACH1	TRUE	TRUE	retained
DACT1	TRUE	TRUE	retained
DACT2	TRUE	TRUE	retained
DACT3	TRUE	TRUE	retained
DAD1	TRUE	TRUE	retained
DAG1	TRUE	TRUE	retained
DAGLA	TRUE	TRUE	retained
DAGLB	TRUE	TRUE	retained
DALRD3	TRUE	TRUE	retained
DAP	TRUE	TRUE	retained
DAP3	TRUE	TRUE	retained
DAP3P2	TRUE	TRUE	retained
DAPK1	TRUE	TRUE	retained
DAPK2	TRUE	TRUE	retained
DAPK3	TRUE	TRUE	retained
DAPP1	TRUE	TRUE	retained
DARS1	TRUE	TRUE	retained
DARS2	TRUE	TRUE	retained
DAXX	TRUE	TRUE	retained
DAZAP1	TRUE	TRUE	retained
DAZAP2	TRUE	TRUE	retained
DAZAP2P1	TRUE	TRUE	retained
DBF4	TRUE	TRUE	retained
DBF4B	TRUE	TRUE	retained
DBF4P1	TRUE	TRUE	retained
DBH	TRUE	TRUE	retained
DBI	TRUE	TRUE	retained
DBIP1	TRUE	TRUE	retained
DBN1	TRUE	TRUE	retained
DBNL	TRUE	TRUE	retained
DBP	TRUE	TRUE	retained
DBR1	TRUE	TRUE	retained
DBT	TRUE	TRUE	retained
DCAF1	TRUE	TRUE	retained
DCAF10	TRUE	TRUE	retained
DCAF11	TRUE	TRUE	retained
DCAF12	TRUE	TRUE	retained
DCAF13	TRUE	TRUE	retained
DCAF13P1	TRUE	TRUE	retained
DCAF13P3	TRUE	TRUE	retained
DCAF15	TRUE	TRUE	retained
DCAF16	TRUE	TRUE	retained
DCAF17	TRUE	TRUE	retained
DCAF4	TRUE	TRUE	retained
DCAF4L1	TRUE	TRUE	retained
DCAF5	TRUE	TRUE	retained
DCAF6	TRUE	TRUE	retained
DCAF7	TRUE	TRUE	retained
DCAF8	TRUE	TRUE	retained
DCAF8L1	TRUE	TRUE	retained
DCAF8L2	TRUE	TRUE	retained
DCAKD	TRUE	TRUE	retained
DCBLD1	TRUE	TRUE	retained
DCBLD2	TRUE	TRUE	retained
DCC	TRUE	TRUE	retained
DCDC2	TRUE	TRUE	retained
DCDC2B	TRUE	TRUE	retained
DCHS1	TRUE	TRUE	retained
DCK	TRUE	TRUE	retained
DCLK1	TRUE	TRUE	retained
DCLK2	TRUE	TRUE	retained
DCLK3	TRUE	TRUE	retained
DCLRE1A	TRUE	TRUE	retained
DCLRE1B	TRUE	TRUE	retained
DCLRE1C	TRUE	TRUE	retained
DCN	TRUE	TRUE	retained
DCP1A	TRUE	TRUE	retained
DCP1B	TRUE	TRUE	retained
DCP2	TRUE	TRUE	retained
DCPS	TRUE	TRUE	retained
DCST1	TRUE	TRUE	retained
DCST2	TRUE	TRUE	retained
DCTD	TRUE	TRUE	retained
DCTN1	TRUE	TRUE	retained
DCTN2	TRUE	TRUE	retained
DCTN3	TRUE	TRUE	retained
DCTN4	TRUE	TRUE	retained
DCTN5	TRUE	TRUE	retained
DCTN6	TRUE	TRUE	retained
DCTPP1	TRUE	TRUE	retained
DCUN1D1	TRUE	TRUE	retained
DCUN1D2	TRUE	TRUE	retained
DCUN1D3	TRUE	TRUE	retained
DCUN1D4	TRUE	TRUE	retained
DCUN1D5	TRUE	TRUE	retained
DCX	TRUE	TRUE	retained
DCXR	TRUE	TRUE	retained
DDA1	TRUE	TRUE	retained
DDAH1	TRUE	TRUE	retained
DDAH2	TRUE	TRUE	retained
DDB1	TRUE	TRUE	retained
DDB2	TRUE	TRUE	retained
DDHD1	TRUE	TRUE	retained
DDHD2	TRUE	TRUE	retained
DDI2	TRUE	TRUE	retained
DDIAS	TRUE	TRUE	retained
DDIT3	TRUE	TRUE	retained
DDIT4	TRUE	TRUE	retained
DDIT4L	TRUE	TRUE	retained
DDOST	TRUE	TRUE	retained
DDR1	TRUE	TRUE	retained
DDR2	TRUE	TRUE	retained
DDRGK1	TRUE	TRUE	retained
DDT	TRUE	TRUE	retained
DDTL	TRUE	TRUE	retained
DDX1	TRUE	TRUE	retained
DDX10	TRUE	TRUE	retained
DDX10P2	TRUE	TRUE	retained
DDX11	TRUE	TRUE	retained
DDX11L1	TRUE	TRUE	retained
DDX11L17	TRUE	TRUE	retained
DDX11L2	TRUE	TRUE	retained
DDX11L5	TRUE	TRUE	retained
DDX12P	TRUE	TRUE	retained
DDX17	TRUE	TRUE	retained
DDX18	TRUE	TRUE	retained
DDX18P1	TRUE	TRUE	retained
DDX18P3	TRUE	TRUE	retained
DDX18P4	TRUE	TRUE	retained
DDX18P5	TRUE	TRUE	retained
DDX18P6	TRUE	TRUE	retained
DDX19A	TRUE	TRUE	retained
DDX19B	TRUE	TRUE	retained
DDX20	TRUE	TRUE	retained
DDX21	TRUE	TRUE	retained
DDX23	TRUE	TRUE	retained
DDX24	TRUE	TRUE	retained
DDX27	TRUE	TRUE	retained
DDX28	TRUE	TRUE	retained
DDX31	TRUE	TRUE	retained
DDX39A	TRUE	TRUE	retained
DDX39B	TRUE	TRUE	retained
DDX3P1	TRUE	TRUE	retained
DDX3P3	TRUE	TRUE	retained
DDX3X	TRUE	TRUE	retained
DDX3Y	TRUE	TRUE	retained
DDX41	TRUE	TRUE	retained
DDX42	TRUE	TRUE	retained
DDX43	TRUE	TRUE	retained
DDX46	TRUE	TRUE	retained
DDX47	TRUE	TRUE	retained
DDX49	TRUE	TRUE	retained
DDX5	TRUE	TRUE	retained
DDX50	TRUE	TRUE	retained
DDX50P1	TRUE	TRUE	retained
DDX50P2	TRUE	TRUE	retained
DDX51	TRUE	TRUE	retained
DDX52	TRUE	TRUE	retained
DDX54	TRUE	TRUE	retained
DDX55	TRUE	TRUE	retained
DDX55P1	TRUE	TRUE	retained
DDX56	TRUE	TRUE	retained
DDX58	TRUE	TRUE	retained
DDX59	TRUE	TRUE	retained
DDX6	TRUE	TRUE	retained
DDX60	TRUE	TRUE	retained
DDX60L	TRUE	TRUE	retained
DDX6P1	TRUE	TRUE	retained
DDX6P2	TRUE	TRUE	retained
DEAF1	TRUE	TRUE	retained
DECR1	TRUE	TRUE	retained
DECR2	TRUE	TRUE	retained
DEDD	TRUE	TRUE	retained
DEDD2	TRUE	TRUE	retained
DEF6	TRUE	TRUE	retained
DEF8	TRUE	TRUE	retained
DEGS1	TRUE	TRUE	retained
DEGS2	TRUE	TRUE	retained
DEK	TRUE	TRUE	retained
DELE1	TRUE	TRUE	retained
DENND10	TRUE	TRUE	retained
DENND10P1	TRUE	TRUE	retained
DENND11	TRUE	TRUE	retained
DENND1A	TRUE	TRUE	retained
DENND1B	TRUE	TRUE	retained
DENND1C	TRUE	TRUE	retained
DENND2A	TRUE	TRUE	retained
DENND2B	TRUE	TRUE	retained
DENND2C	TRUE	TRUE	retained
DENND2D	TRUE	TRUE	retained
DENND3	TRUE	TRUE	retained
DENND4A	TRUE	TRUE	retained
DENND4B	TRUE	TRUE	retained
DENND4C	TRUE	TRUE	retained
DENND5A	TRUE	TRUE	retained
DENND5B	TRUE	TRUE	retained
DENND6A	TRUE	TRUE	retained
DENND6B	TRUE	TRUE	retained
DENR	TRUE	TRUE	retained
DEPDC1	TRUE	TRUE	retained
DEPDC1B	TRUE	TRUE	retained
DEPDC1P1	TRUE	TRUE	retained
DEPDC1P2	TRUE	TRUE	retained
DEPDC5	TRUE	TRUE	retained
DEPDC7	TRUE	TRUE	retained
DEPP1	TRUE	TRUE	retained
DEPTOR	TRUE	TRUE	retained
DERA	TRUE	TRUE	retained
DERL1	TRUE	TRUE	retained
DERL2	TRUE	TRUE	retained
DERL3	TRUE	TRUE	retained
DES	TRUE	TRUE	retained
DESI1	TRUE	TRUE	retained
DESI2	TRUE	TRUE	retained
DFFA	TRUE	TRUE	retained
DFFB	TRUE	TRUE	retained
DGAT1	TRUE	TRUE	retained
DGCR2	TRUE	TRUE	retained
DGCR6	TRUE	TRUE	retained
DGCR6L	TRUE	TRUE	retained
DGCR8	TRUE	TRUE	retained
DGKA	TRUE	TRUE	retained
DGKD	TRUE	TRUE	retained
DGKE	TRUE	TRUE	retained
DGKG	TRUE	TRUE	retained
DGKH	TRUE	TRUE	retained
DGKI	TRUE	TRUE	retained
DGKQ	TRUE	TRUE	retained
DGKZ	TRUE	TRUE	retained
DGKZP1	TRUE	TRUE	retained
DGLUCY	TRUE	TRUE	retained
DGUOK	TRUE	TRUE	retained
DHCR24	TRUE	TRUE	retained
DHCR7	TRUE	TRUE	retained
DHDDS	TRUE	TRUE	retained
DHFR	TRUE	TRUE	retained
DHFRP1	TRUE	TRUE	retained
DHODH	TRUE	TRUE	retained
DHPS	TRUE	TRUE	retained
DHRS1	TRUE	TRUE	retained
DHRS11	TRUE	TRUE	retained
DHRS12	TRUE	TRUE	retained
DHRS13	TRUE	TRUE	retained
DHRS2	TRUE	TRUE	retained
DHRS3	TRUE	TRUE	retained
DHRS4	TRUE	TRUE	retained
DHRS4L2	TRUE	TRUE	retained
DHRS7	TRUE	TRUE	retained
DHRS7B	TRUE	TRUE	retained
DHRS9	TRUE	TRUE	retained
DHRSX	TRUE	TRUE	retained
DHTKD1	TRUE	TRUE	retained
DHX15	TRUE	TRUE	retained
DHX16	TRUE	TRUE	retained
DHX29	TRUE	TRUE	retained
DHX30	TRUE	TRUE	retained
DHX32	TRUE	TRUE	retained
DHX33	TRUE	TRUE	retained
DHX34	TRUE	TRUE	retained
DHX35	TRUE	TRUE	retained
DHX36	TRUE	TRUE	retained
DHX37	TRUE	TRUE	retained
DHX38	TRUE	TRUE	retained
DHX40	TRUE	TRUE	retained
DHX57	TRUE	TRUE	retained
DHX58	TRUE	TRUE	retained
DHX8	TRUE	TRUE	retained
DHX9	TRUE	TRUE	retained
DHX9P1	TRUE	TRUE	retained
DIABLO	TRUE	TRUE	retained
DIAPH1	TRUE	TRUE	retained
DIAPH2	TRUE	TRUE	retained
DIAPH3	TRUE	TRUE	retained
DICER1	TRUE	TRUE	retained
DIDO1	TRUE	TRUE	retained
DIMT1	TRUE	TRUE	retained
DIO1	TRUE	TRUE	retained
DIO2	TRUE	TRUE	retained
DIO3	TRUE	TRUE	retained
DIO3OS	TRUE	TRUE	retained
DIP2A	TRUE	TRUE	retained
DIP2B	TRUE	TRUE	retained
DIP2C	TRUE	TRUE	retained
DIP2C-AS1	TRUE	TRUE	retained
DIPK1A	TRUE	TRUE	retained
DIPK1B	TRUE	TRUE	retained
DIPK2A	TRUE	TRUE	retained
DIPK2B	TRUE	TRUE	retained
DIRAS1	TRUE	TRUE	retained
DIRAS3	TRUE	TRUE	retained
DIS3	TRUE	TRUE	retained
DIS3L	TRUE	TRUE	retained
DIS3L2	TRUE	TRUE	retained
DISC1	TRUE	TRUE	retained
DISP1	TRUE	TRUE	retained
DISP2	TRUE	TRUE	retained
DISP3	TRUE	TRUE	retained
DIXDC1	TRUE	TRUE	retained
DKC1	TRUE	TRUE	retained
DKK1	TRUE	TRUE	retained
DKK2	TRUE	TRUE	retained
DKK3	TRUE	TRUE	retained
DLAT	TRUE	TRUE	retained
DLC1	TRUE	TRUE	retained
DLD	TRUE	TRUE	retained
DLEC1	TRUE	TRUE	retained
DLEU1	TRUE	TRUE	retained
DLG1	TRUE	TRUE	retained
DLG2	TRUE	TRUE	retained
DLG3	TRUE	TRUE	retained
DLG4	TRUE	TRUE	retained
DLG5	TRUE	TRUE	retained
DLGAP1	TRUE	TRUE	retained
DLGAP1-AS1	TRUE	TRUE	retained
DLGAP3	TRUE	TRUE	retained
DLGAP4	TRUE	TRUE	retained
DLGAP5	TRUE	TRUE	retained
DLK1	TRUE	TRUE	retained
DLK2	TRUE	TRUE	retained
DLL1	TRUE	TRUE	retained
DLL4	TRUE	TRUE	retained
DLST	TRUE	TRUE	retained
DLX3	TRUE	TRUE	retained
DLX4	TRUE	TRUE	retained
DLX5	TRUE	TRUE	retained
DLX6	TRUE	TRUE	retained
DMAC1	TRUE	TRUE	retained
DMAC1P1	TRUE	TRUE	retained
DMAC2	TRUE	TRUE	retained
DMAC2L	TRUE	TRUE	retained
DMAP1	TRUE	TRUE	retained
DMC1	TRUE	TRUE	retained
DMD	TRUE	TRUE	retained
DMGDH	TRUE	TRUE	retained
DMKN	TRUE	TRUE	retained
DMPK	TRUE	TRUE	retained
DMTF1	TRUE	TRUE	retained
DMTN	TRUE	TRUE	retained
DMWD	TRUE	TRUE	retained
DMXL1	TRUE	TRUE	retained
DMXL2	TRUE	TRUE	retained
DNA2	TRUE	TRUE	retained
DNAAF1	TRUE	TRUE	retained
DNAAF2	TRUE	TRUE	retained
DNAAF3	TRUE	TRUE	retained
DNAAF5	TRUE	TRUE	retained
DNAH1	TRUE	TRUE	retained
DNAH10	TRUE	TRUE	retained
DNAH11	TRUE	TRUE	retained
DNAH14	TRUE	TRUE	retained
DNAH17	TRUE	TRUE	retained
DNAH2	TRUE	TRUE	retained
DNAH3	TRUE	TRUE	retained
DNAH5	TRUE	TRUE	retained
DNAH6	TRUE	TRUE	retained
DNAH7	TRUE	TRUE	retained
DNAH8	TRUE	TRUE	retained
DNAH9	TRUE	TRUE	retained
DNAI1	TRUE	TRUE	retained
DNAI4	TRUE	TRUE	retained
DNAJA1	TRUE	TRUE	retained
DNAJA1P3	TRUE	TRUE	retained
DNAJA2	TRUE	TRUE	retained
DNAJA3	TRUE	TRUE	retained
DNAJA4	TRUE	TRUE	retained
DNAJB1	TRUE	TRUE	retained
DNAJB11	TRUE	TRUE	retained
DNAJB12	TRUE	TRUE	retained
DNAJB12P1	TRUE	TRUE	retained
DNAJB14	TRUE	TRUE	retained
DNAJB1P1	TRUE	TRUE	retained
DNAJB2	TRUE	TRUE	retained
DNAJB4	TRUE	TRUE	retained
DNAJB5	TRUE	TRUE	retained
DNAJB6	TRUE	TRUE	retained
DNAJB6P1	TRUE	TRUE	retained
DNAJB9	TRUE	TRUE	retained
DNAJC1	TRUE	TRUE	retained
DNAJC10	TRUE	TRUE	retained
DNAJC11	TRUE	TRUE	retained
DNAJC13	TRUE	TRUE	retained
DNAJC14	TRUE	TRUE	retained
DNAJC15	TRUE	TRUE	retained
DNAJC16	TRUE	TRUE	retained
DNAJC17	TRUE	TRUE	retained
DNAJC17P1	TRUE	TRUE	retained
DNAJC18	TRUE	TRUE	retained
DNAJC19	TRUE	TRUE	retained
DNAJC19P9	TRUE	TRUE	retained
DNAJC2	TRUE	TRUE	retained
DNAJC21	TRUE	TRUE	retained
DNAJC24	TRUE	TRUE	retained
DNAJC25	TRUE	TRUE	retained
DNAJC27	TRUE	TRUE	retained
DNAJC3	TRUE	TRUE	retained
DNAJC30	TRUE	TRUE	retained
DNAJC4	TRUE	TRUE	retained
DNAJC5	TRUE	TRUE	retained
DNAJC6	TRUE	TRUE	retained
DNAJC7	TRUE	TRUE	retained
DNAJC8	TRUE	TRUE	retained
DNAJC8P1	TRUE	TRUE	retained
DNAJC9	TRUE	TRUE	retained
DNAL1	TRUE	TRUE	retained
DNAL4	TRUE	TRUE	retained
DNALI1	TRUE	TRUE	retained
DNASE1	TRUE	TRUE	retained
DNASE1L1	TRUE	TRUE	retained
DNASE1L2	TRUE	TRUE	retained
DNASE1L3	TRUE	TRUE	retained
DNASE2	TRUE	TRUE	retained
DNER	TRUE	TRUE	retained
DNHD1	TRUE	TRUE	retained
DNM1	TRUE	TRUE	retained
DNM1L	TRUE	TRUE	retained
DNM1P46	TRUE	TRUE	retained
DNM1P47	TRUE	TRUE	retained
DNM2	TRUE	TRUE	retained
DNM3	TRUE	TRUE	retained
DNM3OS	TRUE	TRUE	retained
DNMBP	TRUE	TRUE	retained
DNMT1	TRUE	TRUE	retained
DNMT3A	TRUE	TRUE	retained
DNMT3B	TRUE	TRUE	retained
DNPEP	TRUE	TRUE	retained
DNPH1	TRUE	TRUE	retained
DNTTIP1	TRUE	TRUE	retained
DNTTIP2	TRUE	TRUE	retained
DOC2B	TRUE	TRUE	retained
DOCK1	TRUE	TRUE	retained
DOCK10	TRUE	TRUE	retained
DOCK11	TRUE	TRUE	retained
DOCK11P1	TRUE	TRUE	retained
DOCK2	TRUE	TRUE	retained
DOCK3	TRUE	TRUE	retained
DOCK4	TRUE	TRUE	retained
DOCK5	TRUE	TRUE	retained
DOCK6	TRUE	TRUE	retained
DOCK7	TRUE	TRUE	retained
DOCK8	TRUE	TRUE	retained
DOCK9	TRUE	TRUE	retained
DOHH	TRUE	TRUE	retained
DOK1	TRUE	TRUE	retained
DOK2	TRUE	TRUE	retained
DOK3	TRUE	TRUE	retained
DOK4	TRUE	TRUE	retained
DOK5	TRUE	TRUE	retained
DOK6	TRUE	TRUE	retained
DOK7	TRUE	TRUE	retained
DOLK	TRUE	TRUE	retained
DOLPP1	TRUE	TRUE	retained
DONSON	TRUE	TRUE	retained
DOP1A	TRUE	TRUE	retained
DOP1B	TRUE	TRUE	retained
DOT1L	TRUE	TRUE	retained
DPAGT1	TRUE	TRUE	retained
DPCD	TRUE	TRUE	retained
DPEP1	TRUE	TRUE	retained
DPEP2	TRUE	TRUE	retained
DPF1	TRUE	TRUE	retained
DPF2	TRUE	TRUE	retained
DPF3	TRUE	TRUE	retained
DPH1	TRUE	TRUE	retained
DPH2	TRUE	TRUE	retained
DPH3	TRUE	TRUE	retained
DPH5	TRUE	TRUE	retained
DPH6	TRUE	TRUE	retained
DPH7	TRUE	TRUE	retained
DPM1	TRUE	TRUE	retained
DPM2	TRUE	TRUE	retained
DPM3	TRUE	TRUE	retained
DPP10	TRUE	TRUE	retained
DPP3	TRUE	TRUE	retained
DPP3P1	TRUE	TRUE	retained
DPP3P2	TRUE	TRUE	retained
DPP4	TRUE	TRUE	retained
DPP4-DT	TRUE	TRUE	retained
DPP6	TRUE	TRUE	retained
DPP7	TRUE	TRUE	retained
DPP8	TRUE	TRUE	retained
DPP9	TRUE	TRUE	retained
DPPA4	TRUE	TRUE	retained
DPT	TRUE	TRUE	retained
DPY19L1	TRUE	TRUE	retained
DPY19L1P1	TRUE	TRUE	retained
DPY19L2	TRUE	TRUE	retained
DPY19L2P1	TRUE	TRUE	retained
DPY19L2P2	TRUE	TRUE	retained
DPY19L3	TRUE	TRUE	retained
DPY19L4	TRUE	TRUE	retained
DPY19L4P1	TRUE	TRUE	retained
DPY19L4P2	TRUE	TRUE	retained
DPY30	TRUE	TRUE	retained
DPYD	TRUE	TRUE	retained
DPYS	TRUE	TRUE	retained
DPYSL2	TRUE	TRUE	retained
DPYSL3	TRUE	TRUE	retained
DPYSL4	TRUE	TRUE	retained
DPYSL5	TRUE	TRUE	retained
DQX1	TRUE	TRUE	retained
DR1	TRUE	TRUE	retained
DRAM1	TRUE	TRUE	retained
DRAM2	TRUE	TRUE	retained
DRAP1	TRUE	TRUE	retained
DRC3	TRUE	TRUE	retained
DRD4	TRUE	TRUE	retained
DRG1	TRUE	TRUE	retained
DRG1P1	TRUE	TRUE	retained
DRG2	TRUE	TRUE	retained
DROSHA	TRUE	TRUE	retained
DRP2	TRUE	TRUE	retained
DSC2	TRUE	TRUE	retained
DSC3	TRUE	TRUE	retained
DSCAM	TRUE	TRUE	retained
DSCAML1	TRUE	TRUE	retained
DSCC1	TRUE	TRUE	retained
DSCR8	TRUE	TRUE	retained
DSE	TRUE	TRUE	retained
DSEL	TRUE	TRUE	retained
DSG2	TRUE	TRUE	retained
DSN1	TRUE	TRUE	retained
DSP	TRUE	TRUE	retained
DST	TRUE	TRUE	retained
DSTN	TRUE	TRUE	retained
DSTNP2	TRUE	TRUE	retained
DSTNP3	TRUE	TRUE	retained
DSTNP5	TRUE	TRUE	retained
DSTYK	TRUE	TRUE	retained
DTD1	TRUE	TRUE	retained
DTD2	TRUE	TRUE	retained
DTL	TRUE	TRUE	retained
DTNA	TRUE	TRUE	retained
DTNB	TRUE	TRUE	retained
DTNBP1	TRUE	TRUE	retained
DTWD1	TRUE	TRUE	retained
DTWD2	TRUE	TRUE	retained
DTX1	TRUE	TRUE	retained
DTX2	TRUE	TRUE	retained
DTX2P1	TRUE	TRUE	retained
DTX2P1-UPK3BP1-PMS2P11	TRUE	TRUE	retained
DTX3	TRUE	TRUE	retained
DTX3L	TRUE	TRUE	retained
DTX4	TRUE	TRUE	retained
DTYMK	TRUE	TRUE	retained
DUOX1	TRUE	TRUE	retained
DUOX2	TRUE	TRUE	retained
DUOXA1	TRUE	TRUE	retained
DUS1L	TRUE	TRUE	retained
DUS2	TRUE	TRUE	retained
DUS3L	TRUE	TRUE	retained
DUS4L	TRUE	TRUE	retained
DUSP1	TRUE	TRUE	retained
DUSP10	TRUE	TRUE	retained
DUSP11	TRUE	TRUE	retained
DUSP12	TRUE	TRUE	retained
DUSP14	TRUE	TRUE	retained
DUSP15	TRUE	TRUE	retained
DUSP16	TRUE	TRUE	retained
DUSP18	TRUE	TRUE	retained
DUSP22	TRUE	TRUE	retained
DUSP23	TRUE	TRUE	retained
DUSP3	TRUE	TRUE	retained
DUSP4	TRUE	TRUE	retained
DUSP5	TRUE	TRUE	retained
DUSP6	TRUE	TRUE	retained
DUSP7	TRUE	TRUE	retained
DUSP8	TRUE	TRUE	retained
DUSP8P5	TRUE	TRUE	retained
DUSP9	TRUE	TRUE	retained
DUT	TRUE	TRUE	retained
DVL1	TRUE	TRUE	retained
DVL2	TRUE	TRUE	retained
DVL3	TRUE	TRUE	retained
DXO	TRUE	TRUE	retained
DYM	TRUE	TRUE	retained
DYNC1H1	TRUE	TRUE	retained
DYNC1I1	TRUE	TRUE	retained
DYNC1I2	TRUE	TRUE	retained
DYNC1I2P1	TRUE	TRUE	retained
DYNC1LI1	TRUE	TRUE	retained
DYNC1LI2	TRUE	TRUE	retained
DYNC2H1	TRUE	TRUE	retained
DYNC2I1	TRUE	TRUE	retained
DYNC2I2	TRUE	TRUE	retained
DYNC2LI1	TRUE	TRUE	retained
DYNLL1	TRUE	TRUE	retained
DYNLL1P1	TRUE	TRUE	retained
DYNLL1P2	TRUE	TRUE	retained
DYNLL1P3	TRUE	TRUE	retained
DYNLL1P7	TRUE	TRUE	retained
DYNLL2	TRUE	TRUE	retained
DYNLRB1	TRUE	TRUE	retained
DYNLT1	TRUE	TRUE	retained
DYNLT3	TRUE	TRUE	retained
DYNLT3P1	TRUE	TRUE	retained
DYNLT3P2	TRUE	TRUE	retained
DYRK1A	TRUE	TRUE	retained
DYRK1B	TRUE	TRUE	retained
DYRK2	TRUE	TRUE	retained
DYRK3	TRUE	TRUE	retained
DYRK4	TRUE	TRUE	retained
DYSF	TRUE	TRUE	retained
DZANK1	TRUE	TRUE	retained
DZIP1	TRUE	TRUE	retained
DZIP1L	TRUE	TRUE	retained
DZIP3	TRUE	TRUE	retained
E2F1	TRUE	TRUE	retained
E2F2	TRUE	TRUE	retained
E2F3	TRUE	TRUE	retained
E2F3P1	TRUE	TRUE	retained
E2F4	TRUE	TRUE	retained
E2F5	TRUE	TRUE	retained
E2F6	TRUE	TRUE	retained
E2F6P1	TRUE	TRUE	retained
E2F7	TRUE	TRUE	retained
E2F8	TRUE	TRUE	retained
E4F1	TRUE	TRUE	retained
EAF1	TRUE	TRUE	retained
EAF2	TRUE	TRUE	retained
EAPP	TRUE	TRUE	retained
EARS2	TRUE	TRUE	retained
EBAG9	TRUE	TRUE	retained
EBF1	TRUE	TRUE	retained
EBF3	TRUE	TRUE	retained
EBF4	TRUE	TRUE	retained
EBI3	TRUE	TRUE	retained
EBLN2	TRUE	TRUE	retained
EBNA1BP2	TRUE	TRUE	retained
EBP	TRUE	TRUE	retained
EBPL	TRUE	TRUE	retained
ECD	TRUE	TRUE	retained
ECE1	TRUE	TRUE	retained
ECH1	TRUE	TRUE	retained
ECHDC1	TRUE	TRUE	retained
ECHDC2	TRUE	TRUE	retained
ECHDC3	TRUE	TRUE	retained
ECHS1	TRUE	TRUE	retained
ECI1	TRUE	TRUE	retained
ECI2	TRUE	TRUE	retained
ECM1	TRUE	TRUE	retained
ECM2	TRUE	TRUE	retained
ECMXP	TRUE	TRUE	retained
ECPAS	TRUE	TRUE	retained
ECRG4	TRUE	TRUE	retained
ECSIT	TRUE	TRUE	retained
ECT2	TRUE	TRUE	retained
ECT2L	TRUE	TRUE	retained
EDA	TRUE	TRUE	retained
EDA2R	TRUE	TRUE	retained
EDARADD	TRUE	TRUE	retained
EDC3	TRUE	TRUE	retained
EDC4	TRUE	TRUE	retained
EDEM1	TRUE	TRUE	retained
EDEM2	TRUE	TRUE	retained
EDEM3	TRUE	TRUE	retained
EDF1	TRUE	TRUE	retained
EDIL3	TRUE	TRUE	retained
EDN1	TRUE	TRUE	retained
EDNRA	TRUE	TRUE	retained
EDNRB	TRUE	TRUE	retained
EDRF1	TRUE	TRUE	retained
EEA1	TRUE	TRUE	retained
EED	TRUE	TRUE	retained
EEDP1	TRUE	TRUE	retained
EEF1A1	TRUE	TRUE	retained
EEF1A1P10	TRUE	TRUE	retained
EEF1A1P11	TRUE	TRUE	retained
EEF1A1P12	TRUE	TRUE	retained
EEF1A1P13	TRUE	TRUE	retained
EEF1A1P16	TRUE	TRUE	retained
EEF1A1P19	TRUE	TRUE	retained
EEF1A1P22	TRUE	TRUE	retained
EEF1A1P25	TRUE	TRUE	retained
EEF1A1P3	TRUE	TRUE	retained
EEF1A1P4	TRUE	TRUE	retained
EEF1A1P5	TRUE	TRUE	retained
EEF1A1P6	TRUE	TRUE	retained
EEF1A1P7	TRUE	TRUE	retained
EEF1A1P9	TRUE	TRUE	retained
EEF1A2	TRUE	TRUE	retained
EEF1AKMT1	TRUE	TRUE	retained
EEF1AKMT2	TRUE	TRUE	retained
EEF1AKMT3	TRUE	TRUE	retained
EEF1AKNMT	TRUE	TRUE	retained
EEF1B2	TRUE	TRUE	retained
EEF1B2P1	TRUE	TRUE	retained
EEF1B2P2	TRUE	TRUE	retained
EEF1B2P3	TRUE	TRUE	retained
EEF1B2P6	TRUE	TRUE	retained
EEF1D	TRUE	TRUE	retained
EEF1DP1	TRUE	TRUE	retained
EEF1E1	TRUE	TRUE	retained
EEF1E1P1	TRUE	TRUE	retained
EEF2	TRUE	TRUE	retained
EEF2K	TRUE	TRUE	retained
EEF2KMT	TRUE	TRUE	retained
EEFSEC	TRUE	TRUE	retained
EEPD1	TRUE	TRUE	retained
EFCAB11	TRUE	TRUE	retained
EFCAB13	TRUE	TRUE	retained
EFCAB14	TRUE	TRUE	retained
EFCAB14P1	TRUE	TRUE	retained
EFCAB2	TRUE	TRUE	retained
EFCAB6	TRUE	TRUE	retained
EFCAB7	TRUE	TRUE	retained
EFCC1	TRUE	TRUE	retained
EFEMP1	TRUE	TRUE	retained
EFEMP2	TRUE	TRUE	retained
EFHC1	TRUE	TRUE	retained
EFHD1	TRUE	TRUE	retained
EFHD2	TRUE	TRUE	retained
EFL1	TRUE	TRUE	retained
EFL1P1	TRUE	TRUE	retained
EFNA1	TRUE	TRUE	retained
EFNA4	TRUE	TRUE	retained
EFNA5	TRUE	TRUE	retained
EFNB1	TRUE	TRUE	retained
EFNB2	TRUE	TRUE	retained
EFNB3	TRUE	TRUE	retained
EFR3A	TRUE	TRUE	retained
EFR3B	TRUE	TRUE	retained
EFS	TRUE	TRUE	retained
EFTUD2	TRUE	TRUE	retained
EGFEM1P	TRUE	TRUE	retained
EGFL6	TRUE	TRUE	retained
EGFL7	TRUE	TRUE	retained
EGFL8	TRUE	TRUE	retained
EGFLAM	TRUE	TRUE	retained
EGFR	TRUE	TRUE	retained
EGFR-AS1	TRUE	TRUE	retained
EGLN1	TRUE	TRUE	retained
EGLN2	TRUE	TRUE	retained
EGLN3	TRUE	TRUE	retained
EGR1	TRUE	TRUE	retained
EGR2	TRUE	TRUE	retained
EGR3	TRUE	TRUE	retained
EHBP1	TRUE	TRUE	retained
EHBP1L1	TRUE	TRUE	retained
EHD1	TRUE	TRUE	retained
EHD2	TRUE	TRUE	retained
EHD3	TRUE	TRUE	retained
EHD4	TRUE	TRUE	retained
EHHADH	TRUE	TRUE	retained
EHMT1	TRUE	TRUE	retained
EHMT2	TRUE	TRUE	retained
EI24	TRUE	TRUE	retained
EI24P2	TRUE	TRUE	retained
EID1	TRUE	TRUE	retained
EID2	TRUE	TRUE	retained
EID3	TRUE	TRUE	retained
EIF1	TRUE	TRUE	retained
EIF1AD	TRUE	TRUE	retained
EIF1AX	TRUE	TRUE	retained
EIF1AXP1	TRUE	TRUE	retained
EIF1B	TRUE	TRUE	retained
EIF1P3	TRUE	TRUE	retained
EIF1P5	TRUE	TRUE	retained
EIF1P7	TRUE	TRUE	retained
EIF2A	TRUE	TRUE	retained
EIF2AK1	TRUE	TRUE	retained
EIF2AK2	TRUE	TRUE	retained
EIF2AK3	TRUE	TRUE	retained
EIF2AK4	TRUE	TRUE	retained
EIF2B1	TRUE	TRUE	retained
EIF2B2	TRUE	TRUE	retained
EIF2B3	TRUE	TRUE	retained
EIF2B4	TRUE	TRUE	retained
EIF2B5	TRUE	TRUE	retained
EIF2D	TRUE	TRUE	retained
EIF2S1	TRUE	TRUE	retained
EIF2S2	TRUE	TRUE	retained
EIF2S2P2	TRUE	TRUE	retained
EIF2S2P3	TRUE	TRUE	retained
EIF2S2P4	TRUE	TRUE	retained
EIF2S3	TRUE	TRUE	retained
EIF2S3B	TRUE	TRUE	retained
EIF3A	TRUE	TRUE	retained
EIF3B	TRUE	TRUE	retained
EIF3C	TRUE	TRUE	retained
EIF3CL	TRUE	TRUE	retained
EIF3D	TRUE	TRUE	retained
EIF3E	TRUE	TRUE	retained
EIF3F	TRUE	TRUE	retained
EIF3FP3	TRUE	TRUE	retained
EIF3G	TRUE	TRUE	retained
EIF3H	TRUE	TRUE	retained
EIF3I	TRUE	TRUE	retained
EIF3IP1	TRUE	TRUE	retained
EIF3J	TRUE	TRUE	retained
EIF3JP1	TRUE	TRUE	retained
EIF3K	TRUE	TRUE	retained
EIF3KP1	TRUE	TRUE	retained
EIF3KP2	TRUE	TRUE	retained
EIF3KP3	TRUE	TRUE	retained
EIF3L	TRUE	TRUE	retained
EIF3LP1	TRUE	TRUE	retained
EIF3LP2	TRUE	TRUE	retained
EIF3LP3	TRUE	TRUE	retained
EIF3M	TRUE	TRUE	retained
EIF4A1	TRUE	TRUE	retained
EIF4A1P10	TRUE	TRUE	retained
EIF4A1P2	TRUE	TRUE	retained
EIF4A1P4	TRUE	TRUE	retained
EIF4A1P6	TRUE	TRUE	retained
EIF4A1P7	TRUE	TRUE	retained
EIF4A2	TRUE	TRUE	retained
EIF4A2P1	TRUE	TRUE	retained
EIF4A2P2	TRUE	TRUE	retained
EIF4A2P4	TRUE	TRUE	retained
EIF4A3	TRUE	TRUE	retained
EIF4B	TRUE	TRUE	retained
EIF4BP2	TRUE	TRUE	retained
EIF4BP3	TRUE	TRUE	retained
EIF4BP6	TRUE	TRUE	retained
EIF4BP7	TRUE	TRUE	retained
EIF4BP8	TRUE	TRUE	retained
EIF4E	TRUE	TRUE	retained
EIF4E2	TRUE	TRUE	retained
EIF4E2P2	TRUE	TRUE	retained
EIF4E3	TRUE	TRUE	retained
EIF4EBP1	TRUE	TRUE	retained
EIF4EBP2	TRUE	TRUE	retained
EIF4EBP2P2	TRUE	TRUE	retained
EIF4EBP2P3	TRUE	TRUE	retained
EIF4ENIF1	TRUE	TRUE	retained
EIF4EP2	TRUE	TRUE	retained
EIF4G1	TRUE	TRUE	retained
EIF4G2	TRUE	TRUE	retained
EIF4G3	TRUE	TRUE	retained
EIF4H	TRUE	TRUE	retained
EIF4HP1	TRUE	TRUE	retained
EIF5	TRUE	TRUE	retained
EIF5A	TRUE	TRUE	retained
EIF5AL1	TRUE	TRUE	retained
EIF5AP4	TRUE	TRUE	retained
EIF5B	TRUE	TRUE	retained
EIF5P1	TRUE	TRUE	retained
EIF6	TRUE	TRUE	retained
EIPR1	TRUE	TRUE	retained
ELAC1	TRUE	TRUE	retained
ELAC2	TRUE	TRUE	retained
ELAPOR1	TRUE	TRUE	retained
ELAPOR2	TRUE	TRUE	retained
ELAVL1	TRUE	TRUE	retained
ELAVL3	TRUE	TRUE	retained
ELF1	TRUE	TRUE	retained
ELF2	TRUE	TRUE	retained
ELF2P3	TRUE	TRUE	retained
ELF2P4	TRUE	TRUE	retained
ELF3	TRUE	TRUE	retained
ELF3-AS1	TRUE	TRUE	retained
ELF4	TRUE	TRUE	retained
ELF5	TRUE	TRUE	retained
ELFN1	TRUE	TRUE	retained
ELK1	TRUE	TRUE	retained
ELK3	TRUE	TRUE	retained
ELK4	TRUE	TRUE	retained
ELL	TRUE	TRUE	retained
ELL2	TRUE	TRUE	retained
ELL2P1	TRUE	TRUE	retained
ELL3	TRUE	TRUE	retained
ELMO1	TRUE	TRUE	retained
ELMO2	TRUE	TRUE	retained
ELMO3	TRUE	TRUE	retained
ELMOD2	TRUE	TRUE	retained
ELMOD3	TRUE	TRUE	retained
ELN	TRUE	TRUE	retained
ELOA	TRUE	TRUE	retained
ELOA3CP	TRUE	TRUE	retained
ELOB	TRUE	TRUE	retained
ELOBP1	TRUE	TRUE	retained
ELOBP2	TRUE	TRUE	retained
ELOC	TRUE	TRUE	retained
ELOCP2	TRUE	TRUE	retained
ELOF1	TRUE	TRUE	retained
ELOVL1	TRUE	TRUE	retained
ELOVL2	TRUE	TRUE	retained
ELOVL5	TRUE	TRUE	retained
ELOVL6	TRUE	TRUE	retained
ELP1	TRUE	TRUE	retained
ELP2	TRUE	TRUE	retained
ELP3	TRUE	TRUE	retained
ELP4	TRUE	TRUE	retained
ELP5	TRUE	TRUE	retained
ELP6	TRUE	TRUE	retained
EMB	TRUE	TRUE	retained
EMC1	TRUE	TRUE	retained
EMC10	TRUE	TRUE	retained
EMC2	TRUE	TRUE	retained
EMC3	TRUE	TRUE	retained
EMC3-AS1	TRUE	TRUE	retained
EMC4	TRUE	TRUE	retained
EMC7	TRUE	TRUE	retained
EMC8	TRUE	TRUE	retained
EMC9	TRUE	TRUE	retained
EMD	TRUE	TRUE	retained
EME1	TRUE	TRUE	retained
EME2	TRUE	TRUE	retained
EMG1	TRUE	TRUE	retained
EMID1	TRUE	TRUE	retained
EMILIN1	TRUE	TRUE	retained
EMILIN2	TRUE	TRUE	retained
EML1	TRUE	TRUE	retained
EML2	TRUE	TRUE	retained
EML3	TRUE	TRUE	retained
EML4	TRUE	TRUE	retained
EML5	TRUE	TRUE	retained
EML6	TRUE	TRUE	retained
EMP1	TRUE	TRUE	retained
EMP2	TRUE	TRUE	retained
EMP3	TRUE	TRUE	retained
EMSY	TRUE	TRUE	retained
ENAH	TRUE	TRUE	retained
ENC1	TRUE	TRUE	retained
ENDOD1	TRUE	TRUE	retained
ENDOG	TRUE	TRUE	retained
ENDOU	TRUE	TRUE	retained
ENDOV	TRUE	TRUE	retained
ENG	TRUE	TRUE	retained
ENGASE	TRUE	TRUE	retained
ENKD1	TRUE	TRUE	retained
ENO1	TRUE	TRUE	retained
ENO2	TRUE	TRUE	retained
ENO3	TRUE	TRUE	retained
ENOPH1	TRUE	TRUE	retained
ENOSF1	TRUE	TRUE	retained
ENOX1	TRUE	TRUE	retained
ENOX2	TRUE	TRUE	retained
ENPEP	TRUE	TRUE	retained
ENPP1	TRUE	TRUE	retained
ENPP2	TRUE	TRUE	retained
ENPP5	TRUE	TRUE	retained
ENSA	TRUE	TRUE	retained
ENSAP2	TRUE	TRUE	retained
ENTPD1	TRUE	TRUE	retained
ENTPD1-AS1	TRUE	TRUE	retained
ENTPD2	TRUE	TRUE	retained
ENTPD4	TRUE	TRUE	retained
ENTPD5	TRUE	TRUE	retained
ENTPD6	TRUE	TRUE	retained
ENTPD7	TRUE	TRUE	retained
ENTR1	TRUE	TRUE	retained
ENTR1P1	TRUE	TRUE	retained
ENTR1P2	TRUE	TRUE	retained
ENY2	TRUE	TRUE	retained
EOGT	TRUE	TRUE	retained
EOLA1	TRUE	TRUE	retained
EOLA2	TRUE	TRUE	retained
EP300	TRUE	TRUE	retained
EP400	TRUE	TRUE	retained
EP400P1	TRUE	TRUE	retained
EPAS1	TRUE	TRUE	retained
EPB41	TRUE	TRUE	retained
EPB41L1	TRUE	TRUE	retained
EPB41L2	TRUE	TRUE	retained
EPB41L3	TRUE	TRUE	retained
EPB41L4A	TRUE	TRUE	retained
EPB41L4A-DT	TRUE	TRUE	retained
EPB41L4B	TRUE	TRUE	retained
EPB41L5	TRUE	TRUE	retained
EPB42	TRUE	TRUE	retained
EPC1	TRUE	TRUE	retained
EPC2	TRUE	TRUE	retained
EPCAM	TRUE	TRUE	retained
EPDR1	TRUE	TRUE	retained
EPG5	TRUE	TRUE	retained
EPHA1	TRUE	TRUE	retained
EPHA2	TRUE	TRUE	retained
EPHA3	TRUE	TRUE	retained
EPHA4	TRUE	TRUE	retained
EPHA5	TRUE	TRUE	retained
EPHA6	TRUE	TRUE	retained
EPHA7	TRUE	TRUE	retained
EPHB1	TRUE	TRUE	retained
EPHB2	TRUE	TRUE	retained
EPHB3	TRUE	TRUE	retained
EPHB4	TRUE	TRUE	retained
EPHB6	TRUE	TRUE	retained
EPHX1	TRUE	TRUE	retained
EPHX2	TRUE	TRUE	retained
EPM2A	TRUE	TRUE	retained
EPM2AIP1	TRUE	TRUE	retained
EPN1	TRUE	TRUE	retained
EPN2	TRUE	TRUE	retained
EPN3	TRUE	TRUE	retained
EPOR	TRUE	TRUE	retained
EPPK1	TRUE	TRUE	retained
EPRS1	TRUE	TRUE	retained
EPS15	TRUE	TRUE	retained
EPS15L1	TRUE	TRUE	retained
EPS8	TRUE	TRUE	retained
EPS8L1	TRUE	TRUE	retained
EPS8L2	TRUE	TRUE	retained
EPSTI1	TRUE	TRUE	retained
ERAL1	TRUE	TRUE	retained
ERAP1	TRUE	TRUE	retained
ERAP2	TRUE	TRUE	retained
ERBB2	TRUE	TRUE	retained
ERBB3	TRUE	TRUE	retained
ERBB4	TRUE	TRUE	retained
ERBIN	TRUE	TRUE	retained
ERC1	TRUE	TRUE	retained
ERC2	TRUE	TRUE	retained
ERCC1	TRUE	TRUE	retained
ERCC2	TRUE	TRUE	retained
ERCC3	TRUE	TRUE	retained
ERCC4	TRUE	TRUE	retained
ERCC5	TRUE	TRUE	retained
ERCC6	TRUE	TRUE	retained
ERCC6L	TRUE	TRUE	retained
ERCC6L2	TRUE	TRUE	retained
ERCC8	TRUE	TRUE	retained
ERF	TRUE	TRUE	retained
ERFE	TRUE	TRUE	retained
ERG	TRUE	TRUE	retained
ERG28	TRUE	TRUE	retained
ERGIC1	TRUE	TRUE	retained
ERGIC2	TRUE	TRUE	retained
ERGIC3	TRUE	TRUE	retained
ERH	TRUE	TRUE	retained
ERHP1	TRUE	TRUE	retained
ERI1	TRUE	TRUE	retained
ERI2	TRUE	TRUE	retained
ERI3	TRUE	TRUE	retained
ERICH1	TRUE	TRUE	retained
ERLEC1	TRUE	TRUE	retained
ERLIN1	TRUE	TRUE	retained
ERLIN2	TRUE	TRUE	retained
ERMAP	TRUE	TRUE	retained
ERMARD	TRUE	TRUE	retained
ERMP1	TRUE	TRUE	retained
ERN1	TRUE	TRUE	retained
ERO1A	TRUE	TRUE	retained
ERO1B	TRUE	TRUE	retained
ERP27	TRUE	TRUE	retained
ERP29	TRUE	TRUE	retained
ERP29P1	TRUE	TRUE	retained
ERP44	TRUE	TRUE	retained
ERRFI1	TRUE	TRUE	retained
ERV3-1	TRUE	TRUE	retained
ERVFRD-1	TRUE	TRUE	retained
ERVH48-1	TRUE	TRUE	retained
ERVK13-1	TRUE	TRUE	retained
ERVMER34-1	TRUE	TRUE	retained
ERVV-1	TRUE	TRUE	retained
ERVV-2	TRUE	TRUE	retained
ERVW-1	TRUE	TRUE	retained
ESAM	TRUE	TRUE	retained
ESCO1	TRUE	TRUE	retained
ESCO2	TRUE	TRUE	retained
ESD	TRUE	TRUE	retained
ESF1	TRUE	TRUE	retained
ESPL1	TRUE	TRUE	retained
ESPN	TRUE	TRUE	retained
ESR2	TRUE	TRUE	retained
ESRP1	TRUE	TRUE	retained
ESRP2	TRUE	TRUE	retained
ESRRA	TRUE	TRUE	retained
ESRRAP1	TRUE	TRUE	retained
ESRRAP2	TRUE	TRUE	retained
ESRRG	TRUE	TRUE	retained
ESS2	TRUE	TRUE	retained
ESYT1	TRUE	TRUE	retained
ESYT2	TRUE	TRUE	retained
ESYT3	TRUE	TRUE	retained
ETAA1	TRUE	TRUE	retained
ETF1	TRUE	TRUE	retained
ETF1P1	TRUE	TRUE	retained
ETF1P2	TRUE	TRUE	retained
ETF1P3	TRUE	TRUE	retained
ETFA	TRUE	TRUE	retained
ETFB	TRUE	TRUE	retained
ETFBKMT	TRUE	TRUE	retained
ETFDH	TRUE	TRUE	retained
ETHE1	TRUE	TRUE	retained
ETNK1	TRUE	TRUE	retained
ETNK2	TRUE	TRUE	retained
ETS1	TRUE	TRUE	retained
ETS2	TRUE	TRUE	retained
ETS2P1	TRUE	TRUE	retained
ETV1	TRUE	TRUE	retained
ETV3	TRUE	TRUE	retained
ETV3L	TRUE	TRUE	retained
ETV4	TRUE	TRUE	retained
ETV5	TRUE	TRUE	retained
ETV6	TRUE	TRUE	retained
ETV7	TRUE	TRUE	retained
EVA1A	TRUE	TRUE	retained
EVA1C	TRUE	TRUE	retained
EVC	TRUE	TRUE	retained
EVC2	TRUE	TRUE	retained
EVI2A	TRUE	TRUE	retained
EVI2B	TRUE	TRUE	retained
EVI5	TRUE	TRUE	retained
EVI5L	TRUE	TRUE	retained
EVL	TRUE	TRUE	retained
EVPL	TRUE	TRUE	retained
EWSR1	TRUE	TRUE	retained
EXD2	TRUE	TRUE	retained
EXD3	TRUE	TRUE	retained
EXO1	TRUE	TRUE	retained
EXO5	TRUE	TRUE	retained
EXOC1	TRUE	TRUE	retained
EXOC2	TRUE	TRUE	retained
EXOC3	TRUE	TRUE	retained
EXOC3L1	TRUE	TRUE	retained
EXOC3L2	TRUE	TRUE	retained
EXOC3L4	TRUE	TRUE	retained
EXOC4	TRUE	TRUE	retained
EXOC5	TRUE	TRUE	retained
EXOC5P1	TRUE	TRUE	retained
EXOC6	TRUE	TRUE	retained
EXOC6B	TRUE	TRUE	retained
EXOC7	TRUE	TRUE	retained
EXOC7P1	TRUE	TRUE	retained
EXOC8	TRUE	TRUE	retained
EXOG	TRUE	TRUE	retained
EXOSC1	TRUE	TRUE	retained
EXOSC10	TRUE	TRUE	retained
EXOSC2	TRUE	TRUE	retained
EXOSC3	TRUE	TRUE	retained
EXOSC3P1	TRUE	TRUE	retained
EXOSC4	TRUE	TRUE	retained
EXOSC5	TRUE	TRUE	retained
EXOSC6	TRUE	TRUE	retained
EXOSC7	TRUE	TRUE	retained
EXOSC8	TRUE	TRUE	retained
EXOSC9	TRUE	TRUE	retained
EXPH5	TRUE	TRUE	retained
EXT1	TRUE	TRUE	retained
EXT2	TRUE	TRUE	retained
EXTL1	TRUE	TRUE	retained
EXTL2	TRUE	TRUE	retained
EXTL3	TRUE	TRUE	retained
EYA1	TRUE	TRUE	retained
EYA2	TRUE	TRUE	retained
EYA3	TRUE	TRUE	retained
EYA4	TRUE	TRUE	retained
EYS	TRUE	TRUE	retained
EZH1	TRUE	TRUE	retained
EZH2	TRUE	TRUE	retained
EZH2P1	TRUE	TRUE	retained
EZHIP	TRUE	TRUE	retained
EZR	TRUE	TRUE	retained
F10	TRUE	TRUE	retained
F13A1	TRUE	TRUE	retained
F2	TRUE	TRUE	retained
F2R	TRUE	TRUE	retained
F2RL1	TRUE	TRUE	retained
F2RL2	TRUE	TRUE	retained
F3	TRUE	TRUE	retained
F5	TRUE	TRUE	retained
F7	TRUE	TRUE	retained
F8	TRUE	TRUE	retained
F8A1	TRUE	TRUE	retained
F8A2	TRUE	TRUE	retained
F8A3	TRUE	TRUE	retained
FAAH	TRUE	TRUE	retained
FAAH2	TRUE	TRUE	retained
FAAP100	TRUE	TRUE	retained
FAAP20	TRUE	TRUE	retained
FAAP24	TRUE	TRUE	retained
FABP3	TRUE	TRUE	retained
FABP5P1	TRUE	TRUE	retained
FABP5P2	TRUE	TRUE	retained
FABP5P7	TRUE	TRUE	retained
FABP5P9	TRUE	TRUE	retained
FABP7	TRUE	TRUE	retained
FADD	TRUE	TRUE	retained
FADS1	TRUE	TRUE	retained
FADS2	TRUE	TRUE	retained
FADS3	TRUE	TRUE	retained
FAF1	TRUE	TRUE	retained
FAF2	TRUE	TRUE	retained
FAF2P1	TRUE	TRUE	retained
FAH	TRUE	TRUE	retained
FAHD1	TRUE	TRUE	retained
FAHD2A	TRUE	TRUE	retained
FAHD2B	TRUE	TRUE	retained
FAHD2CP	TRUE	TRUE	retained
FAHD2P1	TRUE	TRUE	retained
FAIM	TRUE	TRUE	retained
FAM102A	TRUE	TRUE	retained
FAM102B	TRUE	TRUE	retained
FAM104A	TRUE	TRUE	retained
FAM104B	TRUE	TRUE	retained
FAM106A	TRUE	TRUE	retained
FAM106C	TRUE	TRUE	retained
FAM107A	TRUE	TRUE	retained
FAM107B	TRUE	TRUE	retained
FAM110A	TRUE	TRUE	retained
FAM110B	TRUE	TRUE	retained
FAM111A	TRUE	TRUE	retained
FAM111B	TRUE	TRUE	retained
FAM114A1	TRUE	TRUE	retained
FAM114A2	TRUE	TRUE	retained
FAM117A	TRUE	TRUE	retained
FAM117B	TRUE	TRUE	retained
FAM118A	TRUE	TRUE	retained
FAM118B	TRUE	TRUE	retained
FAM120A	TRUE	TRUE	retained
FAM120AOS	TRUE	TRUE	retained
FAM120B	TRUE	TRUE	retained
FAM120C	TRUE	TRUE	retained
FAM124A	TRUE	TRUE	retained
FAM124B	TRUE	TRUE	retained
FAM126A	TRUE	TRUE	retained
FAM126B	TRUE	TRUE	retained
FAM131A	TRUE	TRUE	retained
FAM133B	TRUE	TRUE	retained
FAM133CP	TRUE	TRUE	retained
FAM133DP	TRUE	TRUE	retained
FAM135A	TRUE	TRUE	retained
FAM136A	TRUE	TRUE	retained
FAM13A	TRUE	TRUE	retained
FAM13B	TRUE	TRUE	retained
FAM13C	TRUE	TRUE	retained
FAM149A	TRUE	TRUE	retained
FAM149B1	TRUE	TRUE	retained
FAM149B1P1	TRUE	TRUE	retained
FAM151B	TRUE	TRUE	retained
FAM153CP	TRUE	TRUE	retained
FAM155A	TRUE	TRUE	retained
FAM156A	TRUE	TRUE	retained
FAM156B	TRUE	TRUE	retained
FAM157A	TRUE	TRUE	retained
FAM157B	TRUE	TRUE	retained
FAM157C	TRUE	TRUE	retained
FAM160A1	TRUE	TRUE	retained
FAM160A2	TRUE	TRUE	retained
FAM160B1	TRUE	TRUE	retained
FAM160B2	TRUE	TRUE	retained
FAM161A	TRUE	TRUE	retained
FAM161B	TRUE	TRUE	retained
FAM162A	TRUE	TRUE	retained
FAM162B	TRUE	TRUE	retained
FAM168A	TRUE	TRUE	retained
FAM168B	TRUE	TRUE	retained
FAM169A	TRUE	TRUE	retained
FAM171A1	TRUE	TRUE	retained
FAM171A2	TRUE	TRUE	retained
FAM171B	TRUE	TRUE	retained
FAM172A	TRUE	TRUE	retained
FAM174A	TRUE	TRUE	retained
FAM174B	TRUE	TRUE	retained
FAM174C	TRUE	TRUE	retained
FAM177A1	TRUE	TRUE	retained
FAM178B	TRUE	TRUE	retained
FAM182B	TRUE	TRUE	retained
FAM183A	TRUE	TRUE	retained
FAM184A	TRUE	TRUE	retained
FAM184B	TRUE	TRUE	retained
FAM185A	TRUE	TRUE	retained
FAM185BP	TRUE	TRUE	retained
FAM186A	TRUE	TRUE	retained
FAM186B	TRUE	TRUE	retained
FAM189A2	TRUE	TRUE	retained
FAM189B	TRUE	TRUE	retained
FAM192BP	TRUE	TRUE	retained
FAM193A	TRUE	TRUE	retained
FAM193B	TRUE	TRUE	retained
FAM199X	TRUE	TRUE	retained
FAM200A	TRUE	TRUE	retained
FAM200B	TRUE	TRUE	retained
FAM204A	TRUE	TRUE	retained
FAM204BP	TRUE	TRUE	retained
FAM205A	TRUE	TRUE	retained
FAM207A	TRUE	TRUE	retained
FAM207BP	TRUE	TRUE	retained
FAM20A	TRUE	TRUE	retained
FAM20B	TRUE	TRUE	retained
FAM20C	TRUE	TRUE	retained
FAM210A	TRUE	TRUE	retained
FAM210B	TRUE	TRUE	retained
FAM210CP	TRUE	TRUE	retained
FAM214A	TRUE	TRUE	retained
FAM214B	TRUE	TRUE	retained
FAM214BP1	TRUE	TRUE	retained
FAM216A	TRUE	TRUE	retained
FAM217B	TRUE	TRUE	retained
FAM219A	TRUE	TRUE	retained
FAM219B	TRUE	TRUE	retained
FAM21EP	TRUE	TRUE	retained
FAM21FP	TRUE	TRUE	retained
FAM220A	TRUE	TRUE	retained
FAM221A	TRUE	TRUE	retained
FAM222A	TRUE	TRUE	retained
FAM222B	TRUE	TRUE	retained
FAM227A	TRUE	TRUE	retained
FAM228B	TRUE	TRUE	retained
FAM229B	TRUE	TRUE	retained
FAM234A	TRUE	TRUE	retained
FAM234B	TRUE	TRUE	retained
FAM241A	TRUE	TRUE	retained
FAM27C	TRUE	TRUE	retained
FAM27E3	TRUE	TRUE	retained
FAM32A	TRUE	TRUE	retained
FAM32BP	TRUE	TRUE	retained
FAM3A	TRUE	TRUE	retained
FAM3B	TRUE	TRUE	retained
FAM3C	TRUE	TRUE	retained
FAM3C2P	TRUE	TRUE	retained
FAM43A	TRUE	TRUE	retained
FAM50A	TRUE	TRUE	retained
FAM50B	TRUE	TRUE	retained
FAM53B	TRUE	TRUE	retained
FAM53C	TRUE	TRUE	retained
FAM71E1	TRUE	TRUE	retained
FAM71F2	TRUE	TRUE	retained
FAM72A	TRUE	TRUE	retained
FAM72B	TRUE	TRUE	retained
FAM72C	TRUE	TRUE	retained
FAM72D	TRUE	TRUE	retained
FAM76A	TRUE	TRUE	retained
FAM76B	TRUE	TRUE	retained
FAM78A	TRUE	TRUE	retained
FAM83B	TRUE	TRUE	retained
FAM83D	TRUE	TRUE	retained
FAM83G	TRUE	TRUE	retained
FAM83H	TRUE	TRUE	retained
FAM86B1	TRUE	TRUE	retained
FAM86B2	TRUE	TRUE	retained
FAM86B3P	TRUE	TRUE	retained
FAM86C1P	TRUE	TRUE	retained
FAM86C2P	TRUE	TRUE	retained
FAM86DP	TRUE	TRUE	retained
FAM86EP	TRUE	TRUE	retained
FAM86FP	TRUE	TRUE	retained
FAM86HP	TRUE	TRUE	retained
FAM89A	TRUE	TRUE	retained
FAM8A1	TRUE	TRUE	retained
FAM90A1	TRUE	TRUE	retained
FAM91A1	TRUE	TRUE	retained
FAM91A3P	TRUE	TRUE	retained
FAM96AP2	TRUE	TRUE	retained
FAM98A	TRUE	TRUE	retained
FAM98B	TRUE	TRUE	retained
FAM98C	TRUE	TRUE	retained
FAN1	TRUE	TRUE	retained
FANCA	TRUE	TRUE	retained
FANCB	TRUE	TRUE	retained
FANCC	TRUE	TRUE	retained
FANCD2	TRUE	TRUE	retained
FANCE	TRUE	TRUE	retained
FANCF	TRUE	TRUE	retained
FANCG	TRUE	TRUE	retained
FANCI	TRUE	TRUE	retained
FANCL	TRUE	TRUE	retained
FANCM	TRUE	TRUE	retained
FANK1	TRUE	TRUE	retained
FAP	TRUE	TRUE	retained
FAR1	TRUE	TRUE	retained
FAR1P1	TRUE	TRUE	retained
FAR2	TRUE	TRUE	retained
FARP1	TRUE	TRUE	retained
FARP2	TRUE	TRUE	retained
FARS2	TRUE	TRUE	retained
FARSA	TRUE	TRUE	retained
FARSB	TRUE	TRUE	retained
FAS	TRUE	TRUE	retained
FASN	TRUE	TRUE	retained
FASTK	TRUE	TRUE	retained
FASTKD1	TRUE	TRUE	retained
FASTKD2	TRUE	TRUE	retained
FASTKD3	TRUE	TRUE	retained
FASTKD5	TRUE	TRUE	retained
FAT1	TRUE	TRUE	retained
FAT2	TRUE	TRUE	retained
FAT3	TRUE	TRUE	retained
FAT4	TRUE	TRUE	retained
FAU	TRUE	TRUE	retained
FAUP1	TRUE	TRUE	retained
FAXC	TRUE	TRUE	retained
FAXDC2	TRUE	TRUE	retained
FBF1	TRUE	TRUE	retained
FBH1	TRUE	TRUE	retained
FBL	TRUE	TRUE	retained
FBLIM1	TRUE	TRUE	retained
FBLIM1P1	TRUE	TRUE	retained
FBLIM1P2	TRUE	TRUE	retained
FBLN1	TRUE	TRUE	retained
FBLN2	TRUE	TRUE	retained
FBLN5	TRUE	TRUE	retained
FBLN7	TRUE	TRUE	retained
FBN1	TRUE	TRUE	retained
FBN2	TRUE	TRUE	retained
FBN3	TRUE	TRUE	retained
FBP1	TRUE	TRUE	retained
FBRS	TRUE	TRUE	retained
FBRSL1	TRUE	TRUE	retained
FBXL12	TRUE	TRUE	retained
FBXL13	TRUE	TRUE	retained
FBXL14	TRUE	TRUE	retained
FBXL15	TRUE	TRUE	retained
FBXL17	TRUE	TRUE	retained
FBXL18	TRUE	TRUE	retained
FBXL19	TRUE	TRUE	retained
FBXL19-AS1	TRUE	TRUE	retained
FBXL2	TRUE	TRUE	retained
FBXL20	TRUE	TRUE	retained
FBXL3	TRUE	TRUE	retained
FBXL4	TRUE	TRUE	retained
FBXL5	TRUE	TRUE	retained
FBXL6	TRUE	TRUE	retained
FBXL7	TRUE	TRUE	retained
FBXL8	TRUE	TRUE	retained
FBXO11	TRUE	TRUE	retained
FBXO16	TRUE	TRUE	retained
FBXO17	TRUE	TRUE	retained
FBXO21	TRUE	TRUE	retained
FBXO22	TRUE	TRUE	retained
FBXO24	TRUE	TRUE	retained
FBXO25	TRUE	TRUE	retained
FBXO27	TRUE	TRUE	retained
FBXO28	TRUE	TRUE	retained
FBXO3	TRUE	TRUE	retained
FBXO30	TRUE	TRUE	retained
FBXO31	TRUE	TRUE	retained
FBXO32	TRUE	TRUE	retained
FBXO33	TRUE	TRUE	retained
FBXO34	TRUE	TRUE	retained
FBXO36	TRUE	TRUE	retained
FBXO38	TRUE	TRUE	retained
FBXO4	TRUE	TRUE	retained
FBXO41	TRUE	TRUE	retained
FBXO42	TRUE	TRUE	retained
FBXO44	TRUE	TRUE	retained
FBXO45	TRUE	TRUE	retained
FBXO46	TRUE	TRUE	retained
FBXO5	TRUE	TRUE	retained
FBXO6	TRUE	TRUE	retained
FBXO7	TRUE	TRUE	retained
FBXO8	TRUE	TRUE	retained
FBXO9	TRUE	TRUE	retained
FBXW10	TRUE	TRUE	retained
FBXW11	TRUE	TRUE	retained
FBXW11P1	TRUE	TRUE	retained
FBXW2	TRUE	TRUE	retained
FBXW4	TRUE	TRUE	retained
FBXW4P1	TRUE	TRUE	retained
FBXW5	TRUE	TRUE	retained
FBXW7	TRUE	TRUE	retained
FBXW8	TRUE	TRUE	retained
FBXW9	TRUE	TRUE	retained
FCER1G	TRUE	TRUE	retained
FCF1	TRUE	TRUE	retained
FCF1P6	TRUE	TRUE	retained
FCF1P7	TRUE	TRUE	retained
FCF1P8	TRUE	TRUE	retained
FCGBP	TRUE	TRUE	retained
FCGR1A	TRUE	TRUE	retained
FCGR1B	TRUE	TRUE	retained
FCGR1CP	TRUE	TRUE	retained
FCGR2A	TRUE	TRUE	retained
FCGR2B	TRUE	TRUE	retained
FCGR2C	TRUE	TRUE	retained
FCGR3A	TRUE	TRUE	retained
FCGR3B	TRUE	TRUE	retained
FCGRT	TRUE	TRUE	retained
FCHO1	TRUE	TRUE	retained
FCHO2	TRUE	TRUE	retained
FCHSD1	TRUE	TRUE	retained
FCHSD2	TRUE	TRUE	retained
FCN1	TRUE	TRUE	retained
FCN3	TRUE	TRUE	retained
FCRL5	TRUE	TRUE	retained
FCSK	TRUE	TRUE	retained
FDFT1	TRUE	TRUE	retained
FDPS	TRUE	TRUE	retained
FDPSP1	TRUE	TRUE	retained
FDPSP2	TRUE	TRUE	retained
FDPSP4	TRUE	TRUE	retained
FDPSP5	TRUE	TRUE	retained
FDPSP7	TRUE	TRUE	retained
FDPSP8	TRUE	TRUE	retained
FDX1	TRUE	TRUE	retained
FDX1P1	TRUE	TRUE	retained
FDXR	TRUE	TRUE	retained
FECH	TRUE	TRUE	retained
FEM1B	TRUE	TRUE	retained
FEM1C	TRUE	TRUE	retained
FEN1	TRUE	TRUE	retained
FER	TRUE	TRUE	retained
FER1L4	TRUE	TRUE	retained
FER1L5	TRUE	TRUE	retained
FERMT1	TRUE	TRUE	retained
FERMT2	TRUE	TRUE	retained
FERMT3	TRUE	TRUE	retained
FES	TRUE	TRUE	retained
FEZ1	TRUE	TRUE	retained
FEZ2	TRUE	TRUE	retained
FGA	TRUE	TRUE	retained
FGB	TRUE	TRUE	retained
FGD1	TRUE	TRUE	retained
FGD2	TRUE	TRUE	retained
FGD3	TRUE	TRUE	retained
FGD4	TRUE	TRUE	retained
FGD5	TRUE	TRUE	retained
FGD5-AS1	TRUE	TRUE	retained
FGD6	TRUE	TRUE	retained
FGF13	TRUE	TRUE	retained
FGF2	TRUE	TRUE	retained
FGF7	TRUE	TRUE	retained
FGFR1	TRUE	TRUE	retained
FGFR1OP2	TRUE	TRUE	retained
FGFR2	TRUE	TRUE	retained
FGFR3	TRUE	TRUE	retained
FGFR4	TRUE	TRUE	retained
FGFRL1	TRUE	TRUE	retained
FGG	TRUE	TRUE	retained
FGGY	TRUE	TRUE	retained
FGL1	TRUE	TRUE	retained
FGL2	TRUE	TRUE	retained
FGR	TRUE	TRUE	retained
FH	TRUE	TRUE	retained
FHAD1	TRUE	TRUE	retained
FHDC1	TRUE	TRUE	retained
FHIT	TRUE	TRUE	retained
FHL1	TRUE	TRUE	retained
FHL2	TRUE	TRUE	retained
FHL3	TRUE	TRUE	retained
FHOD1	TRUE	TRUE	retained
FHOD3	TRUE	TRUE	retained
FHP1	TRUE	TRUE	retained
FIBCD1	TRUE	TRUE	retained
FIBIN	TRUE	TRUE	retained
FIBP	TRUE	TRUE	retained
FICD	TRUE	TRUE	retained
FIG4	TRUE	TRUE	retained
FIGN	TRUE	TRUE	retained
FIGNL1	TRUE	TRUE	retained
FIGNL2	TRUE	TRUE	retained
FILIP1	TRUE	TRUE	retained
FILIP1L	TRUE	TRUE	retained
FIP1L1	TRUE	TRUE	retained
FIS1	TRUE	TRUE	retained
FITM2	TRUE	TRUE	retained
FIZ1	TRUE	TRUE	retained
FJX1	TRUE	TRUE	retained
FKBP10	TRUE	TRUE	retained
FKBP11	TRUE	TRUE	retained
FKBP14	TRUE	TRUE	retained
FKBP15	TRUE	TRUE	retained
FKBP1A	TRUE	TRUE	retained
FKBP1AP1	TRUE	TRUE	retained
FKBP1C	TRUE	TRUE	retained
FKBP3	TRUE	TRUE	retained
FKBP4	TRUE	TRUE	retained
FKBP4P1	TRUE	TRUE	retained
FKBP4P2	TRUE	TRUE	retained
FKBP4P6	TRUE	TRUE	retained
FKBP4P7	TRUE	TRUE	retained
FKBP4P8	TRUE	TRUE	retained
FKBP5	TRUE	TRUE	retained
FKBP6	TRUE	TRUE	retained
FKBP7	TRUE	TRUE	retained
FKBP8	TRUE	TRUE	retained
FKBP9	TRUE	TRUE	retained
FKBP9P1	TRUE	TRUE	retained
FKBPL	TRUE	TRUE	retained
FKRP	TRUE	TRUE	retained
FKTN	TRUE	TRUE	retained
FLACC1	TRUE	TRUE	retained
FLAD1	TRUE	TRUE	retained
FLCN	TRUE	TRUE	retained
FLG	TRUE	TRUE	retained
FLI1	TRUE	TRUE	retained
FLII	TRUE	TRUE	retained
FLNA	TRUE	TRUE	retained
FLNB	TRUE	TRUE	retained
FLNC	TRUE	TRUE	retained
FLOT1	TRUE	TRUE	retained
FLOT2	TRUE	TRUE	retained
FLRT1	TRUE	TRUE	retained
FLRT2	TRUE	TRUE	retained
FLRT3	TRUE	TRUE	retained
FLT1	TRUE	TRUE	retained
FLT1P1	TRUE	TRUE	retained
FLT4	TRUE	TRUE	retained
FLVCR1	TRUE	TRUE	retained
FLVCR2	TRUE	TRUE	retained
FLYWCH1	TRUE	TRUE	retained
FLYWCH1P1	TRUE	TRUE	retained
FLYWCH2	TRUE	TRUE	retained
FMN1	TRUE	TRUE	retained
FMN2	TRUE	TRUE	retained
FMNL1	TRUE	TRUE	retained
FMNL2	TRUE	TRUE	retained
FMNL3	TRUE	TRUE	retained
FMO1	TRUE	TRUE	retained
FMO4	TRUE	TRUE	retained
FMO5	TRUE	TRUE	retained
FMOD	TRUE	TRUE	retained
FMR1	TRUE	TRUE	retained
FN1	TRUE	TRUE	retained
FN3K	TRUE	TRUE	retained
FN3KRP	TRUE	TRUE	retained
FNBP1	TRUE	TRUE	retained
FNBP1L	TRUE	TRUE	retained
FNBP4	TRUE	TRUE	retained
FNDC1	TRUE	TRUE	retained
FNDC3A	TRUE	TRUE	retained
FNDC3B	TRUE	TRUE	retained
FNDC4	TRUE	TRUE	retained
FNDC5	TRUE	TRUE	retained
FNIP1	TRUE	TRUE	retained
FNIP2	TRUE	TRUE	retained
FNTA	TRUE	TRUE	retained
FNTAP1	TRUE	TRUE	retained
FNTAP2	TRUE	TRUE	retained
FNTB	TRUE	TRUE	retained
FOCAD	TRUE	TRUE	retained
FOLR1	TRUE	TRUE	retained
FOLR2	TRUE	TRUE	retained
FOS	TRUE	TRUE	retained
FOSB	TRUE	TRUE	retained
FOSL1P1	TRUE	TRUE	retained
FOSL2	TRUE	TRUE	retained
FOXC1	TRUE	TRUE	retained
FOXD4L4	TRUE	TRUE	retained
FOXF1	TRUE	TRUE	retained
FOXF2	TRUE	TRUE	retained
FOXG1	TRUE	TRUE	retained
FOXI3	TRUE	TRUE	retained
FOXJ2	TRUE	TRUE	retained
FOXJ3	TRUE	TRUE	retained
FOXK1	TRUE	TRUE	retained
FOXK2	TRUE	TRUE	retained
FOXM1	TRUE	TRUE	retained
FOXN2	TRUE	TRUE	retained
FOXN3	TRUE	TRUE	retained
FOXN3P1	TRUE	TRUE	retained
FOXO1	TRUE	TRUE	retained
FOXO3	TRUE	TRUE	retained
FOXO3B	TRUE	TRUE	retained
FOXO4	TRUE	TRUE	retained
FOXO6	TRUE	TRUE	retained
FOXP1	TRUE	TRUE	retained
FOXP2	TRUE	TRUE	retained
FOXP3	TRUE	TRUE	retained
FOXP4	TRUE	TRUE	retained
FOXRED1	TRUE	TRUE	retained
FOXRED2	TRUE	TRUE	retained
FOXS1	TRUE	TRUE	retained
FPGS	TRUE	TRUE	retained
FPGT	TRUE	TRUE	retained
FPR1	TRUE	TRUE	retained
FPR2	TRUE	TRUE	retained
FRA10AC1	TRUE	TRUE	retained
FRAS1	TRUE	TRUE	retained
FRAT1	TRUE	TRUE	retained
FRAT2	TRUE	TRUE	retained
FREM1	TRUE	TRUE	retained
FREM2	TRUE	TRUE	retained
FRG1	TRUE	TRUE	retained
FRG1BP	TRUE	TRUE	retained
FRG1CP	TRUE	TRUE	retained
FRG1DP	TRUE	TRUE	retained
FRG1GP	TRUE	TRUE	retained
FRG1HP	TRUE	TRUE	retained
FRG1JP	TRUE	TRUE	retained
FRK	TRUE	TRUE	retained
FRMD3	TRUE	TRUE	retained
FRMD4A	TRUE	TRUE	retained
FRMD4B	TRUE	TRUE	retained
FRMD5	TRUE	TRUE	retained
FRMD6	TRUE	TRUE	retained
FRMD8	TRUE	TRUE	retained
FRMD8P1	TRUE	TRUE	retained
FRMPD1	TRUE	TRUE	retained
FRMPD2	TRUE	TRUE	retained
FRRS1	TRUE	TRUE	retained
FRS2	TRUE	TRUE	retained
FRS3	TRUE	TRUE	retained
FRY	TRUE	TRUE	retained
FRYL	TRUE	TRUE	retained
FRZB	TRUE	TRUE	retained
FSCB	TRUE	TRUE	retained
FSCN1	TRUE	TRUE	retained
FSCN1P1	TRUE	TRUE	retained
FSCN2	TRUE	TRUE	retained
FSD1	TRUE	TRUE	retained
FSD1L	TRUE	TRUE	retained
FSIP1	TRUE	TRUE	retained
FSIP2	TRUE	TRUE	retained
FST	TRUE	TRUE	retained
FSTL1	TRUE	TRUE	retained
FSTL3	TRUE	TRUE	retained
FSTL4	TRUE	TRUE	retained
FTCD	TRUE	TRUE	retained
FTH1	TRUE	TRUE	retained
FTH1P10	TRUE	TRUE	retained
FTH1P11	TRUE	TRUE	retained
FTH1P12	TRUE	TRUE	retained
FTH1P16	TRUE	TRUE	retained
FTH1P2	TRUE	TRUE	retained
FTH1P20	TRUE	TRUE	retained
FTH1P23	TRUE	TRUE	retained
FTH1P3	TRUE	TRUE	retained
FTH1P4	TRUE	TRUE	retained
FTH1P5	TRUE	TRUE	retained
FTH1P7	TRUE	TRUE	retained
FTH1P8	TRUE	TRUE	retained
FTL	TRUE	TRUE	retained
FTLP2	TRUE	TRUE	retained
FTLP3	TRUE	TRUE	retained
FTO	TRUE	TRUE	retained
FTSJ1	TRUE	TRUE	retained
FTSJ3	TRUE	TRUE	retained
FTX	TRUE	TRUE	retained
FUBP1	TRUE	TRUE	retained
FUBP3	TRUE	TRUE	retained
FUCA1	TRUE	TRUE	retained
FUCA2	TRUE	TRUE	retained
FUNDC1	TRUE	TRUE	retained
FUNDC2	TRUE	TRUE	retained
FUNDC2P1	TRUE	TRUE	retained
FUNDC2P2	TRUE	TRUE	retained
FUOM	TRUE	TRUE	retained
FURIN	TRUE	TRUE	retained
FUS	TRUE	TRUE	retained
FUT1	TRUE	TRUE	retained
FUT10	TRUE	TRUE	retained
FUT11	TRUE	TRUE	retained
FUT2	TRUE	TRUE	retained
FUT4	TRUE	TRUE	retained
FUT8	TRUE	TRUE	retained
FUZ	TRUE	TRUE	retained
FXN	TRUE	TRUE	retained
FXR1	TRUE	TRUE	retained
FXR2	TRUE	TRUE	retained
FXYD2	TRUE	TRUE	retained
FXYD3	TRUE	TRUE	retained
FXYD5	TRUE	TRUE	retained
FXYD6	TRUE	TRUE	retained
FYB1	TRUE	TRUE	retained
FYB2	TRUE	TRUE	retained
FYCO1	TRUE	TRUE	retained
FYN	TRUE	TRUE	retained
FYTTD1	TRUE	TRUE	retained
FZD1	TRUE	TRUE	retained
FZD2	TRUE	TRUE	retained
FZD3	TRUE	TRUE	retained
FZD4	TRUE	TRUE	retained
FZD5	TRUE	TRUE	retained
FZD6	TRUE	TRUE	retained
FZD7	TRUE	TRUE	retained
FZD8	TRUE	TRUE	retained
FZR1	TRUE	TRUE	retained
G0S2	TRUE	TRUE	retained
G2E3	TRUE	TRUE	retained
G3BP1	TRUE	TRUE	retained
G3BP1P1	TRUE	TRUE	retained
G3BP2	TRUE	TRUE	retained
G6PC3	TRUE	TRUE	retained
G6PD	TRUE	TRUE	retained
GAA	TRUE	TRUE	retained
GAB1	TRUE	TRUE	retained
GAB2	TRUE	TRUE	retained
GAB3	TRUE	TRUE	retained
GABARAP	TRUE	TRUE	retained
GABARAPL1	TRUE	TRUE	retained
GABARAPL2	TRUE	TRUE	retained
GABBR1	TRUE	TRUE	retained
GABBR2	TRUE	TRUE	retained
GABPA	TRUE	TRUE	retained
GABPAP	TRUE	TRUE	retained
GABPB1	TRUE	TRUE	retained
GABPB1-IT1	TRUE	TRUE	retained
GABPB2	TRUE	TRUE	retained
GABRA3	TRUE	TRUE	retained
GABRE	TRUE	TRUE	retained
GABRP	TRUE	TRUE	retained
GABRR2	TRUE	TRUE	retained
GAD1	TRUE	TRUE	retained
GADD45A	TRUE	TRUE	retained
GADD45B	TRUE	TRUE	retained
GADD45G	TRUE	TRUE	retained
GADD45GIP1	TRUE	TRUE	retained
GAK	TRUE	TRUE	retained
GAL3ST4	TRUE	TRUE	retained
GALC	TRUE	TRUE	retained
GALE	TRUE	TRUE	retained
GALK1	TRUE	TRUE	retained
GALK2	TRUE	TRUE	retained
GALM	TRUE	TRUE	retained
GALNS	TRUE	TRUE	retained
GALNT1	TRUE	TRUE	retained
GALNT10	TRUE	TRUE	retained
GALNT11	TRUE	TRUE	retained
GALNT12	TRUE	TRUE	retained
GALNT15	TRUE	TRUE	retained
GALNT16	TRUE	TRUE	retained
GALNT18	TRUE	TRUE	retained
GALNT2	TRUE	TRUE	retained
GALNT3	TRUE	TRUE	retained
GALNT6	TRUE	TRUE	retained
GALNT7	TRUE	TRUE	retained
GALNT9	TRUE	TRUE	retained
GALT	TRUE	TRUE	retained
GAMT	TRUE	TRUE	retained
GAN	TRUE	TRUE	retained
GANAB	TRUE	TRUE	retained
GANC	TRUE	TRUE	retained
GAP43	TRUE	TRUE	retained
GAPDH	TRUE	TRUE	retained
GAPDHP1	TRUE	TRUE	retained
GAPDHP35	TRUE	TRUE	retained
GAPDHP38	TRUE	TRUE	retained
GAPDHP40	TRUE	TRUE	retained
GAPDHP44	TRUE	TRUE	retained
GAPDHP60	TRUE	TRUE	retained
GAPDHP61	TRUE	TRUE	retained
GAPDHP63	TRUE	TRUE	retained
GAPDHP65	TRUE	TRUE	retained
GAPDHP68	TRUE	TRUE	retained
GAPDHP70	TRUE	TRUE	retained
GAPDHP71	TRUE	TRUE	retained
GAPDHP72	TRUE	TRUE	retained
GAPVD1	TRUE	TRUE	retained
GAR1	TRUE	TRUE	retained
GAREM1	TRUE	TRUE	retained
GAREM2	TRUE	TRUE	retained
GARNL3	TRUE	TRUE	retained
GARRE1	TRUE	TRUE	retained
GARS1	TRUE	TRUE	retained
GART	TRUE	TRUE	retained
GAS1	TRUE	TRUE	retained
GAS2L1	TRUE	TRUE	retained
GAS2L3	TRUE	TRUE	retained
GAS5	TRUE	TRUE	retained
GAS6	TRUE	TRUE	retained
GAS7	TRUE	TRUE	retained
GAS8	TRUE	TRUE	retained
GASK1A	TRUE	TRUE	retained
GASK1B	TRUE	TRUE	retained
GATA1	TRUE	TRUE	retained
GATA2	TRUE	TRUE	retained
GATA3	TRUE	TRUE	retained
GATA4	TRUE	TRUE	retained
GATA5	TRUE	TRUE	retained
GATA6	TRUE	TRUE	retained
GATAD1	TRUE	TRUE	retained
GATAD2A	TRUE	TRUE	retained
GATAD2B	TRUE	TRUE	retained
GATB	TRUE	TRUE	retained
GATC	TRUE	TRUE	retained
GATD1	TRUE	TRUE	retained
GATD3A	TRUE	TRUE	retained
GATD3B	TRUE	TRUE	retained
GATM	TRUE	TRUE	retained
GBA	TRUE	TRUE	retained
GBA2	TRUE	TRUE	retained
GBAP1	TRUE	TRUE	retained
GBE1	TRUE	TRUE	retained
GBF1	TRUE	TRUE	retained
GBGT1	TRUE	TRUE	retained
GBP1	TRUE	TRUE	retained
GBP1P1	TRUE	TRUE	retained
GBP2	TRUE	TRUE	retained
GBP3	TRUE	TRUE	retained
GBP4	TRUE	TRUE	retained
GBP5	TRUE	TRUE	retained
GCA	TRUE	TRUE	retained
GCAT	TRUE	TRUE	retained
GCATP1	TRUE	TRUE	retained
GCC1	TRUE	TRUE	retained
GCC2	TRUE	TRUE	retained
GCDH	TRUE	TRUE	retained
GCFC2	TRUE	TRUE	retained
GCH1	TRUE	TRUE	retained
GCHFR	TRUE	TRUE	retained
GCK	TRUE	TRUE	retained
GCLC	TRUE	TRUE	retained
GCLM	TRUE	TRUE	retained
GCM1	TRUE	TRUE	retained
GCN1	TRUE	TRUE	retained
GCNA	TRUE	TRUE	retained
GCNT1	TRUE	TRUE	retained
GCNT2	TRUE	TRUE	retained
GCNT4	TRUE	TRUE	retained
GCNT7	TRUE	TRUE	retained
GCOM2	TRUE	TRUE	retained
GCSH	TRUE	TRUE	retained
GCSHP5	TRUE	TRUE	retained
GDA	TRUE	TRUE	retained
GDAP1	TRUE	TRUE	retained
GDAP1L1	TRUE	TRUE	retained
GDAP2	TRUE	TRUE	retained
GDE1	TRUE	TRUE	retained
GDF11	TRUE	TRUE	retained
GDF15	TRUE	TRUE	retained
GDF6	TRUE	TRUE	retained
GDI1	TRUE	TRUE	retained
GDI2	TRUE	TRUE	retained
GDI2P1	TRUE	TRUE	retained
GDI2P2	TRUE	TRUE	retained
GDPD1	TRUE	TRUE	retained
GDPD2	TRUE	TRUE	retained
GDPD3	TRUE	TRUE	retained
GDPD4	TRUE	TRUE	retained
GDPD5	TRUE	TRUE	retained
GEM	TRUE	TRUE	retained
GEMIN2	TRUE	TRUE	retained
GEMIN2P2	TRUE	TRUE	retained
GEMIN4	TRUE	TRUE	retained
GEMIN5	TRUE	TRUE	retained
GEMIN6	TRUE	TRUE	retained
GEMIN8	TRUE	TRUE	retained
GEN1	TRUE	TRUE	retained
GET1	TRUE	TRUE	retained
GET3	TRUE	TRUE	retained
GET4	TRUE	TRUE	retained
GFER	TRUE	TRUE	retained
GFM1	TRUE	TRUE	retained
GFM2	TRUE	TRUE	retained
GFOD1	TRUE	TRUE	retained
GFOD2	TRUE	TRUE	retained
GFPT1	TRUE	TRUE	retained
GFPT2	TRUE	TRUE	retained
GFRA2	TRUE	TRUE	retained
GFUS	TRUE	TRUE	retained
GGA1	TRUE	TRUE	retained
GGA2	TRUE	TRUE	retained
GGA3	TRUE	TRUE	retained
GGCT	TRUE	TRUE	retained
GGCX	TRUE	TRUE	retained
GGH	TRUE	TRUE	retained
GGNBP2	TRUE	TRUE	retained
GGPS1	TRUE	TRUE	retained
GGT2	TRUE	TRUE	retained
GGT3P	TRUE	TRUE	retained
GGT5	TRUE	TRUE	retained
GGT7	TRUE	TRUE	retained
GGTA1	TRUE	TRUE	retained
GGTLC2	TRUE	TRUE	retained
GGTLC5P	TRUE	TRUE	retained
GH2	TRUE	TRUE	retained
GHDC	TRUE	TRUE	retained
GHITM	TRUE	TRUE	retained
GHR	TRUE	TRUE	retained
GHRL	TRUE	TRUE	retained
GID4	TRUE	TRUE	retained
GID8	TRUE	TRUE	retained
GIGYF1	TRUE	TRUE	retained
GIGYF2	TRUE	TRUE	retained
GIMAP1	TRUE	TRUE	retained
GIMAP2	TRUE	TRUE	retained
GIMAP4	TRUE	TRUE	retained
GIMAP6	TRUE	TRUE	retained
GIMAP7	TRUE	TRUE	retained
GIMAP8	TRUE	TRUE	retained
GIN1	TRUE	TRUE	retained
GINM1	TRUE	TRUE	retained
GINS1	TRUE	TRUE	retained
GINS2	TRUE	TRUE	retained
GINS3	TRUE	TRUE	retained
GINS4	TRUE	TRUE	retained
GIPC1	TRUE	TRUE	retained
GIPC2	TRUE	TRUE	retained
GIT1	TRUE	TRUE	retained
GIT2	TRUE	TRUE	retained
GJA1	TRUE	TRUE	retained
GJA1P1	TRUE	TRUE	retained
GJA3	TRUE	TRUE	retained
GJA4	TRUE	TRUE	retained
GJA5	TRUE	TRUE	retained
GJC1	TRUE	TRUE	retained
GJC2	TRUE	TRUE	retained
GK	TRUE	TRUE	retained
GK3P	TRUE	TRUE	retained
GK4P	TRUE	TRUE	retained
GK5	TRUE	TRUE	retained
GKAP1	TRUE	TRUE	retained
GLA	TRUE	TRUE	retained
GLB1	TRUE	TRUE	retained
GLB1L	TRUE	TRUE	retained
GLB1L2	TRUE	TRUE	retained
GLB1L3	TRUE	TRUE	retained
GLCCI1	TRUE	TRUE	retained
GLCE	TRUE	TRUE	retained
GLDC	TRUE	TRUE	retained
GLDCP1	TRUE	TRUE	retained
GLDN	TRUE	TRUE	retained
GLE1	TRUE	TRUE	retained
GLG1	TRUE	TRUE	retained
GLI1	TRUE	TRUE	retained
GLI2	TRUE	TRUE	retained
GLI3	TRUE	TRUE	retained
GLI4	TRUE	TRUE	retained
GLIPR1	TRUE	TRUE	retained
GLIPR2	TRUE	TRUE	retained
GLIS2	TRUE	TRUE	retained
GLIS3	TRUE	TRUE	retained
GLMN	TRUE	TRUE	retained
GLMP	TRUE	TRUE	retained
GLO1	TRUE	TRUE	retained
GLOD4	TRUE	TRUE	retained
GLP2R	TRUE	TRUE	retained
GLRX	TRUE	TRUE	retained
GLRX2	TRUE	TRUE	retained
GLRX3	TRUE	TRUE	retained
GLRX3P2	TRUE	TRUE	retained
GLRX5	TRUE	TRUE	retained
GLRXP3	TRUE	TRUE	retained
GLS	TRUE	TRUE	retained
GLT8D1	TRUE	TRUE	retained
GLT8D2	TRUE	TRUE	retained
GLTP	TRUE	TRUE	retained
GLUD1	TRUE	TRUE	retained
GLUD2	TRUE	TRUE	retained
GLUL	TRUE	TRUE	retained
GLULP3	TRUE	TRUE	retained
GLULP4	TRUE	TRUE	retained
GLYCTK	TRUE	TRUE	retained
GLYR1	TRUE	TRUE	retained
GM2A	TRUE	TRUE	retained
GM2AP1	TRUE	TRUE	retained
GMCL1	TRUE	TRUE	retained
GMCL2	TRUE	TRUE	retained
GMDS	TRUE	TRUE	retained
GMEB1	TRUE	TRUE	retained
GMEB2	TRUE	TRUE	retained
GMFB	TRUE	TRUE	retained
GMFBP1	TRUE	TRUE	retained
GMFG	TRUE	TRUE	retained
GMIP	TRUE	TRUE	retained
GMNN	TRUE	TRUE	retained
GMPPA	TRUE	TRUE	retained
GMPPB	TRUE	TRUE	retained
GMPR	TRUE	TRUE	retained
GMPR2	TRUE	TRUE	retained
GMPS	TRUE	TRUE	retained
GMPSP1	TRUE	TRUE	retained
GNA11	TRUE	TRUE	retained
GNA12	TRUE	TRUE	retained
GNA13	TRUE	TRUE	retained
GNA14	TRUE	TRUE	retained
GNA15	TRUE	TRUE	retained
GNAI1	TRUE	TRUE	retained
GNAI2	TRUE	TRUE	retained
GNAI2P1	TRUE	TRUE	retained
GNAI3	TRUE	TRUE	retained
GNAL	TRUE	TRUE	retained
GNAO1	TRUE	TRUE	retained
GNAQ	TRUE	TRUE	retained
GNAQP1	TRUE	TRUE	retained
GNAS	TRUE	TRUE	retained
GNAT2	TRUE	TRUE	retained
GNB1	TRUE	TRUE	retained
GNB1L	TRUE	TRUE	retained
GNB2	TRUE	TRUE	retained
GNB3	TRUE	TRUE	retained
GNB4	TRUE	TRUE	retained
GNB5	TRUE	TRUE	retained
GNE	TRUE	TRUE	retained
GNG10	TRUE	TRUE	retained
GNG11	TRUE	TRUE	retained
GNG12	TRUE	TRUE	retained
GNG2	TRUE	TRUE	retained
GNG4	TRUE	TRUE	retained
GNG5	TRUE	TRUE	retained
GNG5P2	TRUE	TRUE	retained
GNG7	TRUE	TRUE	retained
GNL1	TRUE	TRUE	retained
GNL2	TRUE	TRUE	retained
GNL3	TRUE	TRUE	retained
GNL3L	TRUE	TRUE	retained
GNLY	TRUE	TRUE	retained
GNMT	TRUE	TRUE	retained
GNPAT	TRUE	TRUE	retained
GNPDA1	TRUE	TRUE	retained
GNPDA2	TRUE	TRUE	retained
GNPNAT1	TRUE	TRUE	retained
GNPTAB	TRUE	TRUE	retained
GNPTG	TRUE	TRUE	retained
GNRH1	TRUE	TRUE	retained
GNRHR2P1	TRUE	TRUE	retained
GNS	TRUE	TRUE	retained
GOLGA1	TRUE	TRUE	retained
GOLGA2	TRUE	TRUE	retained
GOLGA2P1	TRUE	TRUE	retained
GOLGA2P5	TRUE	TRUE	retained
GOLGA2P7	TRUE	TRUE	retained
GOLGA3	TRUE	TRUE	retained
GOLGA4	TRUE	TRUE	retained
GOLGA4-AS1	TRUE	TRUE	retained
GOLGA5	TRUE	TRUE	retained
GOLGA5P1	TRUE	TRUE	retained
GOLGA6L10	TRUE	TRUE	retained
GOLGA6L17P	TRUE	TRUE	retained
GOLGA6L3	TRUE	TRUE	retained
GOLGA6L4	TRUE	TRUE	retained
GOLGA6L5P	TRUE	TRUE	retained
GOLGA6L9	TRUE	TRUE	retained
GOLGA7	TRUE	TRUE	retained
GOLGA8A	TRUE	TRUE	retained
GOLGA8B	TRUE	TRUE	retained
GOLGA8H	TRUE	TRUE	retained
GOLGA8IP	TRUE	TRUE	retained
GOLGA8J	TRUE	TRUE	retained
GOLGA8K	TRUE	TRUE	retained
GOLGA8M	TRUE	TRUE	retained
GOLGA8N	TRUE	TRUE	retained
GOLGA8O	TRUE	TRUE	retained
GOLGA8Q	TRUE	TRUE	retained
GOLGA8R	TRUE	TRUE	retained
GOLGA8S	TRUE	TRUE	retained
GOLGA8T	TRUE	TRUE	retained
GOLGA8UP	TRUE	TRUE	retained
GOLGB1	TRUE	TRUE	retained
GOLIM4	TRUE	TRUE	retained
GOLM1	TRUE	TRUE	retained
GOLM2	TRUE	TRUE	retained
GOLPH3	TRUE	TRUE	retained
GOLPH3L	TRUE	TRUE	retained
GOLT1A	TRUE	TRUE	retained
GOLT1B	TRUE	TRUE	retained
GON4L	TRUE	TRUE	retained
GON7	TRUE	TRUE	retained
GOPC	TRUE	TRUE	retained
GORAB	TRUE	TRUE	retained
GORASP1	TRUE	TRUE	retained
GORASP2	TRUE	TRUE	retained
GOSR1	TRUE	TRUE	retained
GOSR2	TRUE	TRUE	retained
GOT1	TRUE	TRUE	retained
GOT2	TRUE	TRUE	retained
GOT2P2	TRUE	TRUE	retained
GOT2P3	TRUE	TRUE	retained
GP1BA	TRUE	TRUE	retained
GP6	TRUE	TRUE	retained
GPAA1	TRUE	TRUE	retained
GPALPP1	TRUE	TRUE	retained
GPAM	TRUE	TRUE	retained
GPANK1	TRUE	TRUE	retained
GPAT2	TRUE	TRUE	retained
GPAT2P1	TRUE	TRUE	retained
GPAT4	TRUE	TRUE	retained
GPATCH1	TRUE	TRUE	retained
GPATCH11	TRUE	TRUE	retained
GPATCH2	TRUE	TRUE	retained
GPATCH2L	TRUE	TRUE	retained
GPATCH3	TRUE	TRUE	retained
GPATCH8	TRUE	TRUE	retained
GPBAR1	TRUE	TRUE	retained
GPBP1	TRUE	TRUE	retained
GPBP1L1	TRUE	TRUE	retained
GPC1	TRUE	TRUE	retained
GPC2	TRUE	TRUE	retained
GPC3	TRUE	TRUE	retained
GPC4	TRUE	TRUE	retained
GPC6	TRUE	TRUE	retained
GPCPD1	TRUE	TRUE	retained
GPD1L	TRUE	TRUE	retained
GPD2	TRUE	TRUE	retained
GPER1	TRUE	TRUE	retained
GPHN	TRUE	TRUE	retained
GPI	TRUE	TRUE	retained
GPKOW	TRUE	TRUE	retained
GPLD1	TRUE	TRUE	retained
GPM6A	TRUE	TRUE	retained
GPM6B	TRUE	TRUE	retained
GPN1	TRUE	TRUE	retained
GPN2	TRUE	TRUE	retained
GPN3	TRUE	TRUE	retained
GPNMB	TRUE	TRUE	retained
GPR107	TRUE	TRUE	retained
GPR108	TRUE	TRUE	retained
GPR132	TRUE	TRUE	retained
GPR135	TRUE	TRUE	retained
GPR137	TRUE	TRUE	retained
GPR137B	TRUE	TRUE	retained
GPR143	TRUE	TRUE	retained
GPR146	TRUE	TRUE	retained
GPR153	TRUE	TRUE	retained
GPR155	TRUE	TRUE	retained
GPR156	TRUE	TRUE	retained
GPR157	TRUE	TRUE	retained
GPR158	TRUE	TRUE	retained
GPR161	TRUE	TRUE	retained
GPR162	TRUE	TRUE	retained
GPR17	TRUE	TRUE	retained
GPR171	TRUE	TRUE	retained
GPR173	TRUE	TRUE	retained
GPR176	TRUE	TRUE	retained
GPR18	TRUE	TRUE	retained
GPR180	TRUE	TRUE	retained
GPR182	TRUE	TRUE	retained
GPR183	TRUE	TRUE	retained
GPR20	TRUE	TRUE	retained
GPR21	TRUE	TRUE	retained
GPR22	TRUE	TRUE	retained
GPR32	TRUE	TRUE	retained
GPR34	TRUE	TRUE	retained
GPR37	TRUE	TRUE	retained
GPR52	TRUE	TRUE	retained
GPR68	TRUE	TRUE	retained
GPR75	TRUE	TRUE	retained
GPR78	TRUE	TRUE	retained
GPR87	TRUE	TRUE	retained
GPR89A	TRUE	TRUE	retained
GPR89B	TRUE	TRUE	retained
GPR89P	TRUE	TRUE	retained
GPRASP1	TRUE	TRUE	retained
GPRASP2	TRUE	TRUE	retained
GPRC5A	TRUE	TRUE	retained
GPRC5B	TRUE	TRUE	retained
GPRC5C	TRUE	TRUE	retained
GPRC5D	TRUE	TRUE	retained
GPRIN1	TRUE	TRUE	retained
GPRIN3	TRUE	TRUE	retained
GPS1	TRUE	TRUE	retained
GPS2	TRUE	TRUE	retained
GPS2P1	TRUE	TRUE	retained
GPSM1	TRUE	TRUE	retained
GPSM2	TRUE	TRUE	retained
GPSM3	TRUE	TRUE	retained
GPT	TRUE	TRUE	retained
GPT2	TRUE	TRUE	retained
GPX1	TRUE	TRUE	retained
GPX1P1	TRUE	TRUE	retained
GPX1P2	TRUE	TRUE	retained
GPX2	TRUE	TRUE	retained
GPX3	TRUE	TRUE	retained
GPX4	TRUE	TRUE	retained
GPX7	TRUE	TRUE	retained
GPX8	TRUE	TRUE	retained
GRAMD1A	TRUE	TRUE	retained
GRAMD1B	TRUE	TRUE	retained
GRAMD1C	TRUE	TRUE	retained
GRAMD2A	TRUE	TRUE	retained
GRAMD2B	TRUE	TRUE	retained
GRAMD4	TRUE	TRUE	retained
GRAP	TRUE	TRUE	retained
GRAP2	TRUE	TRUE	retained
GRAPL	TRUE	TRUE	retained
GRB10	TRUE	TRUE	retained
GRB14	TRUE	TRUE	retained
GRB2	TRUE	TRUE	retained
GRB7	TRUE	TRUE	retained
GREB1	TRUE	TRUE	retained
GREB1L	TRUE	TRUE	retained
GREM2	TRUE	TRUE	retained
GRHL1	TRUE	TRUE	retained
GRHL2	TRUE	TRUE	retained
GRHL3	TRUE	TRUE	retained
GRHPR	TRUE	TRUE	retained
GRIA1	TRUE	TRUE	retained
GRIA2	TRUE	TRUE	retained
GRIA3	TRUE	TRUE	retained
GRIA4	TRUE	TRUE	retained
GRID1	TRUE	TRUE	retained
GRID2IP	TRUE	TRUE	retained
GRIK1	TRUE	TRUE	retained
GRIK2	TRUE	TRUE	retained
GRIK3	TRUE	TRUE	retained
GRIK4	TRUE	TRUE	retained
GRIK5	TRUE	TRUE	retained
GRIN1	TRUE	TRUE	retained
GRIN2B	TRUE	TRUE	retained
GRIN2C	TRUE	TRUE	retained
GRIN2D	TRUE	TRUE	retained
GRIN3B	TRUE	TRUE	retained
GRINA	TRUE	TRUE	retained
GRIP1	TRUE	TRUE	retained
GRIP2	TRUE	TRUE	retained
GRIPAP1	TRUE	TRUE	retained
GRK2	TRUE	TRUE	retained
GRK3	TRUE	TRUE	retained
GRK4	TRUE	TRUE	retained
GRK5	TRUE	TRUE	retained
GRK6	TRUE	TRUE	retained
GRK6P1	TRUE	TRUE	retained
GRM6	TRUE	TRUE	retained
GRN	TRUE	TRUE	retained
GRPEL1	TRUE	TRUE	retained
GRPEL2	TRUE	TRUE	retained
GRPEL2P2	TRUE	TRUE	retained
GRSF1	TRUE	TRUE	retained
GRTP1	TRUE	TRUE	retained
GRWD1	TRUE	TRUE	retained
GSAP	TRUE	TRUE	retained
GSDMB	TRUE	TRUE	retained
GSDMD	TRUE	TRUE	retained
GSDME	TRUE	TRUE	retained
GSE1	TRUE	TRUE	retained
GSK3A	TRUE	TRUE	retained
GSK3B	TRUE	TRUE	retained
GSKIP	TRUE	TRUE	retained
GSN	TRUE	TRUE	retained
GSN-AS1	TRUE	TRUE	retained
GSPT1	TRUE	TRUE	retained
GSPT2	TRUE	TRUE	retained
GSR	TRUE	TRUE	retained
GSS	TRUE	TRUE	retained
GSTA3	TRUE	TRUE	retained
GSTA4	TRUE	TRUE	retained
GSTCD	TRUE	TRUE	retained
GSTK1	TRUE	TRUE	retained
GSTM2	TRUE	TRUE	retained
GSTM2P1	TRUE	TRUE	retained
GSTM3	TRUE	TRUE	retained
GSTM4	TRUE	TRUE	retained
GSTM5P1	TRUE	TRUE	retained
GSTO1	TRUE	TRUE	retained
GSTO2	TRUE	TRUE	retained
GSTO3P	TRUE	TRUE	retained
GSTP1	TRUE	TRUE	retained
GSTP1P1	TRUE	TRUE	retained
GSTT2	TRUE	TRUE	retained
GSTT2B	TRUE	TRUE	retained
GSTZ1	TRUE	TRUE	retained
GTDC1	TRUE	TRUE	retained
GTF2A1	TRUE	TRUE	retained
GTF2A2	TRUE	TRUE	retained
GTF2B	TRUE	TRUE	retained
GTF2E1	TRUE	TRUE	retained
GTF2E2	TRUE	TRUE	retained
GTF2F1	TRUE	TRUE	retained
GTF2F2	TRUE	TRUE	retained
GTF2F2P1	TRUE	TRUE	retained
GTF2H1	TRUE	TRUE	retained
GTF2H2	TRUE	TRUE	retained
GTF2H2B	TRUE	TRUE	retained
GTF2H2C	TRUE	TRUE	retained
GTF2H3	TRUE	TRUE	retained
GTF2H5	TRUE	TRUE	retained
GTF2I	TRUE	TRUE	retained
GTF2IP1	TRUE	TRUE	retained
GTF2IP12	TRUE	TRUE	retained
GTF2IP13	TRUE	TRUE	retained
GTF2IP20	TRUE	TRUE	retained
GTF2IP4	TRUE	TRUE	retained
GTF2IRD1	TRUE	TRUE	retained
GTF2IRD2	TRUE	TRUE	retained
GTF2IRD2B	TRUE	TRUE	retained
GTF2IRD2P1	TRUE	TRUE	retained
GTF3A	TRUE	TRUE	retained
GTF3C1	TRUE	TRUE	retained
GTF3C2	TRUE	TRUE	retained
GTF3C3	TRUE	TRUE	retained
GTF3C4	TRUE	TRUE	retained
GTF3C5	TRUE	TRUE	retained
GTF3C6	TRUE	TRUE	retained
GTF3C6P2	TRUE	TRUE	retained
GTPBP1	TRUE	TRUE	retained
GTPBP10	TRUE	TRUE	retained
GTPBP2	TRUE	TRUE	retained
GTPBP3	TRUE	TRUE	retained
GTPBP4	TRUE	TRUE	retained
GTPBP6	TRUE	TRUE	retained
GTPBP8	TRUE	TRUE	retained
GTSE1	TRUE	TRUE	retained
GTSF1	TRUE	TRUE	retained
GUCA1B	TRUE	TRUE	retained
GUCD1	TRUE	TRUE	retained
GUCY1A1	TRUE	TRUE	retained
GUCY1A2	TRUE	TRUE	retained
GUCY1B1	TRUE	TRUE	retained
GUCY1B2	TRUE	TRUE	retained
GUCY2C	TRUE	TRUE	retained
GUF1	TRUE	TRUE	retained
GUK1	TRUE	TRUE	retained
GULP1	TRUE	TRUE	retained
GUSB	TRUE	TRUE	retained
GUSBP1	TRUE	TRUE	retained
GUSBP11	TRUE	TRUE	retained
GUSBP13	TRUE	TRUE	retained
GUSBP14	TRUE	TRUE	retained
GUSBP15	TRUE	TRUE	retained
GUSBP16	TRUE	TRUE	retained
GUSBP17	TRUE	TRUE	retained
GUSBP2	TRUE	TRUE	retained
GUSBP3	TRUE	TRUE	retained
GUSBP7	TRUE	TRUE	retained
GUSBP8	TRUE	TRUE	retained
GUSBP9	TRUE	TRUE	retained
GVINP1	TRUE	TRUE	retained
GVQW3	TRUE	TRUE	retained
GXYLT1	TRUE	TRUE	retained
GXYLT2	TRUE	TRUE	retained
GYG1	TRUE	TRUE	retained
GYG1P1	TRUE	TRUE	retained
GYG1P3	TRUE	TRUE	retained
GYG2	TRUE	TRUE	retained
GYPC	TRUE	TRUE	retained
GYS1	TRUE	TRUE	retained
GZF1	TRUE	TRUE	retained
H1-0	TRUE	TRUE	retained
H1-1	TRUE	TRUE	retained
H1-10	TRUE	TRUE	retained
H1-2	TRUE	TRUE	retained
H1-3	TRUE	TRUE	retained
H1-4	TRUE	TRUE	retained
H1-5	TRUE	TRUE	retained
H1-6	TRUE	TRUE	retained
H19	TRUE	TRUE	retained
H2AC11	TRUE	TRUE	retained
H2AC12	TRUE	TRUE	retained
H2AC13	TRUE	TRUE	retained
H2AC14	TRUE	TRUE	retained
H2AC16	TRUE	TRUE	retained
H2AC18	TRUE	TRUE	retained
H2AC19	TRUE	TRUE	retained
H2AC20	TRUE	TRUE	retained
H2AC21	TRUE	TRUE	retained
H2AC4	TRUE	TRUE	retained
H2AC6	TRUE	TRUE	retained
H2AC8	TRUE	TRUE	retained
H2AJ	TRUE	TRUE	retained
H2AW	TRUE	TRUE	retained
H2AX	TRUE	TRUE	retained
H2AZ1	TRUE	TRUE	retained
H2AZ2	TRUE	TRUE	retained
H2AZ2P1	TRUE	TRUE	retained
H2AZP1	TRUE	TRUE	retained
H2AZP2	TRUE	TRUE	retained
H2AZP3	TRUE	TRUE	retained
H2BC10	TRUE	TRUE	retained
H2BC11	TRUE	TRUE	retained
H2BC12	TRUE	TRUE	retained
H2BC13	TRUE	TRUE	retained
H2BC14	TRUE	TRUE	retained
H2BC15	TRUE	TRUE	retained
H2BC17	TRUE	TRUE	retained
H2BC18	TRUE	TRUE	retained
H2BC19P	TRUE	TRUE	retained
H2BC20P	TRUE	TRUE	retained
H2BC21	TRUE	TRUE	retained
H2BC3	TRUE	TRUE	retained
H2BC4	TRUE	TRUE	retained
H2BC5	TRUE	TRUE	retained
H2BC6	TRUE	TRUE	retained
H2BC7	TRUE	TRUE	retained
H2BC8	TRUE	TRUE	retained
H2BC9	TRUE	TRUE	retained
H2BP1	TRUE	TRUE	retained
H2BS1	TRUE	TRUE	retained
H2BU1	TRUE	TRUE	retained
H3-2	TRUE	TRUE	retained
H3-3A	TRUE	TRUE	retained
H3-3B	TRUE	TRUE	retained
H3-5	TRUE	TRUE	retained
H3C1	TRUE	TRUE	retained
H3C10	TRUE	TRUE	retained
H3C11	TRUE	TRUE	retained
H3C12	TRUE	TRUE	retained
H3C13	TRUE	TRUE	retained
H3C14	TRUE	TRUE	retained
H3C15	TRUE	TRUE	retained
H3C2	TRUE	TRUE	retained
H3C3	TRUE	TRUE	retained
H3C6	TRUE	TRUE	retained
H3C7	TRUE	TRUE	retained
H3C8	TRUE	TRUE	retained
H3P14	TRUE	TRUE	retained
H3P16	TRUE	TRUE	retained
H3P36	TRUE	TRUE	retained
H3P4	TRUE	TRUE	retained
H3P47	TRUE	TRUE	retained
H3P6	TRUE	TRUE	retained
H4-16	TRUE	TRUE	retained
H4C1	TRUE	TRUE	retained
H4C11	TRUE	TRUE	retained
H4C12	TRUE	TRUE	retained
H4C13	TRUE	TRUE	retained
H4C14	TRUE	TRUE	retained
H4C15	TRUE	TRUE	retained
H4C2	TRUE	TRUE	retained
H4C3	TRUE	TRUE	retained
H4C4	TRUE	TRUE	retained
H4C5	TRUE	TRUE	retained
H4C6	TRUE	TRUE	retained
H4C8	TRUE	TRUE	retained
H4C9	TRUE	TRUE	retained
H6PD	TRUE	TRUE	retained
HAAO	TRUE	TRUE	retained
HABP4	TRUE	TRUE	retained
HACD2	TRUE	TRUE	retained
HACD3	TRUE	TRUE	retained
HACD4	TRUE	TRUE	retained
HACE1	TRUE	TRUE	retained
HACL1	TRUE	TRUE	retained
HADH	TRUE	TRUE	retained
HADHA	TRUE	TRUE	retained
HADHAP1	TRUE	TRUE	retained
HADHAP2	TRUE	TRUE	retained
HADHB	TRUE	TRUE	retained
HADHBP1	TRUE	TRUE	retained
HAGH	TRUE	TRUE	retained
HAGHL	TRUE	TRUE	retained
HAL	TRUE	TRUE	retained
HAMP	TRUE	TRUE	retained
HAND2	TRUE	TRUE	retained
HAND2-AS1	TRUE	TRUE	retained
HAP1	TRUE	TRUE	retained
HAPLN1	TRUE	TRUE	retained
HAPLN3	TRUE	TRUE	retained
HARBI1	TRUE	TRUE	retained
HARS1	TRUE	TRUE	retained
HARS2	TRUE	TRUE	retained
HAS2	TRUE	TRUE	retained
HAS3	TRUE	TRUE	retained
HASPIN	TRUE	TRUE	retained
HAT1	TRUE	TRUE	retained
HAUS1	TRUE	TRUE	retained
HAUS1P1	TRUE	TRUE	retained
HAUS1P2	TRUE	TRUE	retained
HAUS2	TRUE	TRUE	retained
HAUS3	TRUE	TRUE	retained
HAUS4	TRUE	TRUE	retained
HAUS4P1	TRUE	TRUE	retained
HAUS5	TRUE	TRUE	retained
HAUS6	TRUE	TRUE	retained
HAUS6P1	TRUE	TRUE	retained
HAUS6P3	TRUE	TRUE	retained
HAUS7	TRUE	TRUE	retained
HAUS8	TRUE	TRUE	retained
HAVCR2	TRUE	TRUE	retained
HAX1	TRUE	TRUE	retained
HAX1P1	TRUE	TRUE	retained
HBA1	TRUE	TRUE	retained
HBA2	TRUE	TRUE	retained
HBB	TRUE	TRUE	retained
HBEGF	TRUE	TRUE	retained
HBG1	TRUE	TRUE	retained
HBG2	TRUE	TRUE	retained
HBM	TRUE	TRUE	retained
HBP1	TRUE	TRUE	retained
HBS1L	TRUE	TRUE	retained
HBZ	TRUE	TRUE	retained
HCAR1	TRUE	TRUE	retained
HCAR2	TRUE	TRUE	retained
HCAR3	TRUE	TRUE	retained
HCCS	TRUE	TRUE	retained
HCFC1	TRUE	TRUE	retained
HCFC1R1	TRUE	TRUE	retained
HCFC2	TRUE	TRUE	retained
HCK	TRUE	TRUE	retained
HCLS1	TRUE	TRUE	retained
HCN3	TRUE	TRUE	retained
HCRTR1	TRUE	TRUE	retained
HCST	TRUE	TRUE	retained
HDAC1	TRUE	TRUE	retained
HDAC10	TRUE	TRUE	retained
HDAC11	TRUE	TRUE	retained
HDAC1P1	TRUE	TRUE	retained
HDAC1P2	TRUE	TRUE	retained
HDAC2	TRUE	TRUE	retained
HDAC3	TRUE	TRUE	retained
HDAC4	TRUE	TRUE	retained
HDAC5	TRUE	TRUE	retained
HDAC6	TRUE	TRUE	retained
HDAC7	TRUE	TRUE	retained
HDAC8	TRUE	TRUE	retained
HDAC9	TRUE	TRUE	retained
HDDC2	TRUE	TRUE	retained
HDDC3	TRUE	TRUE	retained
HDGF	TRUE	TRUE	retained
HDGFL2	TRUE	TRUE	retained
HDGFL3	TRUE	TRUE	retained
HDHD2	TRUE	TRUE	retained
HDHD3	TRUE	TRUE	retained
HDHD5	TRUE	TRUE	retained
HDLBP	TRUE	TRUE	retained
HEATR1	TRUE	TRUE	retained
HEATR3	TRUE	TRUE	retained
HEATR4	TRUE	TRUE	retained
HEATR5A	TRUE	TRUE	retained
HEATR5B	TRUE	TRUE	retained
HEATR6	TRUE	TRUE	retained
HEBP1	TRUE	TRUE	retained
HEBP2	TRUE	TRUE	retained
HECA	TRUE	TRUE	retained
HECTD1	TRUE	TRUE	retained
HECTD2	TRUE	TRUE	retained
HECTD3	TRUE	TRUE	retained
HECTD4	TRUE	TRUE	retained
HECW1	TRUE	TRUE	retained
HECW2	TRUE	TRUE	retained
HEG1	TRUE	TRUE	retained
HELB	TRUE	TRUE	retained
HELLS	TRUE	TRUE	retained
HELQ	TRUE	TRUE	retained
HELZ	TRUE	TRUE	retained
HELZ2	TRUE	TRUE	retained
HEMGN	TRUE	TRUE	retained
HEMK1	TRUE	TRUE	retained
HENMT1	TRUE	TRUE	retained
HEPH	TRUE	TRUE	retained
HEPHL1	TRUE	TRUE	retained
HERC1	TRUE	TRUE	retained
HERC2	TRUE	TRUE	retained
HERC2P10	TRUE	TRUE	retained
HERC2P2	TRUE	TRUE	retained
HERC2P3	TRUE	TRUE	retained
HERC2P4	TRUE	TRUE	retained
HERC2P5	TRUE	TRUE	retained
HERC2P8	TRUE	TRUE	retained
HERC2P9	TRUE	TRUE	retained
HERC3	TRUE	TRUE	retained
HERC4	TRUE	TRUE	retained
HERC5	TRUE	TRUE	retained
HERC6	TRUE	TRUE	retained
HERPUD1	TRUE	TRUE	retained
HERPUD2	TRUE	TRUE	retained
HES1	TRUE	TRUE	retained
HES2	TRUE	TRUE	retained
HES4	TRUE	TRUE	retained
HES6	TRUE	TRUE	retained
HEXA	TRUE	TRUE	retained
HEXB	TRUE	TRUE	retained
HEXD	TRUE	TRUE	retained
HEXIM1	TRUE	TRUE	retained
HEXIM2	TRUE	TRUE	retained
HEY1	TRUE	TRUE	retained
HEY2	TRUE	TRUE	retained
HEYL	TRUE	TRUE	retained
HFE	TRUE	TRUE	retained
HFM1	TRUE	TRUE	retained
HGF	TRUE	TRUE	retained
HGH1	TRUE	TRUE	retained
HGS	TRUE	TRUE	retained
HGSNAT	TRUE	TRUE	retained
HHAT	TRUE	TRUE	retained
HHEX	TRUE	TRUE	retained
HHIPL1	TRUE	TRUE	retained
HHLA3	TRUE	TRUE	retained
HIBADH	TRUE	TRUE	retained
HIBCH	TRUE	TRUE	retained
HIC1	TRUE	TRUE	retained
HIC2	TRUE	TRUE	retained
HID1	TRUE	TRUE	retained
HIF1A	TRUE	TRUE	retained
HIF1AN	TRUE	TRUE	retained
HIF3A	TRUE	TRUE	retained
HIGD1AP1	TRUE	TRUE	retained
HIGD1AP14	TRUE	TRUE	retained
HIGD1B	TRUE	TRUE	retained
HIGD2A	TRUE	TRUE	retained
HIGD2AP2	TRUE	TRUE	retained
HIKESHI	TRUE	TRUE	retained
HIKESHIP2	TRUE	TRUE	retained
HILPDA	TRUE	TRUE	retained
HINFP	TRUE	TRUE	retained
HINT1	TRUE	TRUE	retained
HINT1P1	TRUE	TRUE	retained
HINT3	TRUE	TRUE	retained
HIP1	TRUE	TRUE	retained
HIP1R	TRUE	TRUE	retained
HIPK1	TRUE	TRUE	retained
HIPK2	TRUE	TRUE	retained
HIPK3	TRUE	TRUE	retained
HIRA	TRUE	TRUE	retained
HIRIP3	TRUE	TRUE	retained
HIVEP1	TRUE	TRUE	retained
HIVEP2	TRUE	TRUE	retained
HIVEP3	TRUE	TRUE	retained
HJURP	TRUE	TRUE	retained
HK1	TRUE	TRUE	retained
HK2	TRUE	TRUE	retained
HK2P1	TRUE	TRUE	retained
HK3	TRUE	TRUE	retained
HLA-A	TRUE	TRUE	retained
HLA-B	TRUE	TRUE	retained
HLA-C	TRUE	TRUE	retained
HLA-DMA	TRUE	TRUE	retained
HLA-DMB	TRUE	TRUE	retained
HLA-DPA1	TRUE	TRUE	retained
HLA-DPB1	TRUE	TRUE	retained
HLA-DQA1	TRUE	TRUE	retained
HLA-DQB1	TRUE	TRUE	retained
HLA-DRA	TRUE	TRUE	retained
HLA-DRB1	TRUE	TRUE	retained
HLA-DRB5	TRUE	TRUE	retained
HLA-E	TRUE	TRUE	retained
HLA-F	TRUE	TRUE	retained
HLA-G	TRUE	TRUE	retained
HLA-H	TRUE	TRUE	retained
HLA-J	TRUE	TRUE	retained
HLA-K	TRUE	TRUE	retained
HLA-L	TRUE	TRUE	retained
HLCS	TRUE	TRUE	retained
HLTF	TRUE	TRUE	retained
HLX	TRUE	TRUE	retained
HM13	TRUE	TRUE	retained
HMBOX1	TRUE	TRUE	retained
HMBS	TRUE	TRUE	retained
HMCES	TRUE	TRUE	retained
HMCN1	TRUE	TRUE	retained
HMCN2	TRUE	TRUE	retained
HMG20A	TRUE	TRUE	retained
HMG20B	TRUE	TRUE	retained
HMGA1	TRUE	TRUE	retained
HMGA1P1	TRUE	TRUE	retained
HMGA1P2	TRUE	TRUE	retained
HMGA1P3	TRUE	TRUE	retained
HMGA1P6	TRUE	TRUE	retained
HMGA1P8	TRUE	TRUE	retained
HMGB1	TRUE	TRUE	retained
HMGB1P1	TRUE	TRUE	retained
HMGB1P10	TRUE	TRUE	retained
HMGB1P5	TRUE	TRUE	retained
HMGB1P6	TRUE	TRUE	retained
HMGB2	TRUE	TRUE	retained
HMGB2P1	TRUE	TRUE	retained
HMGB3	TRUE	TRUE	retained
HMGB3P24	TRUE	TRUE	retained
HMGB3P6	TRUE	TRUE	retained
HMGCL	TRUE	TRUE	retained
HMGCLL1	TRUE	TRUE	retained
HMGCR	TRUE	TRUE	retained
HMGCS1	TRUE	TRUE	retained
HMGCS2	TRUE	TRUE	retained
HMGN1	TRUE	TRUE	retained
HMGN1P30	TRUE	TRUE	retained
HMGN1P36	TRUE	TRUE	retained
HMGN1P37	TRUE	TRUE	retained
HMGN1P38	TRUE	TRUE	retained
HMGN1P4	TRUE	TRUE	retained
HMGN2	TRUE	TRUE	retained
HMGN2P15	TRUE	TRUE	retained
HMGN2P21	TRUE	TRUE	retained
HMGN2P3	TRUE	TRUE	retained
HMGN2P4	TRUE	TRUE	retained
HMGN2P5	TRUE	TRUE	retained
HMGN2P6	TRUE	TRUE	retained
HMGN3	TRUE	TRUE	retained
HMGN3P1	TRUE	TRUE	retained
HMGN4	TRUE	TRUE	retained
HMGXB3	TRUE	TRUE	retained
HMGXB4	TRUE	TRUE	retained
HMMR	TRUE	TRUE	retained
HMOX1	TRUE	TRUE	retained
HMOX2	TRUE	TRUE	retained
HNF1B	TRUE	TRUE	retained
HNMT	TRUE	TRUE	retained
HNRNPA0	TRUE	TRUE	retained
HNRNPA1	TRUE	TRUE	retained
HNRNPA1P10	TRUE	TRUE	retained
HNRNPA1P12	TRUE	TRUE	retained
HNRNPA1P14	TRUE	TRUE	retained
HNRNPA1P2	TRUE	TRUE	retained
HNRNPA1P22	TRUE	TRUE	retained
HNRNPA1P26	TRUE	TRUE	retained
HNRNPA1P33	TRUE	TRUE	retained
HNRNPA1P35	TRUE	TRUE	retained
HNRNPA1P4	TRUE	TRUE	retained
HNRNPA1P41	TRUE	TRUE	retained
HNRNPA1P45	TRUE	TRUE	retained
HNRNPA1P48	TRUE	TRUE	retained
HNRNPA1P50	TRUE	TRUE	retained
HNRNPA1P54	TRUE	TRUE	retained
HNRNPA1P6	TRUE	TRUE	retained
HNRNPA1P7	TRUE	TRUE	retained
HNRNPA1P8	TRUE	TRUE	retained
HNRNPA2B1	TRUE	TRUE	retained
HNRNPA3	TRUE	TRUE	retained
HNRNPA3P1	TRUE	TRUE	retained
HNRNPA3P10	TRUE	TRUE	retained
HNRNPA3P3	TRUE	TRUE	retained
HNRNPA3P5	TRUE	TRUE	retained
HNRNPA3P6	TRUE	TRUE	retained
HNRNPAB	TRUE	TRUE	retained
HNRNPABP1	TRUE	TRUE	retained
HNRNPC	TRUE	TRUE	retained
HNRNPCL1	TRUE	TRUE	retained
HNRNPCL2	TRUE	TRUE	retained
HNRNPCP2	TRUE	TRUE	retained
HNRNPCP4	TRUE	TRUE	retained
HNRNPCP7	TRUE	TRUE	retained
HNRNPD	TRUE	TRUE	retained
HNRNPDL	TRUE	TRUE	retained
HNRNPDLP2	TRUE	TRUE	retained
HNRNPDP1	TRUE	TRUE	retained
HNRNPF	TRUE	TRUE	retained
HNRNPH1	TRUE	TRUE	retained
HNRNPH1P2	TRUE	TRUE	retained
HNRNPH1P3	TRUE	TRUE	retained
HNRNPH2	TRUE	TRUE	retained
HNRNPH3	TRUE	TRUE	retained
HNRNPH3P1	TRUE	TRUE	retained
HNRNPK	TRUE	TRUE	retained
HNRNPKP1	TRUE	TRUE	retained
HNRNPKP2	TRUE	TRUE	retained
HNRNPKP4	TRUE	TRUE	retained
HNRNPL	TRUE	TRUE	retained
HNRNPLL	TRUE	TRUE	retained
HNRNPLP1	TRUE	TRUE	retained
HNRNPLP2	TRUE	TRUE	retained
HNRNPM	TRUE	TRUE	retained
HNRNPMP1	TRUE	TRUE	retained
HNRNPR	TRUE	TRUE	retained
HNRNPRP1	TRUE	TRUE	retained
HNRNPU	TRUE	TRUE	retained
HNRNPUL1	TRUE	TRUE	retained
HNRNPUL2	TRUE	TRUE	retained
HNRNPUP1	TRUE	TRUE	retained
HOMER1	TRUE	TRUE	retained
HOMER2	TRUE	TRUE	retained
HOMER3	TRUE	TRUE	retained
HOMEZ	TRUE	TRUE	retained
HOOK1	TRUE	TRUE	retained
HOOK2	TRUE	TRUE	retained
HOOK3	TRUE	TRUE	retained
HOPX	TRUE	TRUE	retained
HOXA10	TRUE	TRUE	retained
HOXA11	TRUE	TRUE	retained
HOXA13	TRUE	TRUE	retained
HOXB2	TRUE	TRUE	retained
HOXB3	TRUE	TRUE	retained
HOXB4	TRUE	TRUE	retained
HOXB7	TRUE	TRUE	retained
HOXC4	TRUE	TRUE	retained
HOXC5	TRUE	TRUE	retained
HOXC6	TRUE	TRUE	retained
HOXC8	TRUE	TRUE	retained
HOXC9	TRUE	TRUE	retained
HP	TRUE	TRUE	retained
HP1BP3	TRUE	TRUE	retained
HPCAL1	TRUE	TRUE	retained
HPD	TRUE	TRUE	retained
HPDL	TRUE	TRUE	retained
HPF1	TRUE	TRUE	retained
HPGD	TRUE	TRUE	retained
HPGDS	TRUE	TRUE	retained
HPN	TRUE	TRUE	retained
HPR	TRUE	TRUE	retained
HPRT1	TRUE	TRUE	retained
HPS1	TRUE	TRUE	retained
HPS3	TRUE	TRUE	retained
HPS4	TRUE	TRUE	retained
HPS5	TRUE	TRUE	retained
HPS6	TRUE	TRUE	retained
HPSE	TRUE	TRUE	retained
HPSE2	TRUE	TRUE	retained
HPX	TRUE	TRUE	retained
HR	TRUE	TRUE	retained
HRAS	TRUE	TRUE	retained
HRC	TRUE	TRUE	retained
HRH1	TRUE	TRUE	retained
HRH2	TRUE	TRUE	retained
HRNR	TRUE	TRUE	retained
HROB	TRUE	TRUE	retained
HS1BP3	TRUE	TRUE	retained
HS2ST1	TRUE	TRUE	retained
HS3ST1	TRUE	TRUE	retained
HS3ST2	TRUE	TRUE	retained
HS3ST3A1	TRUE	TRUE	retained
HS3ST3B1	TRUE	TRUE	retained
HS3ST6	TRUE	TRUE	retained
HS6ST1	TRUE	TRUE	retained
HS6ST1P1	TRUE	TRUE	retained
HS6ST2	TRUE	TRUE	retained
HSBP1	TRUE	TRUE	retained
HSBP1L1	TRUE	TRUE	retained
HSBP1P1	TRUE	TRUE	retained
HSBP1P2	TRUE	TRUE	retained
HSCB	TRUE	TRUE	retained
HSD11B1	TRUE	TRUE	retained
HSD11B1L	TRUE	TRUE	retained
HSD11B2	TRUE	TRUE	retained
HSD17B1	TRUE	TRUE	retained
HSD17B1-AS1	TRUE	TRUE	retained
HSD17B10	TRUE	TRUE	retained
HSD17B11	TRUE	TRUE	retained
HSD17B12	TRUE	TRUE	retained
HSD17B14	TRUE	TRUE	retained
HSD17B1P1	TRUE	TRUE	retained
HSD17B2	TRUE	TRUE	retained
HSD17B4	TRUE	TRUE	retained
HSD17B6	TRUE	TRUE	retained
HSD17B7	TRUE	TRUE	retained
HSD17B7P2	TRUE	TRUE	retained
HSD17B8	TRUE	TRUE	retained
HSD3B1	TRUE	TRUE	retained
HSD3B2	TRUE	TRUE	retained
HSD3BP5	TRUE	TRUE	retained
HSDL1	TRUE	TRUE	retained
HSDL2	TRUE	TRUE	retained
HSF1	TRUE	TRUE	retained
HSF2	TRUE	TRUE	retained
HSF2BP	TRUE	TRUE	retained
HSF4	TRUE	TRUE	retained
HSFX1	TRUE	TRUE	retained
HSFX2	TRUE	TRUE	retained
HSH2D	TRUE	TRUE	retained
HSP90AA1	TRUE	TRUE	retained
HSP90AA2P	TRUE	TRUE	retained
HSP90AA3P	TRUE	TRUE	retained
HSP90AA4P	TRUE	TRUE	retained
HSP90AA6P	TRUE	TRUE	retained
HSP90AB1	TRUE	TRUE	retained
HSP90AB2P	TRUE	TRUE	retained
HSP90AB3P	TRUE	TRUE	retained
HSP90AB4P	TRUE	TRUE	retained
HSP90B1	TRUE	TRUE	retained
HSP90B2P	TRUE	TRUE	retained
HSP90B3P	TRUE	TRUE	retained
HSPA12A	TRUE	TRUE	retained
HSPA12B	TRUE	TRUE	retained
HSPA13	TRUE	TRUE	retained
HSPA14	TRUE	TRUE	retained
HSPA1A	TRUE	TRUE	retained
HSPA1B	TRUE	TRUE	retained
HSPA1L	TRUE	TRUE	retained
HSPA2	TRUE	TRUE	retained
HSPA4	TRUE	TRUE	retained
HSPA4L	TRUE	TRUE	retained
HSPA5	TRUE	TRUE	retained
HSPA5P1	TRUE	TRUE	retained
HSPA6	TRUE	TRUE	retained
HSPA7	TRUE	TRUE	retained
HSPA8	TRUE	TRUE	retained
HSPA8P1	TRUE	TRUE	retained
HSPA8P16	TRUE	TRUE	retained
HSPA8P5	TRUE	TRUE	retained
HSPA8P7	TRUE	TRUE	retained
HSPA8P8	TRUE	TRUE	retained
HSPA8P9	TRUE	TRUE	retained
HSPA9	TRUE	TRUE	retained
HSPA9P1	TRUE	TRUE	retained
HSPB1	TRUE	TRUE	retained
HSPB11	TRUE	TRUE	retained
HSPB1P1	TRUE	TRUE	retained
HSPB1P2	TRUE	TRUE	retained
HSPB6	TRUE	TRUE	retained
HSPB7	TRUE	TRUE	retained
HSPB8	TRUE	TRUE	retained
HSPBAP1	TRUE	TRUE	retained
HSPBP1	TRUE	TRUE	retained
HSPD1	TRUE	TRUE	retained
HSPD1P1	TRUE	TRUE	retained
HSPD1P12	TRUE	TRUE	retained
HSPD1P4	TRUE	TRUE	retained
HSPD1P5	TRUE	TRUE	retained
HSPD1P6	TRUE	TRUE	retained
HSPE1	TRUE	TRUE	retained
HSPE1P2	TRUE	TRUE	retained
HSPE1P5	TRUE	TRUE	retained
HSPG2	TRUE	TRUE	retained
HSPH1	TRUE	TRUE	retained
HTATIP2	TRUE	TRUE	retained
HTATSF1	TRUE	TRUE	retained
HTR1B	TRUE	TRUE	retained
HTR2B	TRUE	TRUE	retained
HTRA1	TRUE	TRUE	retained
HTRA2	TRUE	TRUE	retained
HTRA3	TRUE	TRUE	retained
HTRA4	TRUE	TRUE	retained
HTT	TRUE	TRUE	retained
HUNK	TRUE	TRUE	retained
HUS1	TRUE	TRUE	retained
HUS1B	TRUE	TRUE	retained
HUWE1	TRUE	TRUE	retained
HVCN1	TRUE	TRUE	retained
HYAL1	TRUE	TRUE	retained
HYAL2	TRUE	TRUE	retained
HYAL3	TRUE	TRUE	retained
HYAL4	TRUE	TRUE	retained
HYDIN	TRUE	TRUE	retained
HYDIN2	TRUE	TRUE	retained
HYKK	TRUE	TRUE	retained
HYLS1	TRUE	TRUE	retained
HYOU1	TRUE	TRUE	retained
HYPK	TRUE	TRUE	retained
IAH1	TRUE	TRUE	retained
IARS1	TRUE	TRUE	retained
IARS2	TRUE	TRUE	retained
IBA57	TRUE	TRUE	retained
IBTK	TRUE	TRUE	retained
ICA1	TRUE	TRUE	retained
ICA1L	TRUE	TRUE	retained
ICAM1	TRUE	TRUE	retained
ICAM2	TRUE	TRUE	retained
ICAM5	TRUE	TRUE	retained
ICE1	TRUE	TRUE	retained
ICE2	TRUE	TRUE	retained
ICE2P1	TRUE	TRUE	retained
ICE2P2	TRUE	TRUE	retained
ICMT	TRUE	TRUE	retained
ICOSLG	TRUE	TRUE	retained
ID1	TRUE	TRUE	retained
ID2	TRUE	TRUE	retained
ID2B	TRUE	TRUE	retained
ID3	TRUE	TRUE	retained
ID4	TRUE	TRUE	retained
IDE	TRUE	TRUE	retained
IDH1	TRUE	TRUE	retained
IDH2	TRUE	TRUE	retained
IDH3A	TRUE	TRUE	retained
IDH3B	TRUE	TRUE	retained
IDH3G	TRUE	TRUE	retained
IDI1	TRUE	TRUE	retained
IDI1P1	TRUE	TRUE	retained
IDNK	TRUE	TRUE	retained
IDO1	TRUE	TRUE	retained
IDS	TRUE	TRUE	retained
IDUA	TRUE	TRUE	retained
IER2	TRUE	TRUE	retained
IER3	TRUE	TRUE	retained
IER5	TRUE	TRUE	retained
IER5L	TRUE	TRUE	retained
IFFO1	TRUE	TRUE	retained
IFFO2	TRUE	TRUE	retained
IFI16	TRUE	TRUE	retained
IFI27	TRUE	TRUE	retained
IFI27L1	TRUE	TRUE	retained
IFI27L2	TRUE	TRUE	retained
IFI35	TRUE	TRUE	retained
IFI44	TRUE	TRUE	retained
IFI44L	TRUE	TRUE	retained
IFI6	TRUE	TRUE	retained
IFIH1	TRUE	TRUE	retained
IFIT1	TRUE	TRUE	retained
IFIT2	TRUE	TRUE	retained
IFIT3	TRUE	TRUE	retained
IFIT5	TRUE	TRUE	retained
IFITM1	TRUE	TRUE	retained
IFITM10	TRUE	TRUE	retained
IFITM2	TRUE	TRUE	retained
IFITM3	TRUE	TRUE	retained
IFITM3P1	TRUE	TRUE	retained
IFITM3P2	TRUE	TRUE	retained
IFITM3P3	TRUE	TRUE	retained
IFITM3P4	TRUE	TRUE	retained
IFITM4P	TRUE	TRUE	retained
IFITM9P	TRUE	TRUE	retained
IFNAR1	TRUE	TRUE	retained
IFNAR2	TRUE	TRUE	retained
IFNGR1	TRUE	TRUE	retained
IFNGR2	TRUE	TRUE	retained
IFRD1	TRUE	TRUE	retained
IFRD2	TRUE	TRUE	retained
IFT122	TRUE	TRUE	retained
IFT140	TRUE	TRUE	retained
IFT172	TRUE	TRUE	retained
IFT20	TRUE	TRUE	retained
IFT22	TRUE	TRUE	retained
IFT27	TRUE	TRUE	retained
IFT43	TRUE	TRUE	retained
IFT46	TRUE	TRUE	retained
IFT52	TRUE	TRUE	retained
IFT57	TRUE	TRUE	retained
IFT74	TRUE	TRUE	retained
IFT80	TRUE	TRUE	retained
IFT81	TRUE	TRUE	retained
IFT88	TRUE	TRUE	retained
IFTAP	TRUE	TRUE	retained
IGBP1	TRUE	TRUE	retained
IGBP1P1	TRUE	TRUE	retained
IGBP1P3	TRUE	TRUE	retained
IGBP1P4	TRUE	TRUE	retained
IGDCC3	TRUE	TRUE	retained
IGDCC4	TRUE	TRUE	retained
IGF1	TRUE	TRUE	retained
IGF1R	TRUE	TRUE	retained
IGF2	TRUE	TRUE	retained
IGF2-AS	TRUE	TRUE	retained
IGF2BP1	TRUE	TRUE	retained
IGF2BP2	TRUE	TRUE	retained
IGF2BP3	TRUE	TRUE	retained
IGF2R	TRUE	TRUE	retained
IGFALS	TRUE	TRUE	retained
IGFBP1	TRUE	TRUE	retained
IGFBP2	TRUE	TRUE	retained
IGFBP3	TRUE	TRUE	retained
IGFBP4	TRUE	TRUE	retained
IGFBP5	TRUE	TRUE	retained
IGFBP6	TRUE	TRUE	retained
IGFBP7	TRUE	TRUE	retained
IGFBPL1	TRUE	TRUE	retained
IGHA1	TRUE	TRUE	retained
IGHA2	TRUE	TRUE	retained
IGHG1	TRUE	TRUE	retained
IGHM	TRUE	TRUE	retained
IGHMBP2	TRUE	TRUE	retained
IGIP	TRUE	TRUE	retained
IGKC	TRUE	TRUE	retained
IGSF1	TRUE	TRUE	retained
IGSF10	TRUE	TRUE	retained
IGSF22	TRUE	TRUE	retained
IGSF3	TRUE	TRUE	retained
IGSF5	TRUE	TRUE	retained
IGSF6	TRUE	TRUE	retained
IGSF8	TRUE	TRUE	retained
IGSF9	TRUE	TRUE	retained
IGSF9B	TRUE	TRUE	retained
IHO1	TRUE	TRUE	retained
IK	TRUE	TRUE	retained
IKBIP	TRUE	TRUE	retained
IKBKB	TRUE	TRUE	retained
IKBKE	TRUE	TRUE	retained
IKBKG	TRUE	TRUE	retained
IKBKGP1	TRUE	TRUE	retained
IKZF1	TRUE	TRUE	retained
IKZF2	TRUE	TRUE	retained
IKZF4	TRUE	TRUE	retained
IKZF5	TRUE	TRUE	retained
IL10RA	TRUE	TRUE	retained
IL10RB	TRUE	TRUE	retained
IL11RA	TRUE	TRUE	retained
IL12RB1	TRUE	TRUE	retained
IL12RB2	TRUE	TRUE	retained
IL13RA1	TRUE	TRUE	retained
IL15RA	TRUE	TRUE	retained
IL16	TRUE	TRUE	retained
IL17RA	TRUE	TRUE	retained
IL17RB	TRUE	TRUE	retained
IL17RC	TRUE	TRUE	retained
IL17RD	TRUE	TRUE	retained
IL17RE	TRUE	TRUE	retained
IL18BP	TRUE	TRUE	retained
IL18R1	TRUE	TRUE	retained
IL1A	TRUE	TRUE	retained
IL1B	TRUE	TRUE	retained
IL1R1	TRUE	TRUE	retained
IL1R2	TRUE	TRUE	retained
IL1RAP	TRUE	TRUE	retained
IL1RAPL2	TRUE	TRUE	retained
IL1RN	TRUE	TRUE	retained
IL20RB	TRUE	TRUE	retained
IL27RA	TRUE	TRUE	retained
IL2RB	TRUE	TRUE	retained
IL32	TRUE	TRUE	retained
IL33	TRUE	TRUE	retained
IL36RN	TRUE	TRUE	retained
IL3RA	TRUE	TRUE	retained
IL4I1	TRUE	TRUE	retained
IL4R	TRUE	TRUE	retained
IL6	TRUE	TRUE	retained
IL6R	TRUE	TRUE	retained
IL6ST	TRUE	TRUE	retained
IL6STP1	TRUE	TRUE	retained
ILDR1	TRUE	TRUE	retained
ILF2	TRUE	TRUE	retained
ILF2P1	TRUE	TRUE	retained
ILF2P2	TRUE	TRUE	retained
ILF3	TRUE	TRUE	retained
ILK	TRUE	TRUE	retained
ILKAP	TRUE	TRUE	retained
ILRUN	TRUE	TRUE	retained
ILRUNP1	TRUE	TRUE	retained
ILVBL	TRUE	TRUE	retained
IMMP1L	TRUE	TRUE	retained
IMMP2L	TRUE	TRUE	retained
IMMT	TRUE	TRUE	retained
IMMTP1	TRUE	TRUE	retained
IMP3	TRUE	TRUE	retained
IMP4	TRUE	TRUE	retained
IMPA1	TRUE	TRUE	retained
IMPA2	TRUE	TRUE	retained
IMPACT	TRUE	TRUE	retained
IMPDH1	TRUE	TRUE	retained
IMPDH1P2	TRUE	TRUE	retained
IMPDH1P3	TRUE	TRUE	retained
IMPDH1P4	TRUE	TRUE	retained
IMPDH1P5	TRUE	TRUE	retained
IMPDH1P6	TRUE	TRUE	retained
IMPDH1P7	TRUE	TRUE	retained
IMPDH1P8	TRUE	TRUE	retained
IMPDH1P9	TRUE	TRUE	retained
IMPDH2	TRUE	TRUE	retained
IMPG2	TRUE	TRUE	retained
INA	TRUE	TRUE	retained
INAFM1	TRUE	TRUE	retained
INAVA	TRUE	TRUE	retained
INCA1	TRUE	TRUE	retained
INCENP	TRUE	TRUE	retained
INF2	TRUE	TRUE	retained
ING1	TRUE	TRUE	retained
ING2	TRUE	TRUE	retained
ING3	TRUE	TRUE	retained
ING4	TRUE	TRUE	retained
ING5	TRUE	TRUE	retained
INHA	TRUE	TRUE	retained
INHBA	TRUE	TRUE	retained
INIP	TRUE	TRUE	retained
INKA1	TRUE	TRUE	retained
INKA2	TRUE	TRUE	retained
INMT	TRUE	TRUE	retained
INO80	TRUE	TRUE	retained
INO80C	TRUE	TRUE	retained
INO80D	TRUE	TRUE	retained
INO80E	TRUE	TRUE	retained
INPP1	TRUE	TRUE	retained
INPP4A	TRUE	TRUE	retained
INPP4B	TRUE	TRUE	retained
INPP5A	TRUE	TRUE	retained
INPP5B	TRUE	TRUE	retained
INPP5D	TRUE	TRUE	retained
INPP5E	TRUE	TRUE	retained
INPP5F	TRUE	TRUE	retained
INPP5K	TRUE	TRUE	retained
INPPL1	TRUE	TRUE	retained
INSIG1	TRUE	TRUE	retained
INSIG2	TRUE	TRUE	retained
INSL3	TRUE	TRUE	retained
INSL4	TRUE	TRUE	retained
INSR	TRUE	TRUE	retained
INSYN1	TRUE	TRUE	retained
INSYN2A	TRUE	TRUE	retained
INTS1	TRUE	TRUE	retained
INTS10	TRUE	TRUE	retained
INTS11	TRUE	TRUE	retained
INTS12	TRUE	TRUE	retained
INTS13	TRUE	TRUE	retained
INTS14	TRUE	TRUE	retained
INTS2	TRUE	TRUE	retained
INTS3	TRUE	TRUE	retained
INTS4	TRUE	TRUE	retained
INTS4P1	TRUE	TRUE	retained
INTS4P2	TRUE	TRUE	retained
INTS5	TRUE	TRUE	retained
INTS6	TRUE	TRUE	retained
INTS6L	TRUE	TRUE	retained
INTS6P1	TRUE	TRUE	retained
INTS7	TRUE	TRUE	retained
INTS8	TRUE	TRUE	retained
INTS9	TRUE	TRUE	retained
INTU	TRUE	TRUE	retained
INVS	TRUE	TRUE	retained
IP6K1	TRUE	TRUE	retained
IP6K2	TRUE	TRUE	retained
IP6K3	TRUE	TRUE	retained
IPMK	TRUE	TRUE	retained
IPMKP1	TRUE	TRUE	retained
IPO11	TRUE	TRUE	retained
IPO13	TRUE	TRUE	retained
IPO4	TRUE	TRUE	retained
IPO5	TRUE	TRUE	retained
IPO5P1	TRUE	TRUE	retained
IPO7	TRUE	TRUE	retained
IPO7P1	TRUE	TRUE	retained
IPO7P2	TRUE	TRUE	retained
IPO8	TRUE	TRUE	retained
IPO8P1	TRUE	TRUE	retained
IPO9	TRUE	TRUE	retained
IPP	TRUE	TRUE	retained
IPPK	TRUE	TRUE	retained
IPPKP1	TRUE	TRUE	retained
IQANK1	TRUE	TRUE	retained
IQCA1	TRUE	TRUE	retained
IQCB1	TRUE	TRUE	retained
IQCB2P	TRUE	TRUE	retained
IQCC	TRUE	TRUE	retained
IQCD	TRUE	TRUE	retained
IQCE	TRUE	TRUE	retained
IQCG	TRUE	TRUE	retained
IQCH	TRUE	TRUE	retained
IQCJ-SCHIP1	TRUE	TRUE	retained
IQCK	TRUE	TRUE	retained
IQCN	TRUE	TRUE	retained
IQGAP1	TRUE	TRUE	retained
IQGAP2	TRUE	TRUE	retained
IQGAP3	TRUE	TRUE	retained
IQSEC1	TRUE	TRUE	retained
IQSEC2	TRUE	TRUE	retained
IQSEC3	TRUE	TRUE	retained
IRAG1	TRUE	TRUE	retained
IRAG2	TRUE	TRUE	retained
IRAK1	TRUE	TRUE	retained
IRAK1BP1	TRUE	TRUE	retained
IRAK2	TRUE	TRUE	retained
IRAK3	TRUE	TRUE	retained
IRAK4	TRUE	TRUE	retained
IREB2	TRUE	TRUE	retained
IRF1	TRUE	TRUE	retained
IRF1-AS1	TRUE	TRUE	retained
IRF2	TRUE	TRUE	retained
IRF2BP1	TRUE	TRUE	retained
IRF2BP2	TRUE	TRUE	retained
IRF2BPL	TRUE	TRUE	retained
IRF3	TRUE	TRUE	retained
IRF5	TRUE	TRUE	retained
IRF6	TRUE	TRUE	retained
IRF7	TRUE	TRUE	retained
IRF8	TRUE	TRUE	retained
IRF9	TRUE	TRUE	retained
IRGQ	TRUE	TRUE	retained
IRS1	TRUE	TRUE	retained
IRS2	TRUE	TRUE	retained
IRX2	TRUE	TRUE	retained
IRX3	TRUE	TRUE	retained
ISCA1	TRUE	TRUE	retained
ISCA1P1	TRUE	TRUE	retained
ISCA1P6	TRUE	TRUE	retained
ISCA2	TRUE	TRUE	retained
ISCU	TRUE	TRUE	retained
ISG15	TRUE	TRUE	retained
ISG20	TRUE	TRUE	retained
ISG20L2	TRUE	TRUE	retained
ISL1	TRUE	TRUE	retained
ISLR	TRUE	TRUE	retained
ISLR2	TRUE	TRUE	retained
ISM1	TRUE	TRUE	retained
ISM2	TRUE	TRUE	retained
ISOC1	TRUE	TRUE	retained
ISOC2	TRUE	TRUE	retained
IST1	TRUE	TRUE	retained
ISY1	TRUE	TRUE	retained
ISYNA1	TRUE	TRUE	retained
ITCH	TRUE	TRUE	retained
ITFG1	TRUE	TRUE	retained
ITFG2	TRUE	TRUE	retained
ITGA1	TRUE	TRUE	retained
ITGA10	TRUE	TRUE	retained
ITGA11	TRUE	TRUE	retained
ITGA2	TRUE	TRUE	retained
ITGA2B	TRUE	TRUE	retained
ITGA3	TRUE	TRUE	retained
ITGA4	TRUE	TRUE	retained
ITGA5	TRUE	TRUE	retained
ITGA6	TRUE	TRUE	retained
ITGA6-AS1	TRUE	TRUE	retained
ITGA7	TRUE	TRUE	retained
ITGA9	TRUE	TRUE	retained
ITGA9-AS1	TRUE	TRUE	retained
ITGAD	TRUE	TRUE	retained
ITGAE	TRUE	TRUE	retained
ITGAL	TRUE	TRUE	retained
ITGAM	TRUE	TRUE	retained
ITGAV	TRUE	TRUE	retained
ITGAX	TRUE	TRUE	retained
ITGB1	TRUE	TRUE	retained
ITGB1BP1	TRUE	TRUE	retained
ITGB1BP2	TRUE	TRUE	retained
ITGB1P1	TRUE	TRUE	retained
ITGB2	TRUE	TRUE	retained
ITGB3	TRUE	TRUE	retained
ITGB3BP	TRUE	TRUE	retained
ITGB4	TRUE	TRUE	retained
ITGB5	TRUE	TRUE	retained
ITGB6	TRUE	TRUE	retained
ITGB7	TRUE	TRUE	retained
ITGB8	TRUE	TRUE	retained
ITGBL1	TRUE	TRUE	retained
ITIH1	TRUE	TRUE	retained
ITIH2	TRUE	TRUE	retained
ITIH3	TRUE	TRUE	retained
ITIH5	TRUE	TRUE	retained
ITM2A	TRUE	TRUE	retained
ITM2B	TRUE	TRUE	retained
ITM2C	TRUE	TRUE	retained
ITPA	TRUE	TRUE	retained
ITPK1	TRUE	TRUE	retained
ITPK1P1	TRUE	TRUE	retained
ITPKA	TRUE	TRUE	retained
ITPKB	TRUE	TRUE	retained
ITPKC	TRUE	TRUE	retained
ITPR1	TRUE	TRUE	retained
ITPR2	TRUE	TRUE	retained
ITPR3	TRUE	TRUE	retained
ITPRID2	TRUE	TRUE	retained
ITPRIP	TRUE	TRUE	retained
ITPRIPL1	TRUE	TRUE	retained
ITPRIPL2	TRUE	TRUE	retained
ITSN1	TRUE	TRUE	retained
ITSN2	TRUE	TRUE	retained
IVD	TRUE	TRUE	retained
IVNS1ABP	TRUE	TRUE	retained
IWS1	TRUE	TRUE	retained
IZUMO4	TRUE	TRUE	retained
JADE1	TRUE	TRUE	retained
JADE2	TRUE	TRUE	retained
JADE3	TRUE	TRUE	retained
JAG1	TRUE	TRUE	retained
JAG2	TRUE	TRUE	retained
JAGN1	TRUE	TRUE	retained
JAK1	TRUE	TRUE	retained
JAK2	TRUE	TRUE	retained
JAK3	TRUE	TRUE	retained
JAKMIP2	TRUE	TRUE	retained
JAM2	TRUE	TRUE	retained
JAM3	TRUE	TRUE	retained
JAML	TRUE	TRUE	retained
JARID2	TRUE	TRUE	retained
JAZF1	TRUE	TRUE	retained
JCAD	TRUE	TRUE	retained
JDP2	TRUE	TRUE	retained
JHY	TRUE	TRUE	retained
JKAMP	TRUE	TRUE	retained
JMJD1C	TRUE	TRUE	retained
JMJD4	TRUE	TRUE	retained
JMJD6	TRUE	TRUE	retained
JMJD7-PLA2G4B	TRUE	TRUE	retained
JMJD8	TRUE	TRUE	retained
JMY	TRUE	TRUE	retained
JOSD1	TRUE	TRUE	retained
JOSD2	TRUE	TRUE	retained
JPH1	TRUE	TRUE	retained
JPH2	TRUE	TRUE	retained
JPH4	TRUE	TRUE	retained
JPT1	TRUE	TRUE	retained
JPT1P1	TRUE	TRUE	retained
JPT2	TRUE	TRUE	retained
JRK	TRUE	TRUE	retained
JRKL	TRUE	TRUE	retained
JTB	TRUE	TRUE	retained
JUN	TRUE	TRUE	retained
JUNB	TRUE	TRUE	retained
JUND	TRUE	TRUE	retained
JUP	TRUE	TRUE	retained
KALRN	TRUE	TRUE	retained
KANK1	TRUE	TRUE	retained
KANK1P1	TRUE	TRUE	retained
KANK2	TRUE	TRUE	retained
KANK3	TRUE	TRUE	retained
KANK4	TRUE	TRUE	retained
KANSL1	TRUE	TRUE	retained
KANSL1L	TRUE	TRUE	retained
KANSL2	TRUE	TRUE	retained
KANSL3	TRUE	TRUE	retained
KARS1	TRUE	TRUE	retained
KARS1P1	TRUE	TRUE	retained
KARS1P3	TRUE	TRUE	retained
KAT14	TRUE	TRUE	retained
KAT2A	TRUE	TRUE	retained
KAT2B	TRUE	TRUE	retained
KAT5	TRUE	TRUE	retained
KAT6A	TRUE	TRUE	retained
KAT6B	TRUE	TRUE	retained
KAT7	TRUE	TRUE	retained
KAT7P1	TRUE	TRUE	retained
KAT8	TRUE	TRUE	retained
KATNA1	TRUE	TRUE	retained
KATNAL1	TRUE	TRUE	retained
KATNAL2	TRUE	TRUE	retained
KATNB1	TRUE	TRUE	retained
KATNBL1	TRUE	TRUE	retained
KATNBL1P6	TRUE	TRUE	retained
KATNIP	TRUE	TRUE	retained
KAZALD1	TRUE	TRUE	retained
KAZN	TRUE	TRUE	retained
KBTBD2	TRUE	TRUE	retained
KBTBD4	TRUE	TRUE	retained
KBTBD6	TRUE	TRUE	retained
KBTBD7	TRUE	TRUE	retained
KBTBD8	TRUE	TRUE	retained
KCMF1	TRUE	TRUE	retained
KCNA7	TRUE	TRUE	retained
KCNAB1	TRUE	TRUE	retained
KCNAB2	TRUE	TRUE	retained
KCNAB3	TRUE	TRUE	retained
KCNC3	TRUE	TRUE	retained
KCNC4	TRUE	TRUE	retained
KCND1	TRUE	TRUE	retained
KCND2	TRUE	TRUE	retained
KCND3	TRUE	TRUE	retained
KCNE3	TRUE	TRUE	retained
KCNG1	TRUE	TRUE	retained
KCNH2	TRUE	TRUE	retained
KCNH3	TRUE	TRUE	retained
KCNH5	TRUE	TRUE	retained
KCNH7	TRUE	TRUE	retained
KCNH8	TRUE	TRUE	retained
KCNIP2	TRUE	TRUE	retained
KCNIP3	TRUE	TRUE	retained
KCNIP4	TRUE	TRUE	retained
KCNJ12	TRUE	TRUE	retained
KCNJ13	TRUE	TRUE	retained
KCNJ15	TRUE	TRUE	retained
KCNJ2	TRUE	TRUE	retained
KCNJ5	TRUE	TRUE	retained
KCNJ8	TRUE	TRUE	retained
KCNK1	TRUE	TRUE	retained
KCNK12	TRUE	TRUE	retained
KCNK3	TRUE	TRUE	retained
KCNK5	TRUE	TRUE	retained
KCNK6	TRUE	TRUE	retained
KCNMA1	TRUE	TRUE	retained
KCNMB3	TRUE	TRUE	retained
KCNMB4	TRUE	TRUE	retained
KCNN3	TRUE	TRUE	retained
KCNN4	TRUE	TRUE	retained
KCNQ1	TRUE	TRUE	retained
KCNQ1OT1	TRUE	TRUE	retained
KCNQ2	TRUE	TRUE	retained
KCNQ3	TRUE	TRUE	retained
KCNQ4	TRUE	TRUE	retained
KCNS2	TRUE	TRUE	retained
KCNS3	TRUE	TRUE	retained
KCNT1	TRUE	TRUE	retained
KCNT2	TRUE	TRUE	retained
KCNV2	TRUE	TRUE	retained
KCP	TRUE	TRUE	retained
KCTD1	TRUE	TRUE	retained
KCTD10	TRUE	TRUE	retained
KCTD11	TRUE	TRUE	retained
KCTD12	TRUE	TRUE	retained
KCTD13	TRUE	TRUE	retained
KCTD15	TRUE	TRUE	retained
KCTD17	TRUE	TRUE	retained
KCTD18	TRUE	TRUE	retained
KCTD19	TRUE	TRUE	retained
KCTD2	TRUE	TRUE	retained
KCTD20	TRUE	TRUE	retained
KCTD3	TRUE	TRUE	retained
KCTD5	TRUE	TRUE	retained
KCTD6	TRUE	TRUE	retained
KCTD7	TRUE	TRUE	retained
KCTD9	TRUE	TRUE	retained
KCTD9P2	TRUE	TRUE	retained
KCTD9P3	TRUE	TRUE	retained
KCTD9P4	TRUE	TRUE	retained
KCTD9P6	TRUE	TRUE	retained
KDELC1P1	TRUE	TRUE	retained
KDELR1	TRUE	TRUE	retained
KDELR2	TRUE	TRUE	retained
KDELR3	TRUE	TRUE	retained
KDF1	TRUE	TRUE	retained
KDM1A	TRUE	TRUE	retained
KDM1B	TRUE	TRUE	retained
KDM2A	TRUE	TRUE	retained
KDM2B	TRUE	TRUE	retained
KDM3A	TRUE	TRUE	retained
KDM3B	TRUE	TRUE	retained
KDM4A	TRUE	TRUE	retained
KDM4B	TRUE	TRUE	retained
KDM4C	TRUE	TRUE	retained
KDM4E	TRUE	TRUE	retained
KDM5A	TRUE	TRUE	retained
KDM5B	TRUE	TRUE	retained
KDM5C	TRUE	TRUE	retained
KDM6A	TRUE	TRUE	retained
KDM6B	TRUE	TRUE	retained
KDM7A	TRUE	TRUE	retained
KDM8	TRUE	TRUE	retained
KDR	TRUE	TRUE	retained
KDSR	TRUE	TRUE	retained
KEAP1	TRUE	TRUE	retained
KEL	TRUE	TRUE	retained
KHDC4	TRUE	TRUE	retained
KHDRBS1	TRUE	TRUE	retained
KHDRBS3	TRUE	TRUE	retained
KHK	TRUE	TRUE	retained
KHNYN	TRUE	TRUE	retained
KHSRP	TRUE	TRUE	retained
KHSRPP1	TRUE	TRUE	retained
KIAA0040	TRUE	TRUE	retained
KIAA0100	TRUE	TRUE	retained
KIAA0232	TRUE	TRUE	retained
KIAA0319	TRUE	TRUE	retained
KIAA0319L	TRUE	TRUE	retained
KIAA0513	TRUE	TRUE	retained
KIAA0586	TRUE	TRUE	retained
KIAA0753	TRUE	TRUE	retained
KIAA0825	TRUE	TRUE	retained
KIAA0895	TRUE	TRUE	retained
KIAA0895L	TRUE	TRUE	retained
KIAA0895LP1	TRUE	TRUE	retained
KIAA0930	TRUE	TRUE	retained
KIAA1109	TRUE	TRUE	retained
KIAA1143	TRUE	TRUE	retained
KIAA1143P1	TRUE	TRUE	retained
KIAA1191	TRUE	TRUE	retained
KIAA1217	TRUE	TRUE	retained
KIAA1328	TRUE	TRUE	retained
KIAA1522	TRUE	TRUE	retained
KIAA1549	TRUE	TRUE	retained
KIAA1549L	TRUE	TRUE	retained
KIAA1586	TRUE	TRUE	retained
KIAA1614	TRUE	TRUE	retained
KIAA1671	TRUE	TRUE	retained
KIAA1841	TRUE	TRUE	retained
KIAA1958	TRUE	TRUE	retained
KIAA2013	TRUE	TRUE	retained
KIAA2026	TRUE	TRUE	retained
KIDINS220	TRUE	TRUE	retained
KIF11	TRUE	TRUE	retained
KIF12	TRUE	TRUE	retained
KIF13A	TRUE	TRUE	retained
KIF13B	TRUE	TRUE	retained
KIF14	TRUE	TRUE	retained
KIF15	TRUE	TRUE	retained
KIF16B	TRUE	TRUE	retained
KIF17	TRUE	TRUE	retained
KIF18A	TRUE	TRUE	retained
KIF18B	TRUE	TRUE	retained
KIF1A	TRUE	TRUE	retained
KIF1B	TRUE	TRUE	retained
KIF1C	TRUE	TRUE	retained
KIF20A	TRUE	TRUE	retained
KIF20B	TRUE	TRUE	retained
KIF21A	TRUE	TRUE	retained
KIF21B	TRUE	TRUE	retained
KIF22	TRUE	TRUE	retained
KIF23	TRUE	TRUE	retained
KIF24	TRUE	TRUE	retained
KIF26A	TRUE	TRUE	retained
KIF26B	TRUE	TRUE	retained
KIF27	TRUE	TRUE	retained
KIF2A	TRUE	TRUE	retained
KIF2C	TRUE	TRUE	retained
KIF3A	TRUE	TRUE	retained
KIF3B	TRUE	TRUE	retained
KIF3C	TRUE	TRUE	retained
KIF4A	TRUE	TRUE	retained
KIF4B	TRUE	TRUE	retained
KIF5A	TRUE	TRUE	retained
KIF5B	TRUE	TRUE	retained
KIF5C	TRUE	TRUE	retained
KIF6	TRUE	TRUE	retained
KIF7	TRUE	TRUE	retained
KIF9	TRUE	TRUE	retained
KIFAP3	TRUE	TRUE	retained
KIFBP	TRUE	TRUE	retained
KIFC1	TRUE	TRUE	retained
KIFC2	TRUE	TRUE	retained
KIFC3	TRUE	TRUE	retained
KIN	TRUE	TRUE	retained
KIRREL1	TRUE	TRUE	retained
KIRREL2	TRUE	TRUE	retained
KIRREL3	TRUE	TRUE	retained
KISS1	TRUE	TRUE	retained
KIT	TRUE	TRUE	retained
KITLG	TRUE	TRUE	retained
KIZ	TRUE	TRUE	retained
KL	TRUE	TRUE	retained
KLC1	TRUE	TRUE	retained
KLC2	TRUE	TRUE	retained
KLC4	TRUE	TRUE	retained
KLF1	TRUE	TRUE	retained
KLF10	TRUE	TRUE	retained
KLF11	TRUE	TRUE	retained
KLF12	TRUE	TRUE	retained
KLF13	TRUE	TRUE	retained
KLF14	TRUE	TRUE	retained
KLF15	TRUE	TRUE	retained
KLF16	TRUE	TRUE	retained
KLF2	TRUE	TRUE	retained
KLF3	TRUE	TRUE	retained
KLF3P1	TRUE	TRUE	retained
KLF4	TRUE	TRUE	retained
KLF5	TRUE	TRUE	retained
KLF6	TRUE	TRUE	retained
KLF7	TRUE	TRUE	retained
KLF8	TRUE	TRUE	retained
KLF8P1	TRUE	TRUE	retained
KLF9	TRUE	TRUE	retained
KLHDC1	TRUE	TRUE	retained
KLHDC10	TRUE	TRUE	retained
KLHDC2	TRUE	TRUE	retained
KLHDC3	TRUE	TRUE	retained
KLHDC4	TRUE	TRUE	retained
KLHDC8B	TRUE	TRUE	retained
KLHL11	TRUE	TRUE	retained
KLHL12	TRUE	TRUE	retained
KLHL15	TRUE	TRUE	retained
KLHL17	TRUE	TRUE	retained
KLHL18	TRUE	TRUE	retained
KLHL2	TRUE	TRUE	retained
KLHL20	TRUE	TRUE	retained
KLHL21	TRUE	TRUE	retained
KLHL22	TRUE	TRUE	retained
KLHL23	TRUE	TRUE	retained
KLHL24	TRUE	TRUE	retained
KLHL25	TRUE	TRUE	retained
KLHL26	TRUE	TRUE	retained
KLHL28	TRUE	TRUE	retained
KLHL29	TRUE	TRUE	retained
KLHL2P1	TRUE	TRUE	retained
KLHL3	TRUE	TRUE	retained
KLHL30	TRUE	TRUE	retained
KLHL31	TRUE	TRUE	retained
KLHL35	TRUE	TRUE	retained
KLHL36	TRUE	TRUE	retained
KLHL42	TRUE	TRUE	retained
KLHL5	TRUE	TRUE	retained
KLHL6	TRUE	TRUE	retained
KLHL7	TRUE	TRUE	retained
KLHL8	TRUE	TRUE	retained
KLHL9	TRUE	TRUE	retained
KLRA1P	TRUE	TRUE	retained
KMO	TRUE	TRUE	retained
KMT2A	TRUE	TRUE	retained
KMT2B	TRUE	TRUE	retained
KMT2C	TRUE	TRUE	retained
KMT2D	TRUE	TRUE	retained
KMT2E	TRUE	TRUE	retained
KMT5A	TRUE	TRUE	retained
KMT5AP1	TRUE	TRUE	retained
KMT5AP2	TRUE	TRUE	retained
KMT5B	TRUE	TRUE	retained
KMT5C	TRUE	TRUE	retained
KNDC1	TRUE	TRUE	retained
KNG1	TRUE	TRUE	retained
KNL1	TRUE	TRUE	retained
KNOP1	TRUE	TRUE	retained
KNOP1P4	TRUE	TRUE	retained
KNSTRN	TRUE	TRUE	retained
KNTC1	TRUE	TRUE	retained
KPNA1	TRUE	TRUE	retained
KPNA2	TRUE	TRUE	retained
KPNA2P1	TRUE	TRUE	retained
KPNA2P2	TRUE	TRUE	retained
KPNA3	TRUE	TRUE	retained
KPNA4	TRUE	TRUE	retained
KPNA5	TRUE	TRUE	retained
KPNA6	TRUE	TRUE	retained
KPNB1	TRUE	TRUE	retained
KPTN	TRUE	TRUE	retained
KRAS	TRUE	TRUE	retained
KRASP1	TRUE	TRUE	retained
KRBA1	TRUE	TRUE	retained
KRBOX1	TRUE	TRUE	retained
KRBOX4	TRUE	TRUE	retained
KRCC1	TRUE	TRUE	retained
KREMEN1	TRUE	TRUE	retained
KRI1	TRUE	TRUE	retained
KRIT1	TRUE	TRUE	retained
KRR1	TRUE	TRUE	retained
KRT10	TRUE	TRUE	retained
KRT14	TRUE	TRUE	retained
KRT16P6	TRUE	TRUE	retained
KRT17	TRUE	TRUE	retained
KRT18	TRUE	TRUE	retained
KRT18P1	TRUE	TRUE	retained
KRT18P10	TRUE	TRUE	retained
KRT18P11	TRUE	TRUE	retained
KRT18P13	TRUE	TRUE	retained
KRT18P14	TRUE	TRUE	retained
KRT18P15	TRUE	TRUE	retained
KRT18P16	TRUE	TRUE	retained
KRT18P17	TRUE	TRUE	retained
KRT18P18	TRUE	TRUE	retained
KRT18P19	TRUE	TRUE	retained
KRT18P20	TRUE	TRUE	retained
KRT18P21	TRUE	TRUE	retained
KRT18P22	TRUE	TRUE	retained
KRT18P23	TRUE	TRUE	retained
KRT18P25	TRUE	TRUE	retained
KRT18P27	TRUE	TRUE	retained
KRT18P28	TRUE	TRUE	retained
KRT18P29	TRUE	TRUE	retained
KRT18P3	TRUE	TRUE	retained
KRT18P31	TRUE	TRUE	retained
KRT18P33	TRUE	TRUE	retained
KRT18P34	TRUE	TRUE	retained
KRT18P38	TRUE	TRUE	retained
KRT18P39	TRUE	TRUE	retained
KRT18P4	TRUE	TRUE	retained
KRT18P48	TRUE	TRUE	retained
KRT18P5	TRUE	TRUE	retained
KRT18P52	TRUE	TRUE	retained
KRT18P55	TRUE	TRUE	retained
KRT18P58	TRUE	TRUE	retained
KRT18P60	TRUE	TRUE	retained
KRT18P64	TRUE	TRUE	retained
KRT18P65	TRUE	TRUE	retained
KRT18P67	TRUE	TRUE	retained
KRT18P68	TRUE	TRUE	retained
KRT18P7	TRUE	TRUE	retained
KRT18P8	TRUE	TRUE	retained
KRT19	TRUE	TRUE	retained
KRT19P1	TRUE	TRUE	retained
KRT19P2	TRUE	TRUE	retained
KRT19P3	TRUE	TRUE	retained
KRT23	TRUE	TRUE	retained
KRT5	TRUE	TRUE	retained
KRT7	TRUE	TRUE	retained
KRT7-AS	TRUE	TRUE	retained
KRT8	TRUE	TRUE	retained
KRT80	TRUE	TRUE	retained
KRT87P	TRUE	TRUE	retained
KRT8P10	TRUE	TRUE	retained
KRT8P11	TRUE	TRUE	retained
KRT8P12	TRUE	TRUE	retained
KRT8P13	TRUE	TRUE	retained
KRT8P14	TRUE	TRUE	retained
KRT8P3	TRUE	TRUE	retained
KRT8P32	TRUE	TRUE	retained
KRT8P33	TRUE	TRUE	retained
KRT8P35	TRUE	TRUE	retained
KRT8P36	TRUE	TRUE	retained
KRT8P37	TRUE	TRUE	retained
KRT8P39	TRUE	TRUE	retained
KRT8P41	TRUE	TRUE	retained
KRT8P45	TRUE	TRUE	retained
KRT8P46	TRUE	TRUE	retained
KRT8P48	TRUE	TRUE	retained
KRT8P49	TRUE	TRUE	retained
KRT8P5	TRUE	TRUE	retained
KRT8P51	TRUE	TRUE	retained
KRT8P7	TRUE	TRUE	retained
KRT8P8	TRUE	TRUE	retained
KRTCAP2	TRUE	TRUE	retained
KRTCAP2P1	TRUE	TRUE	retained
KRTCAP3	TRUE	TRUE	retained
KSR1	TRUE	TRUE	retained
KTN1	TRUE	TRUE	retained
KXD1	TRUE	TRUE	retained
KYAT3	TRUE	TRUE	retained
KYNU	TRUE	TRUE	retained
L1CAM	TRUE	TRUE	retained
L1TD1	TRUE	TRUE	retained
L2HGDH	TRUE	TRUE	retained
L3HYPDH	TRUE	TRUE	retained
L3MBTL1	TRUE	TRUE	retained
L3MBTL2	TRUE	TRUE	retained
L3MBTL3	TRUE	TRUE	retained
L3MBTL4	TRUE	TRUE	retained
LACC1	TRUE	TRUE	retained
LACTB	TRUE	TRUE	retained
LACTB2	TRUE	TRUE	retained
LAD1	TRUE	TRUE	retained
LAG3	TRUE	TRUE	retained
LAGE3	TRUE	TRUE	retained
LAIR1	TRUE	TRUE	retained
LAIR2	TRUE	TRUE	retained
LAMA1	TRUE	TRUE	retained
LAMA2	TRUE	TRUE	retained
LAMA3	TRUE	TRUE	retained
LAMA4	TRUE	TRUE	retained
LAMA5	TRUE	TRUE	retained
LAMB1	TRUE	TRUE	retained
LAMB2	TRUE	TRUE	retained
LAMB3	TRUE	TRUE	retained
LAMB4	TRUE	TRUE	retained
LAMC1	TRUE	TRUE	retained
LAMC2	TRUE	TRUE	retained
LAMC3	TRUE	TRUE	retained
LAMP1	TRUE	TRUE	retained
LAMP2	TRUE	TRUE	retained
LAMP3	TRUE	TRUE	retained
LAMTOR1	TRUE	TRUE	retained
LAMTOR2	TRUE	TRUE	retained
LAMTOR3	TRUE	TRUE	retained
LAMTOR3P1	TRUE	TRUE	retained
LAMTOR4	TRUE	TRUE	retained
LAMTOR5	TRUE	TRUE	retained
LAMTOR5P1	TRUE	TRUE	retained
LANCL1	TRUE	TRUE	retained
LANCL2	TRUE	TRUE	retained
LAP3	TRUE	TRUE	retained
LAP3P2	TRUE	TRUE	retained
LAPTM4A	TRUE	TRUE	retained
LAPTM4B	TRUE	TRUE	retained
LAPTM4BP1	TRUE	TRUE	retained
LAPTM5	TRUE	TRUE	retained
LARGE1	TRUE	TRUE	retained
LARGE2	TRUE	TRUE	retained
LARP1	TRUE	TRUE	retained
LARP1B	TRUE	TRUE	retained
LARP1BP1	TRUE	TRUE	retained
LARP4	TRUE	TRUE	retained
LARP4B	TRUE	TRUE	retained
LARP4P	TRUE	TRUE	retained
LARP6	TRUE	TRUE	retained
LARP7	TRUE	TRUE	retained
LARS1	TRUE	TRUE	retained
LARS2	TRUE	TRUE	retained
LAS1L	TRUE	TRUE	retained
LASP1	TRUE	TRUE	retained
LAT2	TRUE	TRUE	retained
LATS1	TRUE	TRUE	retained
LATS2	TRUE	TRUE	retained
LAYN	TRUE	TRUE	retained
LBH	TRUE	TRUE	retained
LBHD1	TRUE	TRUE	retained
LBR	TRUE	TRUE	retained
LBX2	TRUE	TRUE	retained
LCA5	TRUE	TRUE	retained
LCAT	TRUE	TRUE	retained
LCLAT1	TRUE	TRUE	retained
LCMT1	TRUE	TRUE	retained
LCMT2	TRUE	TRUE	retained
LCOR	TRUE	TRUE	retained
LCORL	TRUE	TRUE	retained
LCP1	TRUE	TRUE	retained
LCP2	TRUE	TRUE	retained
LDAH	TRUE	TRUE	retained
LDB1	TRUE	TRUE	retained
LDB2	TRUE	TRUE	retained
LDB3	TRUE	TRUE	retained
LDHA	TRUE	TRUE	retained
LDHAL6B	TRUE	TRUE	retained
LDHAP1	TRUE	TRUE	retained
LDHAP2	TRUE	TRUE	retained
LDHAP3	TRUE	TRUE	retained
LDHAP5	TRUE	TRUE	retained
LDHAP7	TRUE	TRUE	retained
LDHB	TRUE	TRUE	retained
LDHBP1	TRUE	TRUE	retained
LDHBP2	TRUE	TRUE	retained
LDHD	TRUE	TRUE	retained
LDLR	TRUE	TRUE	retained
LDLRAD2	TRUE	TRUE	retained
LDLRAD3	TRUE	TRUE	retained
LDLRAD4	TRUE	TRUE	retained
LDLRAP1	TRUE	TRUE	retained
LDOC1	TRUE	TRUE	retained
LEAP2	TRUE	TRUE	retained
LEF1	TRUE	TRUE	retained
LEMD2	TRUE	TRUE	retained
LEMD3	TRUE	TRUE	retained
LENG1	TRUE	TRUE	retained
LENG8	TRUE	TRUE	retained
LENG9	TRUE	TRUE	retained
LEO1	TRUE	TRUE	retained
LEP	TRUE	TRUE	retained
LEPR	TRUE	TRUE	retained
LEPROT	TRUE	TRUE	retained
LEPROTL1	TRUE	TRUE	retained
LETM1	TRUE	TRUE	retained
LETM1P2	TRUE	TRUE	retained
LETM2	TRUE	TRUE	retained
LETMD1	TRUE	TRUE	retained
LFNG	TRUE	TRUE	retained
LGALS1	TRUE	TRUE	retained
LGALS13	TRUE	TRUE	retained
LGALS14	TRUE	TRUE	retained
LGALS16	TRUE	TRUE	retained
LGALS2	TRUE	TRUE	retained
LGALS3	TRUE	TRUE	retained
LGALS3BP	TRUE	TRUE	retained
LGALS4	TRUE	TRUE	retained
LGALS8	TRUE	TRUE	retained
LGALS9	TRUE	TRUE	retained
LGALS9B	TRUE	TRUE	retained
LGALS9C	TRUE	TRUE	retained
LGALS9DP	TRUE	TRUE	retained
LGALSL	TRUE	TRUE	retained
LGI2	TRUE	TRUE	retained
LGI4	TRUE	TRUE	retained
LGMN	TRUE	TRUE	retained
LGMNP1	TRUE	TRUE	retained
LGR4	TRUE	TRUE	retained
LGR5	TRUE	TRUE	retained
LGR6	TRUE	TRUE	retained
LGSN	TRUE	TRUE	retained
LHB	TRUE	TRUE	retained
LHFPL2	TRUE	TRUE	retained
LHFPL6	TRUE	TRUE	retained
LHPP	TRUE	TRUE	retained
LHX2	TRUE	TRUE	retained
LHX4	TRUE	TRUE	retained
LHX6	TRUE	TRUE	retained
LIAS	TRUE	TRUE	retained
LIF	TRUE	TRUE	retained
LIFR	TRUE	TRUE	retained
LIG1	TRUE	TRUE	retained
LIG3	TRUE	TRUE	retained
LIG4	TRUE	TRUE	retained
LILRA2	TRUE	TRUE	retained
LILRA6	TRUE	TRUE	retained
LILRB1	TRUE	TRUE	retained
LILRB2	TRUE	TRUE	retained
LILRB3	TRUE	TRUE	retained
LILRB4	TRUE	TRUE	retained
LILRB5	TRUE	TRUE	retained
LIMA1	TRUE	TRUE	retained
LIMCH1	TRUE	TRUE	retained
LIMD1	TRUE	TRUE	retained
LIMD2	TRUE	TRUE	retained
LIMK1	TRUE	TRUE	retained
LIMK2	TRUE	TRUE	retained
LIMK2P1	TRUE	TRUE	retained
LIMS1	TRUE	TRUE	retained
LIMS2	TRUE	TRUE	retained
LIN28B	TRUE	TRUE	retained
LIN37	TRUE	TRUE	retained
LIN52	TRUE	TRUE	retained
LIN54	TRUE	TRUE	retained
LIN7A	TRUE	TRUE	retained
LIN7B	TRUE	TRUE	retained
LIN7C	TRUE	TRUE	retained
LIN9	TRUE	TRUE	retained
LINC00115	TRUE	TRUE	retained
LINC00174	TRUE	TRUE	retained
LINC00265	TRUE	TRUE	retained
LINC00470	TRUE	TRUE	retained
LINC00482	TRUE	TRUE	retained
LINC00632	TRUE	TRUE	retained
LINC00654	TRUE	TRUE	retained
LINC00680	TRUE	TRUE	retained
LINC00894	TRUE	TRUE	retained
LINC00910	TRUE	TRUE	retained
LINC01001	TRUE	TRUE	retained
LINC01002	TRUE	TRUE	retained
LINC01118	TRUE	TRUE	retained
LINC01140	TRUE	TRUE	retained
LINC01145	TRUE	TRUE	retained
LINC01205	TRUE	TRUE	retained
LINC01341	TRUE	TRUE	retained
LINC01347	TRUE	TRUE	retained
LINC01399	TRUE	TRUE	retained
LINC01409	TRUE	TRUE	retained
LINC01588	TRUE	TRUE	retained
LINC01709	TRUE	TRUE	retained
LINC01881	TRUE	TRUE	retained
LINC01949	TRUE	TRUE	retained
LINC02035	TRUE	TRUE	retained
LINC02693	TRUE	TRUE	retained
LINC02802	TRUE	TRUE	retained
LINC02887	TRUE	TRUE	retained
LINGO1	TRUE	TRUE	retained
LINGO2	TRUE	TRUE	retained
LINS1	TRUE	TRUE	retained
LIPA	TRUE	TRUE	retained
LIPC	TRUE	TRUE	retained
LIPE	TRUE	TRUE	retained
LIPG	TRUE	TRUE	retained
LIPT1	TRUE	TRUE	retained
LIPT2	TRUE	TRUE	retained
LITAF	TRUE	TRUE	retained
LIX1	TRUE	TRUE	retained
LIX1L	TRUE	TRUE	retained
LLGL1	TRUE	TRUE	retained
LLGL2	TRUE	TRUE	retained
LLPH	TRUE	TRUE	retained
LLPHP3	TRUE	TRUE	retained
LMAN1	TRUE	TRUE	retained
LMAN2	TRUE	TRUE	retained
LMAN2L	TRUE	TRUE	retained
LMBR1	TRUE	TRUE	retained
LMBR1L	TRUE	TRUE	retained
LMBRD1	TRUE	TRUE	retained
LMBRD2	TRUE	TRUE	retained
LMCD1	TRUE	TRUE	retained
LMF1	TRUE	TRUE	retained
LMF2	TRUE	TRUE	retained
LMLN	TRUE	TRUE	retained
LMNA	TRUE	TRUE	retained
LMNB1	TRUE	TRUE	retained
LMNB2	TRUE	TRUE	retained
LMNTD2	TRUE	TRUE	retained
LMO2	TRUE	TRUE	retained
LMO3	TRUE	TRUE	retained
LMO4	TRUE	TRUE	retained
LMO7	TRUE	TRUE	retained
LMOD1	TRUE	TRUE	retained
LMTK2	TRUE	TRUE	retained
LMTK3	TRUE	TRUE	retained
LNPEP	TRUE	TRUE	retained
LNPK	TRUE	TRUE	retained
LNX1	TRUE	TRUE	retained
LNX2	TRUE	TRUE	retained
LONP1	TRUE	TRUE	retained
LONP2	TRUE	TRUE	retained
LONRF1	TRUE	TRUE	retained
LONRF2	TRUE	TRUE	retained
LONRF3	TRUE	TRUE	retained
LOX	TRUE	TRUE	retained
LOXHD1	TRUE	TRUE	retained
LOXL1	TRUE	TRUE	retained
LOXL2	TRUE	TRUE	retained
LOXL3	TRUE	TRUE	retained
LOXL4	TRUE	TRUE	retained
LPA	TRUE	TRUE	retained
LPAL2	TRUE	TRUE	retained
LPAR1	TRUE	TRUE	retained
LPAR2	TRUE	TRUE	retained
LPAR5	TRUE	TRUE	retained
LPAR6	TRUE	TRUE	retained
LPCAT1	TRUE	TRUE	retained
LPCAT2	TRUE	TRUE	retained
LPCAT3	TRUE	TRUE	retained
LPCAT4	TRUE	TRUE	retained
LPGAT1	TRUE	TRUE	retained
LPIN1	TRUE	TRUE	retained
LPIN2	TRUE	TRUE	retained
LPIN3	TRUE	TRUE	retained
LPL	TRUE	TRUE	retained
LPP	TRUE	TRUE	retained
LPXN	TRUE	TRUE	retained
LRATD1	TRUE	TRUE	retained
LRBA	TRUE	TRUE	retained
LRCH1	TRUE	TRUE	retained
LRCH2	TRUE	TRUE	retained
LRCH3	TRUE	TRUE	retained
LRCH4	TRUE	TRUE	retained
LRFN1	TRUE	TRUE	retained
LRFN3	TRUE	TRUE	retained
LRFN4	TRUE	TRUE	retained
LRFN5	TRUE	TRUE	retained
LRG1	TRUE	TRUE	retained
LRGUK	TRUE	TRUE	retained
LRIF1	TRUE	TRUE	retained
LRIG1	TRUE	TRUE	retained
LRIG2	TRUE	TRUE	retained
LRIG3	TRUE	TRUE	retained
LRMDA	TRUE	TRUE	retained
LRP1	TRUE	TRUE	retained
LRP10	TRUE	TRUE	retained
LRP11	TRUE	TRUE	retained
LRP12	TRUE	TRUE	retained
LRP1B	TRUE	TRUE	retained
LRP2	TRUE	TRUE	retained
LRP2BP	TRUE	TRUE	retained
LRP3	TRUE	TRUE	retained
LRP4	TRUE	TRUE	retained
LRP5	TRUE	TRUE	retained
LRP5L	TRUE	TRUE	retained
LRP6	TRUE	TRUE	retained
LRP8	TRUE	TRUE	retained
LRPAP1	TRUE	TRUE	retained
LRPPRC	TRUE	TRUE	retained
LRR1	TRUE	TRUE	retained
LRRC1	TRUE	TRUE	retained
LRRC14	TRUE	TRUE	retained
LRRC2	TRUE	TRUE	retained
LRRC20	TRUE	TRUE	retained
LRRC23	TRUE	TRUE	retained
LRRC25	TRUE	TRUE	retained
LRRC27	TRUE	TRUE	retained
LRRC28	TRUE	TRUE	retained
LRRC29	TRUE	TRUE	retained
LRRC3	TRUE	TRUE	retained
LRRC32	TRUE	TRUE	retained
LRRC34	TRUE	TRUE	retained
LRRC36	TRUE	TRUE	retained
LRRC37A	TRUE	TRUE	retained
LRRC37A16P	TRUE	TRUE	retained
LRRC37A17P	TRUE	TRUE	retained
LRRC37A2	TRUE	TRUE	retained
LRRC37A3	TRUE	TRUE	retained
LRRC37A4P	TRUE	TRUE	retained
LRRC37A6P	TRUE	TRUE	retained
LRRC37B	TRUE	TRUE	retained
LRRC37BP1	TRUE	TRUE	retained
LRRC39	TRUE	TRUE	retained
LRRC4	TRUE	TRUE	retained
LRRC40	TRUE	TRUE	retained
LRRC41	TRUE	TRUE	retained
LRRC42	TRUE	TRUE	retained
LRRC45	TRUE	TRUE	retained
LRRC46	TRUE	TRUE	retained
LRRC47	TRUE	TRUE	retained
LRRC49	TRUE	TRUE	retained
LRRC4B	TRUE	TRUE	retained
LRRC56	TRUE	TRUE	retained
LRRC57	TRUE	TRUE	retained
LRRC58	TRUE	TRUE	retained
LRRC59	TRUE	TRUE	retained
LRRC6	TRUE	TRUE	retained
LRRC61	TRUE	TRUE	retained
LRRC69	TRUE	TRUE	retained
LRRC7	TRUE	TRUE	retained
LRRC70	TRUE	TRUE	retained
LRRC71	TRUE	TRUE	retained
LRRC75A	TRUE	TRUE	retained
LRRC75B	TRUE	TRUE	retained
LRRC8A	TRUE	TRUE	retained
LRRC8B	TRUE	TRUE	retained
LRRC8C	TRUE	TRUE	retained
LRRC8D	TRUE	TRUE	retained
LRRCC1	TRUE	TRUE	retained
LRRFIP1	TRUE	TRUE	retained
LRRFIP1P1	TRUE	TRUE	retained
LRRFIP2	TRUE	TRUE	retained
LRRK1	TRUE	TRUE	retained
LRRK2	TRUE	TRUE	retained
LRRN1	TRUE	TRUE	retained
LRRN2	TRUE	TRUE	retained
LRRN3	TRUE	TRUE	retained
LRRTM2	TRUE	TRUE	retained
LRSAM1	TRUE	TRUE	retained
LRTM1	TRUE	TRUE	retained
LRTOMT	TRUE	TRUE	retained
LRWD1	TRUE	TRUE	retained
LSAMP	TRUE	TRUE	retained
LSG1	TRUE	TRUE	retained
LSM1	TRUE	TRUE	retained
LSM10	TRUE	TRUE	retained
LSM11	TRUE	TRUE	retained
LSM12	TRUE	TRUE	retained
LSM12P1	TRUE	TRUE	retained
LSM14A	TRUE	TRUE	retained
LSM14B	TRUE	TRUE	retained
LSM2	TRUE	TRUE	retained
LSM3	TRUE	TRUE	retained
LSM3P3	TRUE	TRUE	retained
LSM3P5	TRUE	TRUE	retained
LSM4	TRUE	TRUE	retained
LSM5	TRUE	TRUE	retained
LSM6	TRUE	TRUE	retained
LSM7	TRUE	TRUE	retained
LSM8	TRUE	TRUE	retained
LSP1	TRUE	TRUE	retained
LSP1P3	TRUE	TRUE	retained
LSP1P4	TRUE	TRUE	retained
LSR	TRUE	TRUE	retained
LSS	TRUE	TRUE	retained
LST1	TRUE	TRUE	retained
LTA4H	TRUE	TRUE	retained
LTB4R	TRUE	TRUE	retained
LTB4R2	TRUE	TRUE	retained
LTBP1	TRUE	TRUE	retained
LTBP2	TRUE	TRUE	retained
LTBP3	TRUE	TRUE	retained
LTBP4	TRUE	TRUE	retained
LTBR	TRUE	TRUE	retained
LTC4S	TRUE	TRUE	retained
LTK	TRUE	TRUE	retained
LTN1	TRUE	TRUE	retained
LTO1	TRUE	TRUE	retained
LTV1	TRUE	TRUE	retained
LUC7L	TRUE	TRUE	retained
LUC7L2	TRUE	TRUE	retained
LUC7L3	TRUE	TRUE	retained
LUM	TRUE	TRUE	retained
LURAP1L	TRUE	TRUE	retained
LUZP1	TRUE	TRUE	retained
LVRN	TRUE	TRUE	retained
LXN	TRUE	TRUE	retained
LY6E	TRUE	TRUE	retained
LY6G5B	TRUE	TRUE	retained
LY6K	TRUE	TRUE	retained
LY86	TRUE	TRUE	retained
LY96	TRUE	TRUE	retained
LYAR	TRUE	TRUE	retained
LYG1	TRUE	TRUE	retained
LYL1	TRUE	TRUE	retained
LYN	TRUE	TRUE	retained
LYNX1	TRUE	TRUE	retained
LYPD3	TRUE	TRUE	retained
LYPD5	TRUE	TRUE	retained
LYPD6	TRUE	TRUE	retained
LYPLA1	TRUE	TRUE	retained
LYPLA1P3	TRUE	TRUE	retained
LYPLA2	TRUE	TRUE	retained
LYPLA2P1	TRUE	TRUE	retained
LYPLA2P2	TRUE	TRUE	retained
LYPLAL1	TRUE	TRUE	retained
LYRM1	TRUE	TRUE	retained
LYRM2	TRUE	TRUE	retained
LYRM4	TRUE	TRUE	retained
LYRM7	TRUE	TRUE	retained
LYSMD1	TRUE	TRUE	retained
LYSMD2	TRUE	TRUE	retained
LYSMD3	TRUE	TRUE	retained
LYSMD4	TRUE	TRUE	retained
LYST	TRUE	TRUE	retained
LYVE1	TRUE	TRUE	retained
LYZ	TRUE	TRUE	retained
LZIC	TRUE	TRUE	retained
LZTFL1	TRUE	TRUE	retained
LZTR1	TRUE	TRUE	retained
LZTS1	TRUE	TRUE	retained
LZTS2	TRUE	TRUE	retained
LZTS3	TRUE	TRUE	retained
M1AP	TRUE	TRUE	retained
M6PR	TRUE	TRUE	retained
MAB21L3	TRUE	TRUE	retained
MACC1	TRUE	TRUE	retained
MACF1	TRUE	TRUE	retained
MACIR	TRUE	TRUE	retained
MACO1	TRUE	TRUE	retained
MACROD1	TRUE	TRUE	retained
MACROD2	TRUE	TRUE	retained
MACROH2A1	TRUE	TRUE	retained
MACROH2A2	TRUE	TRUE	retained
MAD2L1	TRUE	TRUE	retained
MAD2L1BP	TRUE	TRUE	retained
MAD2L1P1	TRUE	TRUE	retained
MAD2L2	TRUE	TRUE	retained
MADD	TRUE	TRUE	retained
MAEA	TRUE	TRUE	retained
MAEL	TRUE	TRUE	retained
MAF	TRUE	TRUE	retained
MAF1	TRUE	TRUE	retained
MAFB	TRUE	TRUE	retained
MAFF	TRUE	TRUE	retained
MAFG	TRUE	TRUE	retained
MAFK	TRUE	TRUE	retained
MAG	TRUE	TRUE	retained
MAGEA11	TRUE	TRUE	retained
MAGEA8	TRUE	TRUE	retained
MAGED1	TRUE	TRUE	retained
MAGED2	TRUE	TRUE	retained
MAGED4	TRUE	TRUE	retained
MAGED4B	TRUE	TRUE	retained
MAGEF1	TRUE	TRUE	retained
MAGEH1	TRUE	TRUE	retained
MAGEL2	TRUE	TRUE	retained
MAGI1	TRUE	TRUE	retained
MAGI2	TRUE	TRUE	retained
MAGI3	TRUE	TRUE	retained
MAGOH	TRUE	TRUE	retained
MAGOH2P	TRUE	TRUE	retained
MAGOH3P	TRUE	TRUE	retained
MAGOHB	TRUE	TRUE	retained
MAGT1	TRUE	TRUE	retained
MAIP1	TRUE	TRUE	retained
MAK	TRUE	TRUE	retained
MAK16	TRUE	TRUE	retained
MAL2	TRUE	TRUE	retained
MALAT1	TRUE	TRUE	retained
MALRD1	TRUE	TRUE	retained
MALSU1	TRUE	TRUE	retained
MALT1	TRUE	TRUE	retained
MAMDC2	TRUE	TRUE	retained
MAMDC4	TRUE	TRUE	retained
MAML1	TRUE	TRUE	retained
MAML2	TRUE	TRUE	retained
MAML3	TRUE	TRUE	retained
MAMLD1	TRUE	TRUE	retained
MAMSTR	TRUE	TRUE	retained
MAN1A1	TRUE	TRUE	retained
MAN1A2	TRUE	TRUE	retained
MAN1A2P1	TRUE	TRUE	retained
MAN1B1	TRUE	TRUE	retained
MAN1C1	TRUE	TRUE	retained
MAN2A1	TRUE	TRUE	retained
MAN2A2	TRUE	TRUE	retained
MAN2B1	TRUE	TRUE	retained
MAN2B2	TRUE	TRUE	retained
MAN2C1	TRUE	TRUE	retained
MANBA	TRUE	TRUE	retained
MANBAL	TRUE	TRUE	retained
MANEA	TRUE	TRUE	retained
MANF	TRUE	TRUE	retained
MANSC1	TRUE	TRUE	retained
MAOA	TRUE	TRUE	retained
MAOB	TRUE	TRUE	retained
MAP10	TRUE	TRUE	retained
MAP1A	TRUE	TRUE	retained
MAP1B	TRUE	TRUE	retained
MAP1LC3A	TRUE	TRUE	retained
MAP1LC3B	TRUE	TRUE	retained
MAP1LC3B2	TRUE	TRUE	retained
MAP1S	TRUE	TRUE	retained
MAP2	TRUE	TRUE	retained
MAP2K1	TRUE	TRUE	retained
MAP2K1P1	TRUE	TRUE	retained
MAP2K2	TRUE	TRUE	retained
MAP2K3	TRUE	TRUE	retained
MAP2K4	TRUE	TRUE	retained
MAP2K4P1	TRUE	TRUE	retained
MAP2K5	TRUE	TRUE	retained
MAP2K6	TRUE	TRUE	retained
MAP2K7	TRUE	TRUE	retained
MAP3K1	TRUE	TRUE	retained
MAP3K10	TRUE	TRUE	retained
MAP3K11	TRUE	TRUE	retained
MAP3K12	TRUE	TRUE	retained
MAP3K13	TRUE	TRUE	retained
MAP3K14	TRUE	TRUE	retained
MAP3K2	TRUE	TRUE	retained
MAP3K20	TRUE	TRUE	retained
MAP3K21	TRUE	TRUE	retained
MAP3K3	TRUE	TRUE	retained
MAP3K4	TRUE	TRUE	retained
MAP3K5	TRUE	TRUE	retained
MAP3K6	TRUE	TRUE	retained
MAP3K7	TRUE	TRUE	retained
MAP3K7CL	TRUE	TRUE	retained
MAP3K8	TRUE	TRUE	retained
MAP3K9	TRUE	TRUE	retained
MAP4	TRUE	TRUE	retained
MAP4K1	TRUE	TRUE	retained
MAP4K2	TRUE	TRUE	retained
MAP4K3	TRUE	TRUE	retained
MAP4K4	TRUE	TRUE	retained
MAP4K5	TRUE	TRUE	retained
MAP6	TRUE	TRUE	retained
MAP7	TRUE	TRUE	retained
MAP7D1	TRUE	TRUE	retained
MAP7D2	TRUE	TRUE	retained
MAP7D3	TRUE	TRUE	retained
MAP9	TRUE	TRUE	retained
MAPK1	TRUE	TRUE	retained
MAPK10	TRUE	TRUE	retained
MAPK11	TRUE	TRUE	retained
MAPK12	TRUE	TRUE	retained
MAPK13	TRUE	TRUE	retained
MAPK14	TRUE	TRUE	retained
MAPK15	TRUE	TRUE	retained
MAPK1IP1L	TRUE	TRUE	retained
MAPK3	TRUE	TRUE	retained
MAPK4	TRUE	TRUE	retained
MAPK6	TRUE	TRUE	retained
MAPK6P3	TRUE	TRUE	retained
MAPK6P4	TRUE	TRUE	retained
MAPK7	TRUE	TRUE	retained
MAPK8	TRUE	TRUE	retained
MAPK8IP1	TRUE	TRUE	retained
MAPK8IP1P1	TRUE	TRUE	retained
MAPK8IP1P2	TRUE	TRUE	retained
MAPK8IP2	TRUE	TRUE	retained
MAPK8IP3	TRUE	TRUE	retained
MAPK9	TRUE	TRUE	retained
MAPKAP1	TRUE	TRUE	retained
MAPKAPK2	TRUE	TRUE	retained
MAPKAPK3	TRUE	TRUE	retained
MAPKAPK5	TRUE	TRUE	retained
MAPKBP1	TRUE	TRUE	retained
MAPRE1	TRUE	TRUE	retained
MAPRE1P1	TRUE	TRUE	retained
MAPRE1P2	TRUE	TRUE	retained
MAPRE2	TRUE	TRUE	retained
MAPRE3	TRUE	TRUE	retained
MAPT	TRUE	TRUE	retained
MARCHF1	TRUE	TRUE	retained
MARCHF2	TRUE	TRUE	retained
MARCHF3	TRUE	TRUE	retained
MARCHF5	TRUE	TRUE	retained
MARCHF6	TRUE	TRUE	retained
MARCHF7	TRUE	TRUE	retained
MARCHF8	TRUE	TRUE	retained
MARCHF9	TRUE	TRUE	retained
MARCKS	TRUE	TRUE	retained
MARCKSL1	TRUE	TRUE	retained
MARCO	TRUE	TRUE	retained
MARF1	TRUE	TRUE	retained
MARK1	TRUE	TRUE	retained
MARK2	TRUE	TRUE	retained
MARK3	TRUE	TRUE	retained
MARK4	TRUE	TRUE	retained
MARS1	TRUE	TRUE	retained
MARS2	TRUE	TRUE	retained
MARVELD1	TRUE	TRUE	retained
MARVELD2	TRUE	TRUE	retained
MARVELD3	TRUE	TRUE	retained
MASP1	TRUE	TRUE	retained
MASP2	TRUE	TRUE	retained
MAST1	TRUE	TRUE	retained
MAST2	TRUE	TRUE	retained
MAST3	TRUE	TRUE	retained
MAST4	TRUE	TRUE	retained
MASTL	TRUE	TRUE	retained
MAT2A	TRUE	TRUE	retained
MAT2B	TRUE	TRUE	retained
MATK	TRUE	TRUE	retained
MATN1	TRUE	TRUE	retained
MATN2	TRUE	TRUE	retained
MATN3	TRUE	TRUE	retained
MATR3	TRUE	TRUE	retained
MAU2	TRUE	TRUE	retained
MAVS	TRUE	TRUE	retained
MAX	TRUE	TRUE	retained
MAZ	TRUE	TRUE	retained
MB21D2	TRUE	TRUE	retained
MBD1	TRUE	TRUE	retained
MBD2	TRUE	TRUE	retained
MBD3	TRUE	TRUE	retained
MBD4	TRUE	TRUE	retained
MBD5	TRUE	TRUE	retained
MBD6	TRUE	TRUE	retained
MBIP	TRUE	TRUE	retained
MBLAC2	TRUE	TRUE	retained
MBNL1	TRUE	TRUE	retained
MBNL2	TRUE	TRUE	retained
MBNL3	TRUE	TRUE	retained
MBOAT1	TRUE	TRUE	retained
MBOAT2	TRUE	TRUE	retained
MBOAT7	TRUE	TRUE	retained
MBP	TRUE	TRUE	retained
MBTD1	TRUE	TRUE	retained
MBTPS1	TRUE	TRUE	retained
MBTPS2	TRUE	TRUE	retained
MCAM	TRUE	TRUE	retained
MCAT	TRUE	TRUE	retained
MCC	TRUE	TRUE	retained
MCCC1	TRUE	TRUE	retained
MCCC2	TRUE	TRUE	retained
MCEE	TRUE	TRUE	retained
MCF2L	TRUE	TRUE	retained
MCF2L2	TRUE	TRUE	retained
MCFD2	TRUE	TRUE	retained
MCFD2P1	TRUE	TRUE	retained
MCL1	TRUE	TRUE	retained
MCM10	TRUE	TRUE	retained
MCM2	TRUE	TRUE	retained
MCM3	TRUE	TRUE	retained
MCM3AP	TRUE	TRUE	retained
MCM3AP-AS1	TRUE	TRUE	retained
MCM4	TRUE	TRUE	retained
MCM5	TRUE	TRUE	retained
MCM6	TRUE	TRUE	retained
MCM7	TRUE	TRUE	retained
MCM8	TRUE	TRUE	retained
MCM9	TRUE	TRUE	retained
MCMBP	TRUE	TRUE	retained
MCOLN1	TRUE	TRUE	retained
MCOLN2	TRUE	TRUE	retained
MCOLN3	TRUE	TRUE	retained
MCPH1	TRUE	TRUE	retained
MCRIP1	TRUE	TRUE	retained
MCRIP2	TRUE	TRUE	retained
MCRS1	TRUE	TRUE	retained
MCTP1	TRUE	TRUE	retained
MCTP2	TRUE	TRUE	retained
MCTS1	TRUE	TRUE	retained
MCU	TRUE	TRUE	retained
MCUB	TRUE	TRUE	retained
MCUR1	TRUE	TRUE	retained
MCUR1P1	TRUE	TRUE	retained
MDC1	TRUE	TRUE	retained
MDFI	TRUE	TRUE	retained
MDFIC	TRUE	TRUE	retained
MDGA1	TRUE	TRUE	retained
MDH1	TRUE	TRUE	retained
MDH1P1	TRUE	TRUE	retained
MDH2	TRUE	TRUE	retained
MDK	TRUE	TRUE	retained
MDM1	TRUE	TRUE	retained
MDM2	TRUE	TRUE	retained
MDM4	TRUE	TRUE	retained
MDN1	TRUE	TRUE	retained
ME1	TRUE	TRUE	retained
ME2	TRUE	TRUE	retained
ME2P1	TRUE	TRUE	retained
ME3	TRUE	TRUE	retained
MEA1	TRUE	TRUE	retained
MEAF6	TRUE	TRUE	retained
MEAF6P1	TRUE	TRUE	retained
MEAK7	TRUE	TRUE	retained
MECOM	TRUE	TRUE	retained
MECP2	TRUE	TRUE	retained
MECR	TRUE	TRUE	retained
MED1	TRUE	TRUE	retained
MED10	TRUE	TRUE	retained
MED11	TRUE	TRUE	retained
MED12	TRUE	TRUE	retained
MED12L	TRUE	TRUE	retained
MED13	TRUE	TRUE	retained
MED13L	TRUE	TRUE	retained
MED14	TRUE	TRUE	retained
MED14OS	TRUE	TRUE	retained
MED15	TRUE	TRUE	retained
MED16	TRUE	TRUE	retained
MED17	TRUE	TRUE	retained
MED18	TRUE	TRUE	retained
MED19	TRUE	TRUE	retained
MED21	TRUE	TRUE	retained
MED22	TRUE	TRUE	retained
MED23	TRUE	TRUE	retained
MED24	TRUE	TRUE	retained
MED25	TRUE	TRUE	retained
MED26	TRUE	TRUE	retained
MED27	TRUE	TRUE	retained
MED28	TRUE	TRUE	retained
MED28P4	TRUE	TRUE	retained
MED29	TRUE	TRUE	retained
MED30	TRUE	TRUE	retained
MED31	TRUE	TRUE	retained
MED4	TRUE	TRUE	retained
MED6	TRUE	TRUE	retained
MED7	TRUE	TRUE	retained
MED8	TRUE	TRUE	retained
MED9	TRUE	TRUE	retained
MEF2A	TRUE	TRUE	retained
MEF2BNBP1	TRUE	TRUE	retained
MEF2C	TRUE	TRUE	retained
MEF2D	TRUE	TRUE	retained
MEFV	TRUE	TRUE	retained
MEG3	TRUE	TRUE	retained
MEG8	TRUE	TRUE	retained
MEGF10	TRUE	TRUE	retained
MEGF11	TRUE	TRUE	retained
MEGF6	TRUE	TRUE	retained
MEGF8	TRUE	TRUE	retained
MEGF9	TRUE	TRUE	retained
MEI1	TRUE	TRUE	retained
MEIS1	TRUE	TRUE	retained
MEIS2	TRUE	TRUE	retained
MEIS3	TRUE	TRUE	retained
MEIS3P1	TRUE	TRUE	retained
MEIS3P2	TRUE	TRUE	retained
MELK	TRUE	TRUE	retained
MELTF	TRUE	TRUE	retained
MEMO1	TRUE	TRUE	retained
MEMO1P1	TRUE	TRUE	retained
MEMO1P2	TRUE	TRUE	retained
MEN1	TRUE	TRUE	retained
MEOX2	TRUE	TRUE	retained
MEPCE	TRUE	TRUE	retained
MERTK	TRUE	TRUE	retained
MESD	TRUE	TRUE	retained
MEST	TRUE	TRUE	retained
MESTP1	TRUE	TRUE	retained
MESTP2	TRUE	TRUE	retained
MESTP3	TRUE	TRUE	retained
MESTP4	TRUE	TRUE	retained
MET	TRUE	TRUE	retained
METAP1	TRUE	TRUE	retained
METAP1D	TRUE	TRUE	retained
METAP2	TRUE	TRUE	retained
METAP2P1	TRUE	TRUE	retained
METRN	TRUE	TRUE	retained
METRNL	TRUE	TRUE	retained
METTL1	TRUE	TRUE	retained
METTL14	TRUE	TRUE	retained
METTL15	TRUE	TRUE	retained
METTL15P1	TRUE	TRUE	retained
METTL16	TRUE	TRUE	retained
METTL17	TRUE	TRUE	retained
METTL18	TRUE	TRUE	retained
METTL1P1	TRUE	TRUE	retained
METTL21A	TRUE	TRUE	retained
METTL21C	TRUE	TRUE	retained
METTL22	TRUE	TRUE	retained
METTL23	TRUE	TRUE	retained
METTL25	TRUE	TRUE	retained
METTL26	TRUE	TRUE	retained
METTL27	TRUE	TRUE	retained
METTL2A	TRUE	TRUE	retained
METTL2B	TRUE	TRUE	retained
METTL3	TRUE	TRUE	retained
METTL4	TRUE	TRUE	retained
METTL5	TRUE	TRUE	retained
METTL6	TRUE	TRUE	retained
METTL7A	TRUE	TRUE	retained
METTL7B	TRUE	TRUE	retained
METTL8	TRUE	TRUE	retained
METTL8P1	TRUE	TRUE	retained
METTL9	TRUE	TRUE	retained
MEX3A	TRUE	TRUE	retained
MEX3B	TRUE	TRUE	retained
MEX3C	TRUE	TRUE	retained
MEX3D	TRUE	TRUE	retained
MFAP1	TRUE	TRUE	retained
MFAP2	TRUE	TRUE	retained
MFAP3	TRUE	TRUE	retained
MFAP3L	TRUE	TRUE	retained
MFAP4	TRUE	TRUE	retained
MFAP5	TRUE	TRUE	retained
MFF	TRUE	TRUE	retained
MFFP2	TRUE	TRUE	retained
MFGE8	TRUE	TRUE	retained
MFHAS1	TRUE	TRUE	retained
MFN1	TRUE	TRUE	retained
MFN1P1	TRUE	TRUE	retained
MFN2	TRUE	TRUE	retained
MFNG	TRUE	TRUE	retained
MFSD1	TRUE	TRUE	retained
MFSD10	TRUE	TRUE	retained
MFSD11	TRUE	TRUE	retained
MFSD12	TRUE	TRUE	retained
MFSD13A	TRUE	TRUE	retained
MFSD14A	TRUE	TRUE	retained
MFSD14B	TRUE	TRUE	retained
MFSD14C	TRUE	TRUE	retained
MFSD1P1	TRUE	TRUE	retained
MFSD2A	TRUE	TRUE	retained
MFSD2B	TRUE	TRUE	retained
MFSD3	TRUE	TRUE	retained
MFSD4A	TRUE	TRUE	retained
MFSD4B	TRUE	TRUE	retained
MFSD5	TRUE	TRUE	retained
MFSD6	TRUE	TRUE	retained
MFSD8	TRUE	TRUE	retained
MFSD9	TRUE	TRUE	retained
MGA	TRUE	TRUE	retained
MGAM	TRUE	TRUE	retained
MGAT1	TRUE	TRUE	retained
MGAT3	TRUE	TRUE	retained
MGAT4A	TRUE	TRUE	retained
MGAT4B	TRUE	TRUE	retained
MGAT5	TRUE	TRUE	retained
MGAT5B	TRUE	TRUE	retained
MGLL	TRUE	TRUE	retained
MGME1	TRUE	TRUE	retained
MGMT	TRUE	TRUE	retained
MGP	TRUE	TRUE	retained
MGRN1	TRUE	TRUE	retained
MGST1	TRUE	TRUE	retained
MGST2	TRUE	TRUE	retained
MGST3	TRUE	TRUE	retained
MIA2	TRUE	TRUE	retained
MIA3	TRUE	TRUE	retained
MIB1	TRUE	TRUE	retained
MIB2	TRUE	TRUE	retained
MICA	TRUE	TRUE	retained
MICAL1	TRUE	TRUE	retained
MICAL2	TRUE	TRUE	retained
MICAL3	TRUE	TRUE	retained
MICALL1	TRUE	TRUE	retained
MICALL2	TRUE	TRUE	retained
MICB	TRUE	TRUE	retained
MICOS10	TRUE	TRUE	retained
MICOS10P2	TRUE	TRUE	retained
MICOS10P3	TRUE	TRUE	retained
MICOS13	TRUE	TRUE	retained
MICU1	TRUE	TRUE	retained
MICU2	TRUE	TRUE	retained
MICU3	TRUE	TRUE	retained
MID1	TRUE	TRUE	retained
MID1IP1	TRUE	TRUE	retained
MID2	TRUE	TRUE	retained
MIDEAS	TRUE	TRUE	retained
MIDN	TRUE	TRUE	retained
MIEF1	TRUE	TRUE	retained
MIEF2	TRUE	TRUE	retained
MIEN1	TRUE	TRUE	retained
MIER1	TRUE	TRUE	retained
MIER2	TRUE	TRUE	retained
MIER3	TRUE	TRUE	retained
MIF-AS1	TRUE	TRUE	retained
MIF4GD	TRUE	TRUE	retained
MIF4GD-DT	TRUE	TRUE	retained
MIGA1	TRUE	TRUE	retained
MIGA2	TRUE	TRUE	retained
MIIP	TRUE	TRUE	retained
MILR1	TRUE	TRUE	retained
MINAR1	TRUE	TRUE	retained
MINDY1	TRUE	TRUE	retained
MINDY2	TRUE	TRUE	retained
MINDY3	TRUE	TRUE	retained
MINDY4	TRUE	TRUE	retained
MINK1	TRUE	TRUE	retained
MINPP1	TRUE	TRUE	retained
MIOS	TRUE	TRUE	retained
MIPEP	TRUE	TRUE	retained
MIPOL1	TRUE	TRUE	retained
MIR1244-2	TRUE	TRUE	retained
MIR126	TRUE	TRUE	retained
MIR1283-1	TRUE	TRUE	retained
MIR1323	TRUE	TRUE	retained
MIR134	TRUE	TRUE	retained
MIR149	TRUE	TRUE	retained
MIR1915HG	TRUE	TRUE	retained
MIR205HG	TRUE	TRUE	retained
MIR22HG	TRUE	TRUE	retained
MIR23AHG	TRUE	TRUE	retained
MIR27B	TRUE	TRUE	retained
MIR29B2CHG	TRUE	TRUE	retained
MIR370	TRUE	TRUE	retained
MIR498	TRUE	TRUE	retained
MIR503HG	TRUE	TRUE	retained
MIR512-1	TRUE	TRUE	retained
MIR512-2	TRUE	TRUE	retained
MIR515-1	TRUE	TRUE	retained
MIR515-2	TRUE	TRUE	retained
MIR518B	TRUE	TRUE	retained
MIR519B	TRUE	TRUE	retained
MIR519C	TRUE	TRUE	retained
MIR519E	TRUE	TRUE	retained
MIR520A	TRUE	TRUE	retained
MIR520B	TRUE	TRUE	retained
MIR520E	TRUE	TRUE	retained
MIR523	TRUE	TRUE	retained
MIR525	TRUE	TRUE	retained
MIR526B	TRUE	TRUE	retained
MIR544A	TRUE	TRUE	retained
MIR581	TRUE	TRUE	retained
MIR590	TRUE	TRUE	retained
MIR600HG	TRUE	TRUE	retained
MIR604	TRUE	TRUE	retained
MIR635	TRUE	TRUE	retained
MIR648	TRUE	TRUE	retained
MIR654	TRUE	TRUE	retained
MIR9-1HG	TRUE	TRUE	retained
MIR941-1	TRUE	TRUE	retained
MIR941-3	TRUE	TRUE	retained
MIR941-4	TRUE	TRUE	retained
MIR941-5	TRUE	TRUE	retained
MIRLET7A1HG	TRUE	TRUE	retained
MIRLET7BHG	TRUE	TRUE	retained
MIS12	TRUE	TRUE	retained
MIS18A	TRUE	TRUE	retained
MIS18BP1	TRUE	TRUE	retained
MISP	TRUE	TRUE	retained
MISP3	TRUE	TRUE	retained
MITD1	TRUE	TRUE	retained
MITF	TRUE	TRUE	retained
MIX23	TRUE	TRUE	retained
MIX23P3	TRUE	TRUE	retained
MKI67	TRUE	TRUE	retained
MKKS	TRUE	TRUE	retained
MKLN1	TRUE	TRUE	retained
MKNK1	TRUE	TRUE	retained
MKNK2	TRUE	TRUE	retained
MKNK2P1	TRUE	TRUE	retained
MKRN1	TRUE	TRUE	retained
MKRN2	TRUE	TRUE	retained
MKRN2OS	TRUE	TRUE	retained
MKRN3	TRUE	TRUE	retained
MKRN4P	TRUE	TRUE	retained
MKRN5P	TRUE	TRUE	retained
MKRN8P	TRUE	TRUE	retained
MKRN9P	TRUE	TRUE	retained
MKS1	TRUE	TRUE	retained
MLANA	TRUE	TRUE	retained
MLC1	TRUE	TRUE	retained
MLEC	TRUE	TRUE	retained
MLF1	TRUE	TRUE	retained
MLF2	TRUE	TRUE	retained
MLH1	TRUE	TRUE	retained
MLH3	TRUE	TRUE	retained
MLKL	TRUE	TRUE	retained
MLLT1	TRUE	TRUE	retained
MLLT10	TRUE	TRUE	retained
MLLT11	TRUE	TRUE	retained
MLLT3	TRUE	TRUE	retained
MLLT6	TRUE	TRUE	retained
MLPH	TRUE	TRUE	retained
MLST8	TRUE	TRUE	retained
MLX	TRUE	TRUE	retained
MLXIP	TRUE	TRUE	retained
MLXIPL	TRUE	TRUE	retained
MLXP1	TRUE	TRUE	retained
MLYCD	TRUE	TRUE	retained
MMAA	TRUE	TRUE	retained
MMAB	TRUE	TRUE	retained
MMACHC	TRUE	TRUE	retained
MMADHC	TRUE	TRUE	retained
MMADHCP2	TRUE	TRUE	retained
MMD	TRUE	TRUE	retained
MME	TRUE	TRUE	retained
MMGT1	TRUE	TRUE	retained
MMP11	TRUE	TRUE	retained
MMP12	TRUE	TRUE	retained
MMP14	TRUE	TRUE	retained
MMP15	TRUE	TRUE	retained
MMP16	TRUE	TRUE	retained
MMP17	TRUE	TRUE	retained
MMP19	TRUE	TRUE	retained
MMP2	TRUE	TRUE	retained
MMP23A	TRUE	TRUE	retained
MMP23B	TRUE	TRUE	retained
MMP24	TRUE	TRUE	retained
MMP25	TRUE	TRUE	retained
MMP25-AS1	TRUE	TRUE	retained
MMP28	TRUE	TRUE	retained
MMP9	TRUE	TRUE	retained
MMRN1	TRUE	TRUE	retained
MMRN2	TRUE	TRUE	retained
MMS19	TRUE	TRUE	retained
MMS22L	TRUE	TRUE	retained
MMUT	TRUE	TRUE	retained
MN1	TRUE	TRUE	retained
MNAT1	TRUE	TRUE	retained
MNDA	TRUE	TRUE	retained
MNS1	TRUE	TRUE	retained
MNT	TRUE	TRUE	retained
MOAP1	TRUE	TRUE	retained
MOB1A	TRUE	TRUE	retained
MOB1B	TRUE	TRUE	retained
MOB2	TRUE	TRUE	retained
MOB3A	TRUE	TRUE	retained
MOB3B	TRUE	TRUE	retained
MOB3C	TRUE	TRUE	retained
MOB4	TRUE	TRUE	retained
MOB4P1	TRUE	TRUE	retained
MOB4P2	TRUE	TRUE	retained
MOCOS	TRUE	TRUE	retained
MOCS1	TRUE	TRUE	retained
MOCS1P1	TRUE	TRUE	retained
MOCS2	TRUE	TRUE	retained
MOCS3	TRUE	TRUE	retained
MOGS	TRUE	TRUE	retained
MOK	TRUE	TRUE	retained
MON1A	TRUE	TRUE	retained
MON1B	TRUE	TRUE	retained
MON2	TRUE	TRUE	retained
MORC2	TRUE	TRUE	retained
MORC3	TRUE	TRUE	retained
MORC4	TRUE	TRUE	retained
MORF4	TRUE	TRUE	retained
MORF4L1	TRUE	TRUE	retained
MORF4L1P1	TRUE	TRUE	retained
MORF4L2	TRUE	TRUE	retained
MORN1	TRUE	TRUE	retained
MORN3	TRUE	TRUE	retained
MORN4	TRUE	TRUE	retained
MOSMO	TRUE	TRUE	retained
MOSPD1	TRUE	TRUE	retained
MOSPD2	TRUE	TRUE	retained
MOSPD3	TRUE	TRUE	retained
MOV10	TRUE	TRUE	retained
MOV10L1	TRUE	TRUE	retained
MOXD1	TRUE	TRUE	retained
MPC1	TRUE	TRUE	retained
MPC2	TRUE	TRUE	retained
MPDU1	TRUE	TRUE	retained
MPDZ	TRUE	TRUE	retained
MPEG1	TRUE	TRUE	retained
MPG	TRUE	TRUE	retained
MPHOSPH10	TRUE	TRUE	retained
MPHOSPH6	TRUE	TRUE	retained
MPHOSPH8	TRUE	TRUE	retained
MPHOSPH9	TRUE	TRUE	retained
MPI	TRUE	TRUE	retained
MPIG6B	TRUE	TRUE	retained
MPL	TRUE	TRUE	retained
MPLKIP	TRUE	TRUE	retained
MPND	TRUE	TRUE	retained
MPP1	TRUE	TRUE	retained
MPP2	TRUE	TRUE	retained
MPP3	TRUE	TRUE	retained
MPP5	TRUE	TRUE	retained
MPP6	TRUE	TRUE	retained
MPP7	TRUE	TRUE	retained
MPPE1	TRUE	TRUE	retained
MPPE1P1	TRUE	TRUE	retained
MPPED2	TRUE	TRUE	retained
MPRIP	TRUE	TRUE	retained
MPRIPP1	TRUE	TRUE	retained
MPST	TRUE	TRUE	retained
MPV17	TRUE	TRUE	retained
MPV17L2	TRUE	TRUE	retained
MPZL1	TRUE	TRUE	retained
MR1	TRUE	TRUE	retained
MRAS	TRUE	TRUE	retained
MRC1	TRUE	TRUE	retained
MRC2	TRUE	TRUE	retained
MRE11	TRUE	TRUE	retained
MRE11P1	TRUE	TRUE	retained
MREG	TRUE	TRUE	retained
MRFAP1	TRUE	TRUE	retained
MRFAP1L1	TRUE	TRUE	retained
MRGBP	TRUE	TRUE	retained
MRGPRF	TRUE	TRUE	retained
MRI1	TRUE	TRUE	retained
MRM1	TRUE	TRUE	retained
MRM3	TRUE	TRUE	retained
MRNIP	TRUE	TRUE	retained
MROH1	TRUE	TRUE	retained
MROH6	TRUE	TRUE	retained
MROH8	TRUE	TRUE	retained
MRPL1	TRUE	TRUE	retained
MRPL10	TRUE	TRUE	retained
MRPL11	TRUE	TRUE	retained
MRPL13	TRUE	TRUE	retained
MRPL14	TRUE	TRUE	retained
MRPL15	TRUE	TRUE	retained
MRPL16	TRUE	TRUE	retained
MRPL17	TRUE	TRUE	retained
MRPL18	TRUE	TRUE	retained
MRPL19	TRUE	TRUE	retained
MRPL2	TRUE	TRUE	retained
MRPL20	TRUE	TRUE	retained
MRPL20-AS1	TRUE	TRUE	retained
MRPL21	TRUE	TRUE	retained
MRPL22	TRUE	TRUE	retained
MRPL23	TRUE	TRUE	retained
MRPL24	TRUE	TRUE	retained
MRPL27	TRUE	TRUE	retained
MRPL28	TRUE	TRUE	retained
MRPL2P1	TRUE	TRUE	retained
MRPL3	TRUE	TRUE	retained
MRPL30	TRUE	TRUE	retained
MRPL30P1	TRUE	TRUE	retained
MRPL32	TRUE	TRUE	retained
MRPL33	TRUE	TRUE	retained
MRPL34	TRUE	TRUE	retained
MRPL35	TRUE	TRUE	retained
MRPL36	TRUE	TRUE	retained
MRPL37	TRUE	TRUE	retained
MRPL38	TRUE	TRUE	retained
MRPL39	TRUE	TRUE	retained
MRPL3P1	TRUE	TRUE	retained
MRPL4	TRUE	TRUE	retained
MRPL40	TRUE	TRUE	retained
MRPL41	TRUE	TRUE	retained
MRPL42	TRUE	TRUE	retained
MRPL43	TRUE	TRUE	retained
MRPL44	TRUE	TRUE	retained
MRPL45	TRUE	TRUE	retained
MRPL45P1	TRUE	TRUE	retained
MRPL45P2	TRUE	TRUE	retained
MRPL46	TRUE	TRUE	retained
MRPL47	TRUE	TRUE	retained
MRPL48	TRUE	TRUE	retained
MRPL48P1	TRUE	TRUE	retained
MRPL49	TRUE	TRUE	retained
MRPL50	TRUE	TRUE	retained
MRPL51	TRUE	TRUE	retained
MRPL52	TRUE	TRUE	retained
MRPL54	TRUE	TRUE	retained
MRPL55	TRUE	TRUE	retained
MRPL57	TRUE	TRUE	retained
MRPL58	TRUE	TRUE	retained
MRPL9	TRUE	TRUE	retained
MRPL9P1	TRUE	TRUE	retained
MRPS10	TRUE	TRUE	retained
MRPS11	TRUE	TRUE	retained
MRPS12	TRUE	TRUE	retained
MRPS14	TRUE	TRUE	retained
MRPS15	TRUE	TRUE	retained
MRPS16	TRUE	TRUE	retained
MRPS16P2	TRUE	TRUE	retained
MRPS18A	TRUE	TRUE	retained
MRPS18B	TRUE	TRUE	retained
MRPS18BP2	TRUE	TRUE	retained
MRPS18C	TRUE	TRUE	retained
MRPS18CP7	TRUE	TRUE	retained
MRPS2	TRUE	TRUE	retained
MRPS21	TRUE	TRUE	retained
MRPS21P1	TRUE	TRUE	retained
MRPS21P2	TRUE	TRUE	retained
MRPS21P3	TRUE	TRUE	retained
MRPS21P6	TRUE	TRUE	retained
MRPS22	TRUE	TRUE	retained
MRPS23	TRUE	TRUE	retained
MRPS24	TRUE	TRUE	retained
MRPS25	TRUE	TRUE	retained
MRPS26	TRUE	TRUE	retained
MRPS27	TRUE	TRUE	retained
MRPS28	TRUE	TRUE	retained
MRPS30	TRUE	TRUE	retained
MRPS31	TRUE	TRUE	retained
MRPS33	TRUE	TRUE	retained
MRPS34	TRUE	TRUE	retained
MRPS35	TRUE	TRUE	retained
MRPS36	TRUE	TRUE	retained
MRPS36P1	TRUE	TRUE	retained
MRPS5	TRUE	TRUE	retained
MRPS5P3	TRUE	TRUE	retained
MRPS6	TRUE	TRUE	retained
MRPS6P2	TRUE	TRUE	retained
MRPS7	TRUE	TRUE	retained
MRPS9	TRUE	TRUE	retained
MRRF	TRUE	TRUE	retained
MRRFP1	TRUE	TRUE	retained
MRS2	TRUE	TRUE	retained
MRS2P1	TRUE	TRUE	retained
MRS2P2	TRUE	TRUE	retained
MRTFA	TRUE	TRUE	retained
MRTFB	TRUE	TRUE	retained
MRTO4	TRUE	TRUE	retained
MS4A14	TRUE	TRUE	retained
MS4A4A	TRUE	TRUE	retained
MS4A6A	TRUE	TRUE	retained
MS4A7	TRUE	TRUE	retained
MSANTD2	TRUE	TRUE	retained
MSANTD3	TRUE	TRUE	retained
MSANTD4	TRUE	TRUE	retained
MSC	TRUE	TRUE	retained
MSC-AS1	TRUE	TRUE	retained
MSH2	TRUE	TRUE	retained
MSH3	TRUE	TRUE	retained
MSH5	TRUE	TRUE	retained
MSH6	TRUE	TRUE	retained
MSI1	TRUE	TRUE	retained
MSI2	TRUE	TRUE	retained
MSL1	TRUE	TRUE	retained
MSL2	TRUE	TRUE	retained
MSL3	TRUE	TRUE	retained
MSMO1	TRUE	TRUE	retained
MSN	TRUE	TRUE	retained
MSNP1	TRUE	TRUE	retained
MSR1	TRUE	TRUE	retained
MSRA	TRUE	TRUE	retained
MSRB1	TRUE	TRUE	retained
MSRB2	TRUE	TRUE	retained
MSRB3	TRUE	TRUE	retained
MSS51	TRUE	TRUE	retained
MST1	TRUE	TRUE	retained
MST1L	TRUE	TRUE	retained
MST1P2	TRUE	TRUE	retained
MST1R	TRUE	TRUE	retained
MSTO1	TRUE	TRUE	retained
MSTO2P	TRUE	TRUE	retained
MSX1	TRUE	TRUE	retained
MSX2	TRUE	TRUE	retained
MT1E	TRUE	TRUE	retained
MT1F	TRUE	TRUE	retained
MT1G	TRUE	TRUE	retained
MT1HL1	TRUE	TRUE	retained
MT1P3	TRUE	TRUE	retained
MT1XP1	TRUE	TRUE	retained
MT2A	TRUE	TRUE	retained
MT2P1	TRUE	TRUE	retained
MTA1	TRUE	TRUE	retained
MTA2	TRUE	TRUE	retained
MTA3	TRUE	TRUE	retained
MTA3P1	TRUE	TRUE	retained
MTAP	TRUE	TRUE	retained
MTAPP2	TRUE	TRUE	retained
MTARC1	TRUE	TRUE	retained
MTARC2	TRUE	TRUE	retained
MTATP6P1	TRUE	TRUE	retained
MTBP	TRUE	TRUE	retained
MTCH1	TRUE	TRUE	retained
MTCH2	TRUE	TRUE	retained
MTCL1	TRUE	TRUE	retained
MTCO1P12	TRUE	TRUE	retained
MTCO2P12	TRUE	TRUE	retained
MTCO3P12	TRUE	TRUE	retained
MTDH	TRUE	TRUE	retained
MTERF1	TRUE	TRUE	retained
MTERF2	TRUE	TRUE	retained
MTERF3	TRUE	TRUE	retained
MTERF4	TRUE	TRUE	retained
MTF1	TRUE	TRUE	retained
MTF2	TRUE	TRUE	retained
MTFMT	TRUE	TRUE	retained
MTFP1	TRUE	TRUE	retained
MTFR1	TRUE	TRUE	retained
MTFR1L	TRUE	TRUE	retained
MTFR2	TRUE	TRUE	retained
MTG1	TRUE	TRUE	retained
MTG2	TRUE	TRUE	retained
MTHFD1	TRUE	TRUE	retained
MTHFD1L	TRUE	TRUE	retained
MTHFD1P1	TRUE	TRUE	retained
MTHFD2	TRUE	TRUE	retained
MTHFD2L	TRUE	TRUE	retained
MTHFD2P7	TRUE	TRUE	retained
MTHFR	TRUE	TRUE	retained
MTHFS	TRUE	TRUE	retained
MTHFSD	TRUE	TRUE	retained
MTIF2	TRUE	TRUE	retained
MTIF2P1	TRUE	TRUE	retained
MTIF3	TRUE	TRUE	retained
MTM1	TRUE	TRUE	retained
MTMR1	TRUE	TRUE	retained
MTMR10	TRUE	TRUE	retained
MTMR11	TRUE	TRUE	retained
MTMR12	TRUE	TRUE	retained
MTMR14	TRUE	TRUE	retained
MTMR2	TRUE	TRUE	retained
MTMR3	TRUE	TRUE	retained
MTMR4	TRUE	TRUE	retained
MTMR6	TRUE	TRUE	retained
MTMR7	TRUE	TRUE	retained
MTMR8	TRUE	TRUE	retained
MTMR9	TRUE	TRUE	retained
MTND1P23	TRUE	TRUE	retained
MTND2P28	TRUE	TRUE	retained
MTNR1B	TRUE	TRUE	retained
MTO1	TRUE	TRUE	retained
MTOR	TRUE	TRUE	retained
MTPAP	TRUE	TRUE	retained
MTPN	TRUE	TRUE	retained
MTR	TRUE	TRUE	retained
MTRES1	TRUE	TRUE	retained
MTREX	TRUE	TRUE	retained
MTRF1	TRUE	TRUE	retained
MTRF1L	TRUE	TRUE	retained
MTRNR2L10	TRUE	TRUE	retained
MTRNR2L12	TRUE	TRUE	retained
MTRNR2L8	TRUE	TRUE	retained
MTRR	TRUE	TRUE	retained
MTSS1	TRUE	TRUE	retained
MTSS2	TRUE	TRUE	retained
MTURN	TRUE	TRUE	retained
MTUS1	TRUE	TRUE	retained
MTUS2	TRUE	TRUE	retained
MTX1	TRUE	TRUE	retained
MTX1P1	TRUE	TRUE	retained
MTX2	TRUE	TRUE	retained
MTX3	TRUE	TRUE	retained
MUC1	TRUE	TRUE	retained
MUC12	TRUE	TRUE	retained
MUC15	TRUE	TRUE	retained
MUC16	TRUE	TRUE	retained
MUC19	TRUE	TRUE	retained
MUC20	TRUE	TRUE	retained
MUC20-OT1	TRUE	TRUE	retained
MUC20P1	TRUE	TRUE	retained
MUC3A	TRUE	TRUE	retained
MUC4	TRUE	TRUE	retained
MUC5B	TRUE	TRUE	retained
MUC6	TRUE	TRUE	retained
MUL1	TRUE	TRUE	retained
MUS81	TRUE	TRUE	retained
MUSK	TRUE	TRUE	retained
MUTYH	TRUE	TRUE	retained
MVB12A	TRUE	TRUE	retained
MVB12B	TRUE	TRUE	retained
MVD	TRUE	TRUE	retained
MVK	TRUE	TRUE	retained
MVP	TRUE	TRUE	retained
MX1	TRUE	TRUE	retained
MX2	TRUE	TRUE	retained
MXD1	TRUE	TRUE	retained
MXD3	TRUE	TRUE	retained
MXD4	TRUE	TRUE	retained
MXI1	TRUE	TRUE	retained
MXRA5	TRUE	TRUE	retained
MXRA7	TRUE	TRUE	retained
MXRA7P1	TRUE	TRUE	retained
MXRA8	TRUE	TRUE	retained
MYADM	TRUE	TRUE	retained
MYB	TRUE	TRUE	retained
MYBBP1A	TRUE	TRUE	retained
MYBL1	TRUE	TRUE	retained
MYBL2	TRUE	TRUE	retained
MYBPC3	TRUE	TRUE	retained
MYC	TRUE	TRUE	retained
MYCBP	TRUE	TRUE	retained
MYCBP2	TRUE	TRUE	retained
MYCBPAP	TRUE	TRUE	retained
MYCL	TRUE	TRUE	retained
MYCN	TRUE	TRUE	retained
MYCT1	TRUE	TRUE	retained
MYD88	TRUE	TRUE	retained
MYDGF	TRUE	TRUE	retained
MYEF2	TRUE	TRUE	retained
MYH10	TRUE	TRUE	retained
MYH11	TRUE	TRUE	retained
MYH13	TRUE	TRUE	retained
MYH14	TRUE	TRUE	retained
MYH3	TRUE	TRUE	retained
MYH7B	TRUE	TRUE	retained
MYH9	TRUE	TRUE	retained
MYL12A	TRUE	TRUE	retained
MYL12AP1	TRUE	TRUE	retained
MYL12B	TRUE	TRUE	retained
MYL12BP1	TRUE	TRUE	retained
MYL12BP2	TRUE	TRUE	retained
MYL12BP3	TRUE	TRUE	retained
MYL3	TRUE	TRUE	retained
MYL4	TRUE	TRUE	retained
MYL5	TRUE	TRUE	retained
MYL6	TRUE	TRUE	retained
MYL6B	TRUE	TRUE	retained
MYL6P1	TRUE	TRUE	retained
MYL6P2	TRUE	TRUE	retained
MYL6P3	TRUE	TRUE	retained
MYL6P4	TRUE	TRUE	retained
MYL6P5	TRUE	TRUE	retained
MYL9	TRUE	TRUE	retained
MYLIP	TRUE	TRUE	retained
MYLK	TRUE	TRUE	retained
MYLK3	TRUE	TRUE	retained
MYLK4	TRUE	TRUE	retained
MYNN	TRUE	TRUE	retained
MYO10	TRUE	TRUE	retained
MYO15A	TRUE	TRUE	retained
MYO15B	TRUE	TRUE	retained
MYO16	TRUE	TRUE	retained
MYO18A	TRUE	TRUE	retained
MYO18B	TRUE	TRUE	retained
MYO19	TRUE	TRUE	retained
MYO1A	TRUE	TRUE	retained
MYO1B	TRUE	TRUE	retained
MYO1C	TRUE	TRUE	retained
MYO1D	TRUE	TRUE	retained
MYO1E	TRUE	TRUE	retained
MYO1F	TRUE	TRUE	retained
MYO1G	TRUE	TRUE	retained
MYO5A	TRUE	TRUE	retained
MYO5B	TRUE	TRUE	retained
MYO5BP1	TRUE	TRUE	retained
MYO5C	TRUE	TRUE	retained
MYO6	TRUE	TRUE	retained
MYO7A	TRUE	TRUE	retained
MYO7B	TRUE	TRUE	retained
MYO9A	TRUE	TRUE	retained
MYO9B	TRUE	TRUE	retained
MYOCD	TRUE	TRUE	retained
MYOF	TRUE	TRUE	retained
MYOM1	TRUE	TRUE	retained
MYOM2	TRUE	TRUE	retained
MYORG	TRUE	TRUE	retained
MYPOP	TRUE	TRUE	retained
MYRF	TRUE	TRUE	retained
MYRIP	TRUE	TRUE	retained
MYSM1	TRUE	TRUE	retained
MYT1	TRUE	TRUE	retained
MYT1L	TRUE	TRUE	retained
MZF1	TRUE	TRUE	retained
MZT1	TRUE	TRUE	retained
MZT2A	TRUE	TRUE	retained
MZT2B	TRUE	TRUE	retained
N4BP1	TRUE	TRUE	retained
N4BP2	TRUE	TRUE	retained
N4BP2L1	TRUE	TRUE	retained
N4BP2L2	TRUE	TRUE	retained
N4BP3	TRUE	TRUE	retained
N6AMT1	TRUE	TRUE	retained
NAA10	TRUE	TRUE	retained
NAA11	TRUE	TRUE	retained
NAA15	TRUE	TRUE	retained
NAA16	TRUE	TRUE	retained
NAA20	TRUE	TRUE	retained
NAA25	TRUE	TRUE	retained
NAA30	TRUE	TRUE	retained
NAA35	TRUE	TRUE	retained
NAA38	TRUE	TRUE	retained
NAA40	TRUE	TRUE	retained
NAA50	TRUE	TRUE	retained
NAA60	TRUE	TRUE	retained
NAA80	TRUE	TRUE	retained
NAAA	TRUE	TRUE	retained
NAALAD2	TRUE	TRUE	retained
NAALADL1	TRUE	TRUE	retained
NAALADL2	TRUE	TRUE	retained
NAB1	TRUE	TRUE	retained
NAB1P1	TRUE	TRUE	retained
NAB2	TRUE	TRUE	retained
NABP1	TRUE	TRUE	retained
NABP2	TRUE	TRUE	retained
NACA	TRUE	TRUE	retained
NACA2	TRUE	TRUE	retained
NACA3P	TRUE	TRUE	retained
NACA4P	TRUE	TRUE	retained
NACAD	TRUE	TRUE	retained
NACAP2	TRUE	TRUE	retained
NACC1	TRUE	TRUE	retained
NACC2	TRUE	TRUE	retained
NADK	TRUE	TRUE	retained
NADK2	TRUE	TRUE	retained
NADSYN1	TRUE	TRUE	retained
NAE1	TRUE	TRUE	retained
NAF1	TRUE	TRUE	retained
NAGA	TRUE	TRUE	retained
NAGK	TRUE	TRUE	retained
NAGLU	TRUE	TRUE	retained
NAGPA	TRUE	TRUE	retained
NAGS	TRUE	TRUE	retained
NAIF1	TRUE	TRUE	retained
NAIP	TRUE	TRUE	retained
NAIPP1	TRUE	TRUE	retained
NAIPP2	TRUE	TRUE	retained
NAIPP3	TRUE	TRUE	retained
NAIPP4	TRUE	TRUE	retained
NALCN	TRUE	TRUE	retained
NAMPT	TRUE	TRUE	retained
NAMPTP1	TRUE	TRUE	retained
NANOGP4	TRUE	TRUE	retained
NANOGP8	TRUE	TRUE	retained
NANP	TRUE	TRUE	retained
NANS	TRUE	TRUE	retained
NAP1L1	TRUE	TRUE	retained
NAP1L1P1	TRUE	TRUE	retained
NAP1L1P3	TRUE	TRUE	retained
NAP1L3	TRUE	TRUE	retained
NAP1L4	TRUE	TRUE	retained
NAP1L4P1	TRUE	TRUE	retained
NAP1L4P3	TRUE	TRUE	retained
NAP1L5	TRUE	TRUE	retained
NAPA	TRUE	TRUE	retained
NAPB	TRUE	TRUE	retained
NAPEPLD	TRUE	TRUE	retained
NAPG	TRUE	TRUE	retained
NAPRT	TRUE	TRUE	retained
NAPSA	TRUE	TRUE	retained
NAPSB	TRUE	TRUE	retained
NARF	TRUE	TRUE	retained
NARS1	TRUE	TRUE	retained
NARS1P2	TRUE	TRUE	retained
NARS2	TRUE	TRUE	retained
NASP	TRUE	TRUE	retained
NASPP1	TRUE	TRUE	retained
NAT1	TRUE	TRUE	retained
NAT10	TRUE	TRUE	retained
NAT14	TRUE	TRUE	retained
NAT9	TRUE	TRUE	retained
NATD1	TRUE	TRUE	retained
NAV1	TRUE	TRUE	retained
NAV2	TRUE	TRUE	retained
NAV3	TRUE	TRUE	retained
NAXD	TRUE	TRUE	retained
NAXE	TRUE	TRUE	retained
NBAS	TRUE	TRUE	retained
NBEA	TRUE	TRUE	retained
NBEAL1	TRUE	TRUE	retained
NBEAL2	TRUE	TRUE	retained
NBL1	TRUE	TRUE	retained
NBN	TRUE	TRUE	retained
NBPF1	TRUE	TRUE	retained
NBPF10	TRUE	TRUE	retained
NBPF11	TRUE	TRUE	retained
NBPF12	TRUE	TRUE	retained
NBPF14	TRUE	TRUE	retained
NBPF15	TRUE	TRUE	retained
NBPF20	TRUE	TRUE	retained
NBPF25P	TRUE	TRUE	retained
NBPF26	TRUE	TRUE	retained
NBPF2P	TRUE	TRUE	retained
NBPF3	TRUE	TRUE	retained
NBPF4	TRUE	TRUE	retained
NBPF5P	TRUE	TRUE	retained
NBPF6	TRUE	TRUE	retained
NBPF8	TRUE	TRUE	retained
NBPF9	TRUE	TRUE	retained
NBR1	TRUE	TRUE	retained
NBR2	TRUE	TRUE	retained
NCALD	TRUE	TRUE	retained
NCAM1	TRUE	TRUE	retained
NCAM2	TRUE	TRUE	retained
NCAN	TRUE	TRUE	retained
NCAPD2	TRUE	TRUE	retained
NCAPD2P1	TRUE	TRUE	retained
NCAPD3	TRUE	TRUE	retained
NCAPG	TRUE	TRUE	retained
NCAPG2	TRUE	TRUE	retained
NCAPGP1	TRUE	TRUE	retained
NCAPH	TRUE	TRUE	retained
NCAPH2	TRUE	TRUE	retained
NCBP1	TRUE	TRUE	retained
NCBP2	TRUE	TRUE	retained
NCBP2AS2	TRUE	TRUE	retained
NCBP3	TRUE	TRUE	retained
NCDN	TRUE	TRUE	retained
NCEH1	TRUE	TRUE	retained
NCF1	TRUE	TRUE	retained
NCF1B	TRUE	TRUE	retained
NCF1C	TRUE	TRUE	retained
NCF2	TRUE	TRUE	retained
NCF4	TRUE	TRUE	retained
NCK1	TRUE	TRUE	retained
NCK2	TRUE	TRUE	retained
NCKAP1	TRUE	TRUE	retained
NCKAP1L	TRUE	TRUE	retained
NCKAP1P1	TRUE	TRUE	retained
NCKAP5	TRUE	TRUE	retained
NCKAP5L	TRUE	TRUE	retained
NCKIPSD	TRUE	TRUE	retained
NCL	TRUE	TRUE	retained
NCLN	TRUE	TRUE	retained
NCLP1	TRUE	TRUE	retained
NCMAP	TRUE	TRUE	retained
NCOA1	TRUE	TRUE	retained
NCOA2	TRUE	TRUE	retained
NCOA3	TRUE	TRUE	retained
NCOA4	TRUE	TRUE	retained
NCOA4P1	TRUE	TRUE	retained
NCOA4P3	TRUE	TRUE	retained
NCOA4P4	TRUE	TRUE	retained
NCOA5	TRUE	TRUE	retained
NCOA6	TRUE	TRUE	retained
NCOA7	TRUE	TRUE	retained
NCOR1	TRUE	TRUE	retained
NCOR2	TRUE	TRUE	retained
NCR3LG1	TRUE	TRUE	retained
NCS1	TRUE	TRUE	retained
NCSTN	TRUE	TRUE	retained
NDC1	TRUE	TRUE	retained
NDC80	TRUE	TRUE	retained
NDE1	TRUE	TRUE	retained
NDEL1	TRUE	TRUE	retained
NDFIP1	TRUE	TRUE	retained
NDFIP2	TRUE	TRUE	retained
NDN	TRUE	TRUE	retained
NDNF	TRUE	TRUE	retained
NDOR1	TRUE	TRUE	retained
NDRG1	TRUE	TRUE	retained
NDRG2	TRUE	TRUE	retained
NDRG3	TRUE	TRUE	retained
NDRG4	TRUE	TRUE	retained
NDST1	TRUE	TRUE	retained
NDST2	TRUE	TRUE	retained
NDST3	TRUE	TRUE	retained
NDUFA1	TRUE	TRUE	retained
NDUFA10	TRUE	TRUE	retained
NDUFA11	TRUE	TRUE	retained
NDUFA12	TRUE	TRUE	retained
NDUFA13	TRUE	TRUE	retained
NDUFA2	TRUE	TRUE	retained
NDUFA3	TRUE	TRUE	retained
NDUFA4	TRUE	TRUE	retained
NDUFA4L2	TRUE	TRUE	retained
NDUFA4P1	TRUE	TRUE	retained
NDUFA5	TRUE	TRUE	retained
NDUFA5P11	TRUE	TRUE	retained
NDUFA6	TRUE	TRUE	retained
NDUFA8	TRUE	TRUE	retained
NDUFA9	TRUE	TRUE	retained
NDUFA9P1	TRUE	TRUE	retained
NDUFAB1	TRUE	TRUE	retained
NDUFAF1	TRUE	TRUE	retained
NDUFAF2	TRUE	TRUE	retained
NDUFAF2P1	TRUE	TRUE	retained
NDUFAF3	TRUE	TRUE	retained
NDUFAF4	TRUE	TRUE	retained
NDUFAF5	TRUE	TRUE	retained
NDUFAF6	TRUE	TRUE	retained
NDUFAF7	TRUE	TRUE	retained
NDUFAF8	TRUE	TRUE	retained
NDUFB1	TRUE	TRUE	retained
NDUFB10	TRUE	TRUE	retained
NDUFB11	TRUE	TRUE	retained
NDUFB11P1	TRUE	TRUE	retained
NDUFB1P1	TRUE	TRUE	retained
NDUFB2	TRUE	TRUE	retained
NDUFB3	TRUE	TRUE	retained
NDUFB4	TRUE	TRUE	retained
NDUFB4P12	TRUE	TRUE	retained
NDUFB5	TRUE	TRUE	retained
NDUFB6	TRUE	TRUE	retained
NDUFB7	TRUE	TRUE	retained
NDUFB8	TRUE	TRUE	retained
NDUFB8P2	TRUE	TRUE	retained
NDUFB9	TRUE	TRUE	retained
NDUFB9P2	TRUE	TRUE	retained
NDUFC1	TRUE	TRUE	retained
NDUFC2	TRUE	TRUE	retained
NDUFS1	TRUE	TRUE	retained
NDUFS2	TRUE	TRUE	retained
NDUFS3	TRUE	TRUE	retained
NDUFS4	TRUE	TRUE	retained
NDUFS5	TRUE	TRUE	retained
NDUFS5P3	TRUE	TRUE	retained
NDUFS6	TRUE	TRUE	retained
NDUFS7	TRUE	TRUE	retained
NDUFS8	TRUE	TRUE	retained
NDUFV1	TRUE	TRUE	retained
NDUFV2	TRUE	TRUE	retained
NDUFV2P1	TRUE	TRUE	retained
NDUFV3	TRUE	TRUE	retained
NEAT1	TRUE	TRUE	retained
NEB	TRUE	TRUE	retained
NEBL	TRUE	TRUE	retained
NECAB3	TRUE	TRUE	retained
NECAP1	TRUE	TRUE	retained
NECAP1P1	TRUE	TRUE	retained
NECAP2	TRUE	TRUE	retained
NECTIN1	TRUE	TRUE	retained
NECTIN2	TRUE	TRUE	retained
NECTIN3	TRUE	TRUE	retained
NECTIN4	TRUE	TRUE	retained
NEDD1	TRUE	TRUE	retained
NEDD4	TRUE	TRUE	retained
NEDD4L	TRUE	TRUE	retained
NEDD8	TRUE	TRUE	retained
NEDD8P1	TRUE	TRUE	retained
NEDD9	TRUE	TRUE	retained
NEFH	TRUE	TRUE	retained
NEFL	TRUE	TRUE	retained
NEFM	TRUE	TRUE	retained
NEIL1	TRUE	TRUE	retained
NEIL2	TRUE	TRUE	retained
NEIL3	TRUE	TRUE	retained
NEK1	TRUE	TRUE	retained
NEK10	TRUE	TRUE	retained
NEK11	TRUE	TRUE	retained
NEK2	TRUE	TRUE	retained
NEK2P4	TRUE	TRUE	retained
NEK3	TRUE	TRUE	retained
NEK4	TRUE	TRUE	retained
NEK5	TRUE	TRUE	retained
NEK6	TRUE	TRUE	retained
NEK7	TRUE	TRUE	retained
NEK8	TRUE	TRUE	retained
NEK9	TRUE	TRUE	retained
NELFA	TRUE	TRUE	retained
NELFB	TRUE	TRUE	retained
NELFCD	TRUE	TRUE	retained
NELFE	TRUE	TRUE	retained
NELL2	TRUE	TRUE	retained
NEMF	TRUE	TRUE	retained
NEMP1	TRUE	TRUE	retained
NEMP2	TRUE	TRUE	retained
NENF	TRUE	TRUE	retained
NEO1	TRUE	TRUE	retained
NEPRO	TRUE	TRUE	retained
NES	TRUE	TRUE	retained
NET1	TRUE	TRUE	retained
NETO2	TRUE	TRUE	retained
NEU1	TRUE	TRUE	retained
NEU3	TRUE	TRUE	retained
NEURL1	TRUE	TRUE	retained
NEURL1B	TRUE	TRUE	retained
NEURL2	TRUE	TRUE	retained
NEURL4	TRUE	TRUE	retained
NEUROD6	TRUE	TRUE	retained
NEXMIF	TRUE	TRUE	retained
NEXN	TRUE	TRUE	retained
NF1	TRUE	TRUE	retained
NF2	TRUE	TRUE	retained
NFAM1	TRUE	TRUE	retained
NFASC	TRUE	TRUE	retained
NFAT5	TRUE	TRUE	retained
NFATC1	TRUE	TRUE	retained
NFATC2	TRUE	TRUE	retained
NFATC2IP	TRUE	TRUE	retained
NFATC3	TRUE	TRUE	retained
NFATC4	TRUE	TRUE	retained
NFE2	TRUE	TRUE	retained
NFE2L1	TRUE	TRUE	retained
NFE2L2	TRUE	TRUE	retained
NFE2L3	TRUE	TRUE	retained
NFE2L3P1	TRUE	TRUE	retained
NFIA	TRUE	TRUE	retained
NFIB	TRUE	TRUE	retained
NFIC	TRUE	TRUE	retained
NFIL3	TRUE	TRUE	retained
NFIX	TRUE	TRUE	retained
NFKB1	TRUE	TRUE	retained
NFKB2	TRUE	TRUE	retained
NFKBIA	TRUE	TRUE	retained
NFKBIB	TRUE	TRUE	retained
NFKBID	TRUE	TRUE	retained
NFKBIE	TRUE	TRUE	retained
NFKBIL1	TRUE	TRUE	retained
NFKBIZ	TRUE	TRUE	retained
NFRKB	TRUE	TRUE	retained
NFS1	TRUE	TRUE	retained
NFU1	TRUE	TRUE	retained
NFU1P1	TRUE	TRUE	retained
NFX1	TRUE	TRUE	retained
NFXL1	TRUE	TRUE	retained
NFYA	TRUE	TRUE	retained
NFYB	TRUE	TRUE	retained
NFYBP1	TRUE	TRUE	retained
NFYC	TRUE	TRUE	retained
NFYCP2	TRUE	TRUE	retained
NGDN	TRUE	TRUE	retained
NGFR	TRUE	TRUE	retained
NGLY1	TRUE	TRUE	retained
NGRN	TRUE	TRUE	retained
NHLRC2	TRUE	TRUE	retained
NHLRC3	TRUE	TRUE	retained
NHP2	TRUE	TRUE	retained
NHP2P1	TRUE	TRUE	retained
NHS	TRUE	TRUE	retained
NHSL1	TRUE	TRUE	retained
NHSL2	TRUE	TRUE	retained
NIBAN1	TRUE	TRUE	retained
NIBAN2	TRUE	TRUE	retained
NICN2P	TRUE	TRUE	retained
NID1	TRUE	TRUE	retained
NID2	TRUE	TRUE	retained
NIF3L1	TRUE	TRUE	retained
NIFK	TRUE	TRUE	retained
NIFKP1	TRUE	TRUE	retained
NIFKP3	TRUE	TRUE	retained
NIN	TRUE	TRUE	retained
NINJ1	TRUE	TRUE	retained
NINL	TRUE	TRUE	retained
NIP7	TRUE	TRUE	retained
NIP7P2	TRUE	TRUE	retained
NIPA1	TRUE	TRUE	retained
NIPA2	TRUE	TRUE	retained
NIPAL1	TRUE	TRUE	retained
NIPAL2	TRUE	TRUE	retained
NIPAL3	TRUE	TRUE	retained
NIPAL4	TRUE	TRUE	retained
NIPBL	TRUE	TRUE	retained
NIPSNAP1	TRUE	TRUE	retained
NIPSNAP2	TRUE	TRUE	retained
NIPSNAP3A	TRUE	TRUE	retained
NIPSNAP3B	TRUE	TRUE	retained
NISCH	TRUE	TRUE	retained
NIT1	TRUE	TRUE	retained
NIT2	TRUE	TRUE	retained
NKAIN4	TRUE	TRUE	retained
NKAP	TRUE	TRUE	retained
NKAPD1	TRUE	TRUE	retained
NKD1	TRUE	TRUE	retained
NKD2	TRUE	TRUE	retained
NKIRAS1	TRUE	TRUE	retained
NKIRAS2	TRUE	TRUE	retained
NKRF	TRUE	TRUE	retained
NKTR	TRUE	TRUE	retained
NLE1	TRUE	TRUE	retained
NLGN1	TRUE	TRUE	retained
NLGN2	TRUE	TRUE	retained
NLGN3	TRUE	TRUE	retained
NLGN4X	TRUE	TRUE	retained
NLGN4Y	TRUE	TRUE	retained
NLK	TRUE	TRUE	retained
NLN	TRUE	TRUE	retained
NLRC3	TRUE	TRUE	retained
NLRC4	TRUE	TRUE	retained
NLRC5	TRUE	TRUE	retained
NLRP1	TRUE	TRUE	retained
NLRP12	TRUE	TRUE	retained
NLRP2	TRUE	TRUE	retained
NLRP2B	TRUE	TRUE	retained
NLRP3	TRUE	TRUE	retained
NLRP7	TRUE	TRUE	retained
NLRX1	TRUE	TRUE	retained
NMD3	TRUE	TRUE	retained
NMD3P1	TRUE	TRUE	retained
NMD3P2	TRUE	TRUE	retained
NME1	TRUE	TRUE	retained
NME2	TRUE	TRUE	retained
NME2P1	TRUE	TRUE	retained
NME3	TRUE	TRUE	retained
NME4	TRUE	TRUE	retained
NME6	TRUE	TRUE	retained
NME7	TRUE	TRUE	retained
NMI	TRUE	TRUE	retained
NMNAT1	TRUE	TRUE	retained
NMNAT2	TRUE	TRUE	retained
NMRAL1	TRUE	TRUE	retained
NMRK1	TRUE	TRUE	retained
NMT1	TRUE	TRUE	retained
NMT2	TRUE	TRUE	retained
NNAT	TRUE	TRUE	retained
NNMT	TRUE	TRUE	retained
NNT	TRUE	TRUE	retained
NOA1	TRUE	TRUE	retained
NOB1	TRUE	TRUE	retained
NOC2L	TRUE	TRUE	retained
NOC2LP1	TRUE	TRUE	retained
NOC2LP2	TRUE	TRUE	retained
NOC3L	TRUE	TRUE	retained
NOC4L	TRUE	TRUE	retained
NOCT	TRUE	TRUE	retained
NOD1	TRUE	TRUE	retained
NOD2	TRUE	TRUE	retained
NOG	TRUE	TRUE	retained
NOL10	TRUE	TRUE	retained
NOL11	TRUE	TRUE	retained
NOL3	TRUE	TRUE	retained
NOL4L	TRUE	TRUE	retained
NOL6	TRUE	TRUE	retained
NOL7	TRUE	TRUE	retained
NOL8	TRUE	TRUE	retained
NOL8P1	TRUE	TRUE	retained
NOL9	TRUE	TRUE	retained
NOLC1	TRUE	TRUE	retained
NOLC1P1	TRUE	TRUE	retained
NOM1	TRUE	TRUE	retained
NOMO1	TRUE	TRUE	retained
NOMO2	TRUE	TRUE	retained
NOMO3	TRUE	TRUE	retained
NONO	TRUE	TRUE	retained
NOP10	TRUE	TRUE	retained
NOP14	TRUE	TRUE	retained
NOP16	TRUE	TRUE	retained
NOP2	TRUE	TRUE	retained
NOP53	TRUE	TRUE	retained
NOP56	TRUE	TRUE	retained
NOP58	TRUE	TRUE	retained
NOP9	TRUE	TRUE	retained
NORAD	TRUE	TRUE	retained
NOS1AP	TRUE	TRUE	retained
NOS2	TRUE	TRUE	retained
NOS3	TRUE	TRUE	retained
NOSIP	TRUE	TRUE	retained
NOSTRIN	TRUE	TRUE	retained
NOTCH1	TRUE	TRUE	retained
NOTCH2	TRUE	TRUE	retained
NOTCH2NLA	TRUE	TRUE	retained
NOTCH2NLB	TRUE	TRUE	retained
NOTCH2NLC	TRUE	TRUE	retained
NOTCH3	TRUE	TRUE	retained
NOTCH4	TRUE	TRUE	retained
NOTUM	TRUE	TRUE	retained
NOVA2	TRUE	TRUE	retained
NOX4	TRUE	TRUE	retained
NOX5	TRUE	TRUE	retained
NOXA1	TRUE	TRUE	retained
NPAS1	TRUE	TRUE	retained
NPAS2	TRUE	TRUE	retained
NPAS3	TRUE	TRUE	retained
NPAT	TRUE	TRUE	retained
NPC1	TRUE	TRUE	retained
NPC2	TRUE	TRUE	retained
NPDC1	TRUE	TRUE	retained
NPEPL1	TRUE	TRUE	retained
NPEPPS	TRUE	TRUE	retained
NPEPPSP1	TRUE	TRUE	retained
NPHP1	TRUE	TRUE	retained
NPHP3	TRUE	TRUE	retained
NPHP4	TRUE	TRUE	retained
NPIPA1	TRUE	TRUE	retained
NPIPA2	TRUE	TRUE	retained
NPIPA3	TRUE	TRUE	retained
NPIPA5	TRUE	TRUE	retained
NPIPA7	TRUE	TRUE	retained
NPIPA8	TRUE	TRUE	retained
NPIPA9	TRUE	TRUE	retained
NPIPB10P	TRUE	TRUE	retained
NPIPB11	TRUE	TRUE	retained
NPIPB12	TRUE	TRUE	retained
NPIPB13	TRUE	TRUE	retained
NPIPB15	TRUE	TRUE	retained
NPIPB1P	TRUE	TRUE	retained
NPIPB2	TRUE	TRUE	retained
NPIPB3	TRUE	TRUE	retained
NPIPB4	TRUE	TRUE	retained
NPIPB5	TRUE	TRUE	retained
NPIPB6	TRUE	TRUE	retained
NPIPB8	TRUE	TRUE	retained
NPIPB9	TRUE	TRUE	retained
NPIPP1	TRUE	TRUE	retained
NPL	TRUE	TRUE	retained
NPLOC4	TRUE	TRUE	retained
NPLP1	TRUE	TRUE	retained
NPM1	TRUE	TRUE	retained
NPM1P18	TRUE	TRUE	retained
NPM1P21	TRUE	TRUE	retained
NPM1P24	TRUE	TRUE	retained
NPM1P26	TRUE	TRUE	retained
NPM1P27	TRUE	TRUE	retained
NPM1P32	TRUE	TRUE	retained
NPM1P37	TRUE	TRUE	retained
NPM1P39	TRUE	TRUE	retained
NPM1P46	TRUE	TRUE	retained
NPM1P5	TRUE	TRUE	retained
NPM1P6	TRUE	TRUE	retained
NPM3	TRUE	TRUE	retained
NPNT	TRUE	TRUE	retained
NPR1	TRUE	TRUE	retained
NPR2	TRUE	TRUE	retained
NPR3	TRUE	TRUE	retained
NPRL2	TRUE	TRUE	retained
NPRL3	TRUE	TRUE	retained
NPTN	TRUE	TRUE	retained
NPTXR	TRUE	TRUE	retained
NQO1	TRUE	TRUE	retained
NQO2	TRUE	TRUE	retained
NR1D1	TRUE	TRUE	retained
NR1D2	TRUE	TRUE	retained
NR1H2	TRUE	TRUE	retained
NR1H3	TRUE	TRUE	retained
NR2C1	TRUE	TRUE	retained
NR2C2	TRUE	TRUE	retained
NR2C2AP	TRUE	TRUE	retained
NR2F1	TRUE	TRUE	retained
NR2F2	TRUE	TRUE	retained
NR2F6	TRUE	TRUE	retained
NR3C1	TRUE	TRUE	retained
NR3C2	TRUE	TRUE	retained
NR4A1	TRUE	TRUE	retained
NR4A2	TRUE	TRUE	retained
NR4A3	TRUE	TRUE	retained
NR5A2	TRUE	TRUE	retained
NR6A1	TRUE	TRUE	retained
NRARP	TRUE	TRUE	retained
NRAS	TRUE	TRUE	retained
NRBF2	TRUE	TRUE	retained
NRBF2P3	TRUE	TRUE	retained
NRBF2P4	TRUE	TRUE	retained
NRBP1	TRUE	TRUE	retained
NRBP2	TRUE	TRUE	retained
NRCAM	TRUE	TRUE	retained
NRDC	TRUE	TRUE	retained
NRDE2	TRUE	TRUE	retained
NREP	TRUE	TRUE	retained
NRF1	TRUE	TRUE	retained
NRG2	TRUE	TRUE	retained
NRG3	TRUE	TRUE	retained
NRIP1	TRUE	TRUE	retained
NRIP2	TRUE	TRUE	retained
NRK	TRUE	TRUE	retained
NRM	TRUE	TRUE	retained
NRN1	TRUE	TRUE	retained
NRP1	TRUE	TRUE	retained
NRP2	TRUE	TRUE	retained
NRROS	TRUE	TRUE	retained
NRSN2	TRUE	TRUE	retained
NRXN1	TRUE	TRUE	retained
NRXN2	TRUE	TRUE	retained
NRXN3	TRUE	TRUE	retained
NSA2	TRUE	TRUE	retained
NSA2P1	TRUE	TRUE	retained
NSA2P2	TRUE	TRUE	retained
NSA2P3	TRUE	TRUE	retained
NSA2P4	TRUE	TRUE	retained
NSA2P7	TRUE	TRUE	retained
NSD1	TRUE	TRUE	retained
NSD2	TRUE	TRUE	retained
NSD3	TRUE	TRUE	retained
NSDHL	TRUE	TRUE	retained
NSF	TRUE	TRUE	retained
NSFL1C	TRUE	TRUE	retained
NSFP1	TRUE	TRUE	retained
NSG1	TRUE	TRUE	retained
NSG2	TRUE	TRUE	retained
NSL1	TRUE	TRUE	retained
NSMAF	TRUE	TRUE	retained
NSMCE1	TRUE	TRUE	retained
NSMCE2	TRUE	TRUE	retained
NSMCE3	TRUE	TRUE	retained
NSMCE4A	TRUE	TRUE	retained
NSMF	TRUE	TRUE	retained
NSRP1	TRUE	TRUE	retained
NSRP1P1	TRUE	TRUE	retained
NSUN2	TRUE	TRUE	retained
NSUN3	TRUE	TRUE	retained
NSUN4	TRUE	TRUE	retained
NSUN5	TRUE	TRUE	retained
NSUN5P1	TRUE	TRUE	retained
NSUN6	TRUE	TRUE	retained
NSUN7	TRUE	TRUE	retained
NT5C	TRUE	TRUE	retained
NT5C2	TRUE	TRUE	retained
NT5C3A	TRUE	TRUE	retained
NT5C3AP1	TRUE	TRUE	retained
NT5C3B	TRUE	TRUE	retained
NT5DC1	TRUE	TRUE	retained
NT5DC1P2	TRUE	TRUE	retained
NT5DC2	TRUE	TRUE	retained
NT5DC3	TRUE	TRUE	retained
NT5E	TRUE	TRUE	retained
NT5M	TRUE	TRUE	retained
NTAN1	TRUE	TRUE	retained
NTAN1P2	TRUE	TRUE	retained
NTAQ1	TRUE	TRUE	retained
NTF4	TRUE	TRUE	retained
NTHL1	TRUE	TRUE	retained
NTMT1	TRUE	TRUE	retained
NTN1	TRUE	TRUE	retained
NTN3	TRUE	TRUE	retained
NTN4	TRUE	TRUE	retained
NTPCR	TRUE	TRUE	retained
NTRK2	TRUE	TRUE	retained
NTRK3	TRUE	TRUE	retained
NTS	TRUE	TRUE	retained
NUAK1	TRUE	TRUE	retained
NUAK2	TRUE	TRUE	retained
NUB1	TRUE	TRUE	retained
NUBP1	TRUE	TRUE	retained
NUBP2	TRUE	TRUE	retained
NUBPL	TRUE	TRUE	retained
NUCB1	TRUE	TRUE	retained
NUCB2	TRUE	TRUE	retained
NUCKS1	TRUE	TRUE	retained
NUCKS1P1	TRUE	TRUE	retained
NUDC	TRUE	TRUE	retained
NUDCD1	TRUE	TRUE	retained
NUDCD2	TRUE	TRUE	retained
NUDCD3	TRUE	TRUE	retained
NUDCP1	TRUE	TRUE	retained
NUDCP2	TRUE	TRUE	retained
NUDT1	TRUE	TRUE	retained
NUDT12	TRUE	TRUE	retained
NUDT13	TRUE	TRUE	retained
NUDT14	TRUE	TRUE	retained
NUDT15	TRUE	TRUE	retained
NUDT16	TRUE	TRUE	retained
NUDT16L1	TRUE	TRUE	retained
NUDT17	TRUE	TRUE	retained
NUDT18	TRUE	TRUE	retained
NUDT19	TRUE	TRUE	retained
NUDT2	TRUE	TRUE	retained
NUDT21	TRUE	TRUE	retained
NUDT22	TRUE	TRUE	retained
NUDT3	TRUE	TRUE	retained
NUDT4	TRUE	TRUE	retained
NUDT4B	TRUE	TRUE	retained
NUDT4P2	TRUE	TRUE	retained
NUDT5	TRUE	TRUE	retained
NUDT6	TRUE	TRUE	retained
NUDT7	TRUE	TRUE	retained
NUDT8	TRUE	TRUE	retained
NUDT9	TRUE	TRUE	retained
NUF2	TRUE	TRUE	retained
NUFIP1	TRUE	TRUE	retained
NUFIP1P1	TRUE	TRUE	retained
NUFIP2	TRUE	TRUE	retained
NUMA1	TRUE	TRUE	retained
NUMB	TRUE	TRUE	retained
NUMBL	TRUE	TRUE	retained
NUP107	TRUE	TRUE	retained
NUP133	TRUE	TRUE	retained
NUP153	TRUE	TRUE	retained
NUP155	TRUE	TRUE	retained
NUP160	TRUE	TRUE	retained
NUP188	TRUE	TRUE	retained
NUP205	TRUE	TRUE	retained
NUP210	TRUE	TRUE	retained
NUP210L	TRUE	TRUE	retained
NUP214	TRUE	TRUE	retained
NUP35	TRUE	TRUE	retained
NUP35P1	TRUE	TRUE	retained
NUP37	TRUE	TRUE	retained
NUP42	TRUE	TRUE	retained
NUP43	TRUE	TRUE	retained
NUP50	TRUE	TRUE	retained
NUP50P1	TRUE	TRUE	retained
NUP54	TRUE	TRUE	retained
NUP58	TRUE	TRUE	retained
NUP62	TRUE	TRUE	retained
NUP85	TRUE	TRUE	retained
NUP88	TRUE	TRUE	retained
NUP93	TRUE	TRUE	retained
NUP98	TRUE	TRUE	retained
NUPR1	TRUE	TRUE	retained
NUS1	TRUE	TRUE	retained
NUS1P1	TRUE	TRUE	retained
NUTF2	TRUE	TRUE	retained
NUTM2A	TRUE	TRUE	retained
NUTM2B	TRUE	TRUE	retained
NUTM2D	TRUE	TRUE	retained
NUTM2E	TRUE	TRUE	retained
NUTM2F	TRUE	TRUE	retained
NUTM2G	TRUE	TRUE	retained
NUTM2HP	TRUE	TRUE	retained
NVL	TRUE	TRUE	retained
NXF1	TRUE	TRUE	retained
NXN	TRUE	TRUE	retained
NXPE3	TRUE	TRUE	retained
NXPH3	TRUE	TRUE	retained
NXPH4	TRUE	TRUE	retained
NXT1	TRUE	TRUE	retained
NXT2	TRUE	TRUE	retained
NYAP1	TRUE	TRUE	retained
NYNRIN	TRUE	TRUE	retained
OAF	TRUE	TRUE	retained
OARD1	TRUE	TRUE	retained
OAS1	TRUE	TRUE	retained
OAS2	TRUE	TRUE	retained
OAS3	TRUE	TRUE	retained
OASL	TRUE	TRUE	retained
OAT	TRUE	TRUE	retained
OAZ1	TRUE	TRUE	retained
OAZ1P1	TRUE	TRUE	retained
OAZ2	TRUE	TRUE	retained
OBI1	TRUE	TRUE	retained
OBSCN	TRUE	TRUE	retained
OBSL1	TRUE	TRUE	retained
OCA2	TRUE	TRUE	retained
OCEL1	TRUE	TRUE	retained
OCIAD1	TRUE	TRUE	retained
OCIAD2	TRUE	TRUE	retained
OCLN	TRUE	TRUE	retained
OCLNP1	TRUE	TRUE	retained
OCRL	TRUE	TRUE	retained
ODAD1	TRUE	TRUE	retained
ODAD3	TRUE	TRUE	retained
ODAD4	TRUE	TRUE	retained
ODAPH	TRUE	TRUE	retained
ODC1	TRUE	TRUE	retained
ODF2	TRUE	TRUE	retained
ODF2L	TRUE	TRUE	retained
ODF3B	TRUE	TRUE	retained
ODR4	TRUE	TRUE	retained
OFCC1	TRUE	TRUE	retained
OFD1	TRUE	TRUE	retained
OFD1P17	TRUE	TRUE	retained
OGA	TRUE	TRUE	retained
OGDH	TRUE	TRUE	retained
OGDHL	TRUE	TRUE	retained
OGFOD1	TRUE	TRUE	retained
OGFOD1P1	TRUE	TRUE	retained
OGFOD2	TRUE	TRUE	retained
OGFOD3	TRUE	TRUE	retained
OGFR	TRUE	TRUE	retained
OGFRL1	TRUE	TRUE	retained
OGG1	TRUE	TRUE	retained
OGN	TRUE	TRUE	retained
OGT	TRUE	TRUE	retained
OLA1	TRUE	TRUE	retained
OLA1P1	TRUE	TRUE	retained
OLAH	TRUE	TRUE	retained
OLFM1	TRUE	TRUE	retained
OLFM2	TRUE	TRUE	retained
OLFML1	TRUE	TRUE	retained
OLFML2A	TRUE	TRUE	retained
OLFML2B	TRUE	TRUE	retained
OLFML3	TRUE	TRUE	retained
OLR1	TRUE	TRUE	retained
OMA1	TRUE	TRUE	retained
OMD	TRUE	TRUE	retained
OMG	TRUE	TRUE	retained
OPA1	TRUE	TRUE	retained
OPA3	TRUE	TRUE	retained
OPHN1	TRUE	TRUE	retained
OPLAH	TRUE	TRUE	retained
OPN1SW	TRUE	TRUE	retained
OPN3	TRUE	TRUE	retained
OPTN	TRUE	TRUE	retained
OR10AB1P	TRUE	TRUE	retained
OR10AD1	TRUE	TRUE	retained
OR2A1	TRUE	TRUE	retained
OR2A4	TRUE	TRUE	retained
OR2A42	TRUE	TRUE	retained
OR2A7	TRUE	TRUE	retained
OR2A9P	TRUE	TRUE	retained
OR5E1P	TRUE	TRUE	retained
OR5P2	TRUE	TRUE	retained
OR5P3	TRUE	TRUE	retained
OR7C1	TRUE	TRUE	retained
OR7E126P	TRUE	TRUE	retained
OR8D1	TRUE	TRUE	retained
ORAI1	TRUE	TRUE	retained
ORAI2	TRUE	TRUE	retained
ORAI3	TRUE	TRUE	retained
ORC1	TRUE	TRUE	retained
ORC2	TRUE	TRUE	retained
ORC3	TRUE	TRUE	retained
ORC4	TRUE	TRUE	retained
ORC5	TRUE	TRUE	retained
ORC6	TRUE	TRUE	retained
ORMDL1	TRUE	TRUE	retained
ORMDL2	TRUE	TRUE	retained
ORMDL3	TRUE	TRUE	retained
OS9	TRUE	TRUE	retained
OSBP	TRUE	TRUE	retained
OSBP2	TRUE	TRUE	retained
OSBPL10	TRUE	TRUE	retained
OSBPL11	TRUE	TRUE	retained
OSBPL1A	TRUE	TRUE	retained
OSBPL2	TRUE	TRUE	retained
OSBPL3	TRUE	TRUE	retained
OSBPL5	TRUE	TRUE	retained
OSBPL6	TRUE	TRUE	retained
OSBPL7	TRUE	TRUE	retained
OSBPL8	TRUE	TRUE	retained
OSBPL9	TRUE	TRUE	retained
OSBPL9P2	TRUE	TRUE	retained
OSBPL9P3	TRUE	TRUE	retained
OSBPL9P4	TRUE	TRUE	retained
OSCP1	TRUE	TRUE	retained
OSER1	TRUE	TRUE	retained
OSGEP	TRUE	TRUE	retained
OSGEPL1	TRUE	TRUE	retained
OSGIN1	TRUE	TRUE	retained
OSGIN2	TRUE	TRUE	retained
OSMR	TRUE	TRUE	retained
OSR1	TRUE	TRUE	retained
OSR2	TRUE	TRUE	retained
OST4	TRUE	TRUE	retained
OSTC	TRUE	TRUE	retained
OSTCP1	TRUE	TRUE	retained
OSTCP2	TRUE	TRUE	retained
OSTCP3	TRUE	TRUE	retained
OSTCP5	TRUE	TRUE	retained
OSTF1	TRUE	TRUE	retained
OSTF1P1	TRUE	TRUE	retained
OSTM1	TRUE	TRUE	retained
OTOA	TRUE	TRUE	retained
OTOGL	TRUE	TRUE	retained
OTUB1	TRUE	TRUE	retained
OTUB2	TRUE	TRUE	retained
OTUD1	TRUE	TRUE	retained
OTUD3	TRUE	TRUE	retained
OTUD4	TRUE	TRUE	retained
OTUD4P1	TRUE	TRUE	retained
OTUD5	TRUE	TRUE	retained
OTUD6B	TRUE	TRUE	retained
OTUD7A	TRUE	TRUE	retained
OTUD7B	TRUE	TRUE	retained
OTULIN	TRUE	TRUE	retained
OTULINL	TRUE	TRUE	retained
OVCH2	TRUE	TRUE	retained
OVGP1	TRUE	TRUE	retained
OVOL1	TRUE	TRUE	retained
OXA1L	TRUE	TRUE	retained
OXCT1	TRUE	TRUE	retained
OXER1	TRUE	TRUE	retained
OXGR1	TRUE	TRUE	retained
OXLD1	TRUE	TRUE	retained
OXNAD1	TRUE	TRUE	retained
OXR1	TRUE	TRUE	retained
OXSM	TRUE	TRUE	retained
OXSR1	TRUE	TRUE	retained
P2RX1	TRUE	TRUE	retained
P2RX4	TRUE	TRUE	retained
P2RX6	TRUE	TRUE	retained
P2RX7	TRUE	TRUE	retained
P2RY1	TRUE	TRUE	retained
P2RY11	TRUE	TRUE	retained
P2RY12	TRUE	TRUE	retained
P2RY13	TRUE	TRUE	retained
P2RY14	TRUE	TRUE	retained
P2RY2	TRUE	TRUE	retained
P2RY6	TRUE	TRUE	retained
P3H1	TRUE	TRUE	retained
P3H2	TRUE	TRUE	retained
P3H3	TRUE	TRUE	retained
P3H4	TRUE	TRUE	retained
P4HA1	TRUE	TRUE	retained
P4HA2	TRUE	TRUE	retained
P4HB	TRUE	TRUE	retained
P4HTM	TRUE	TRUE	retained
PA2G4	TRUE	TRUE	retained
PA2G4P1	TRUE	TRUE	retained
PA2G4P2	TRUE	TRUE	retained
PA2G4P4	TRUE	TRUE	retained
PA2G4P5	TRUE	TRUE	retained
PA2G4P6	TRUE	TRUE	retained
PAAF1	TRUE	TRUE	retained
PABIR1	TRUE	TRUE	retained
PABIR2	TRUE	TRUE	retained
PABIR3	TRUE	TRUE	retained
PABPC1	TRUE	TRUE	retained
PABPC1L	TRUE	TRUE	retained
PABPC1P1	TRUE	TRUE	retained
PABPC1P10	TRUE	TRUE	retained
PABPC1P4	TRUE	TRUE	retained
PABPC3	TRUE	TRUE	retained
PABPC4	TRUE	TRUE	retained
PABPC4L	TRUE	TRUE	retained
PABPN1	TRUE	TRUE	retained
PABPN1P1	TRUE	TRUE	retained
PABPN1P2	TRUE	TRUE	retained
PACC1	TRUE	TRUE	retained
PACRGL	TRUE	TRUE	retained
PACS1	TRUE	TRUE	retained
PACS2	TRUE	TRUE	retained
PACSIN2	TRUE	TRUE	retained
PACSIN3	TRUE	TRUE	retained
PADI1	TRUE	TRUE	retained
PADI2	TRUE	TRUE	retained
PAEP	TRUE	TRUE	retained
PAF1	TRUE	TRUE	retained
PAFAH1B1	TRUE	TRUE	retained
PAFAH1B1P1	TRUE	TRUE	retained
PAFAH1B1P2	TRUE	TRUE	retained
PAFAH1B2	TRUE	TRUE	retained
PAFAH1B2P1	TRUE	TRUE	retained
PAFAH1B3	TRUE	TRUE	retained
PAFAH2	TRUE	TRUE	retained
PAG1	TRUE	TRUE	retained
PAGE4	TRUE	TRUE	retained
PAH	TRUE	TRUE	retained
PAICS	TRUE	TRUE	retained
PAICSP4	TRUE	TRUE	retained
PAIP1	TRUE	TRUE	retained
PAIP2	TRUE	TRUE	retained
PAIP2B	TRUE	TRUE	retained
PAK1	TRUE	TRUE	retained
PAK1IP1	TRUE	TRUE	retained
PAK2	TRUE	TRUE	retained
PAK3	TRUE	TRUE	retained
PAK4	TRUE	TRUE	retained
PAK6	TRUE	TRUE	retained
PALB2	TRUE	TRUE	retained
PALD1	TRUE	TRUE	retained
PALLD	TRUE	TRUE	retained
PALM	TRUE	TRUE	retained
PALM2AKAP2	TRUE	TRUE	retained
PALM3	TRUE	TRUE	retained
PALMD	TRUE	TRUE	retained
PAM	TRUE	TRUE	retained
PAMR1	TRUE	TRUE	retained
PAN2	TRUE	TRUE	retained
PAN3	TRUE	TRUE	retained
PANK1	TRUE	TRUE	retained
PANK2	TRUE	TRUE	retained
PANK3	TRUE	TRUE	retained
PANK4	TRUE	TRUE	retained
PANX1	TRUE	TRUE	retained
PAPLN	TRUE	TRUE	retained
PAPOLA	TRUE	TRUE	retained
PAPOLB	TRUE	TRUE	retained
PAPOLG	TRUE	TRUE	retained
PAPPA	TRUE	TRUE	retained
PAPPA2	TRUE	TRUE	retained
PAPSS1	TRUE	TRUE	retained
PAPSS2	TRUE	TRUE	retained
PAQR3	TRUE	TRUE	retained
PAQR4	TRUE	TRUE	retained
PAQR6	TRUE	TRUE	retained
PAQR7	TRUE	TRUE	retained
PAQR8	TRUE	TRUE	retained
PARD3	TRUE	TRUE	retained
PARD3B	TRUE	TRUE	retained
PARD6A	TRUE	TRUE	retained
PARD6B	TRUE	TRUE	retained
PARD6G	TRUE	TRUE	retained
PARG	TRUE	TRUE	retained
PARGP1	TRUE	TRUE	retained
PARK7	TRUE	TRUE	retained
PARK7P1	TRUE	TRUE	retained
PARK7P2	TRUE	TRUE	retained
PARL	TRUE	TRUE	retained
PARM1	TRUE	TRUE	retained
PARN	TRUE	TRUE	retained
PARP1	TRUE	TRUE	retained
PARP10	TRUE	TRUE	retained
PARP11	TRUE	TRUE	retained
PARP12	TRUE	TRUE	retained
PARP14	TRUE	TRUE	retained
PARP15	TRUE	TRUE	retained
PARP16	TRUE	TRUE	retained
PARP1P1	TRUE	TRUE	retained
PARP2	TRUE	TRUE	retained
PARP3	TRUE	TRUE	retained
PARP4	TRUE	TRUE	retained
PARP4P2	TRUE	TRUE	retained
PARP6	TRUE	TRUE	retained
PARP8	TRUE	TRUE	retained
PARP9	TRUE	TRUE	retained
PARPBP	TRUE	TRUE	retained
PARS2	TRUE	TRUE	retained
PARVA	TRUE	TRUE	retained
PARVB	TRUE	TRUE	retained
PARVG	TRUE	TRUE	retained
PASK	TRUE	TRUE	retained
PATJ	TRUE	TRUE	retained
PATL1	TRUE	TRUE	retained
PATL2	TRUE	TRUE	retained
PATZ1	TRUE	TRUE	retained
PAWR	TRUE	TRUE	retained
PAX8	TRUE	TRUE	retained
PAX8-AS1	TRUE	TRUE	retained
PAXBP1	TRUE	TRUE	retained
PAXIP1	TRUE	TRUE	retained
PAXIP1-AS2	TRUE	TRUE	retained
PAXX	TRUE	TRUE	retained
PBDC1	TRUE	TRUE	retained
PBK	TRUE	TRUE	retained
PBLD	TRUE	TRUE	retained
PBRM1	TRUE	TRUE	retained
PBX1	TRUE	TRUE	retained
PBX2	TRUE	TRUE	retained
PBX2P1	TRUE	TRUE	retained
PBX3	TRUE	TRUE	retained
PBX4	TRUE	TRUE	retained
PBXIP1	TRUE	TRUE	retained
PC	TRUE	TRUE	retained
PCBD1	TRUE	TRUE	retained
PCBD2	TRUE	TRUE	retained
PCBP1	TRUE	TRUE	retained
PCBP1-AS1	TRUE	TRUE	retained
PCBP2	TRUE	TRUE	retained
PCBP2P1	TRUE	TRUE	retained
PCBP2P2	TRUE	TRUE	retained
PCBP3	TRUE	TRUE	retained
PCBP4	TRUE	TRUE	retained
PCCA	TRUE	TRUE	retained
PCCB	TRUE	TRUE	retained
PCDH1	TRUE	TRUE	retained
PCDH10	TRUE	TRUE	retained
PCDH11X	TRUE	TRUE	retained
PCDH11Y	TRUE	TRUE	retained
PCDH12	TRUE	TRUE	retained
PCDH17	TRUE	TRUE	retained
PCDH18	TRUE	TRUE	retained
PCDH19	TRUE	TRUE	retained
PCDH7	TRUE	TRUE	retained
PCDH9	TRUE	TRUE	retained
PCDHAC2	TRUE	TRUE	retained
PCDHB10	TRUE	TRUE	retained
PCDHB11	TRUE	TRUE	retained
PCDHB13	TRUE	TRUE	retained
PCDHB14	TRUE	TRUE	retained
PCDHB15	TRUE	TRUE	retained
PCDHB8	TRUE	TRUE	retained
PCDHGA1	TRUE	TRUE	retained
PCDHGA10	TRUE	TRUE	retained
PCDHGA11	TRUE	TRUE	retained
PCDHGA12	TRUE	TRUE	retained
PCDHGA2	TRUE	TRUE	retained
PCDHGA3	TRUE	TRUE	retained
PCDHGA4	TRUE	TRUE	retained
PCDHGA5	TRUE	TRUE	retained
PCDHGA6	TRUE	TRUE	retained
PCDHGA7	TRUE	TRUE	retained
PCDHGA8	TRUE	TRUE	retained
PCDHGA9	TRUE	TRUE	retained
PCDHGB1	TRUE	TRUE	retained
PCDHGB2	TRUE	TRUE	retained
PCDHGB3	TRUE	TRUE	retained
PCDHGB4	TRUE	TRUE	retained
PCDHGB5	TRUE	TRUE	retained
PCDHGB6	TRUE	TRUE	retained
PCDHGB7	TRUE	TRUE	retained
PCDHGB8P	TRUE	TRUE	retained
PCDHGC3	TRUE	TRUE	retained
PCDHGC4	TRUE	TRUE	retained
PCDHGC5	TRUE	TRUE	retained
PCED1A	TRUE	TRUE	retained
PCED1B	TRUE	TRUE	retained
PCF11	TRUE	TRUE	retained
PCGF1	TRUE	TRUE	retained
PCGF2	TRUE	TRUE	retained
PCGF3	TRUE	TRUE	retained
PCGF5	TRUE	TRUE	retained
PCGF6	TRUE	TRUE	retained
PCGF7P	TRUE	TRUE	retained
PCID2	TRUE	TRUE	retained
PCIF1	TRUE	TRUE	retained
PCK2	TRUE	TRUE	retained
PCLO	TRUE	TRUE	retained
PCM1	TRUE	TRUE	retained
PCMT1	TRUE	TRUE	retained
PCMTD1	TRUE	TRUE	retained
PCMTD1P3	TRUE	TRUE	retained
PCMTD2	TRUE	TRUE	retained
PCNA	TRUE	TRUE	retained
PCNAP3	TRUE	TRUE	retained
PCNP	TRUE	TRUE	retained
PCNPP1	TRUE	TRUE	retained
PCNPP3	TRUE	TRUE	retained
PCNPP5	TRUE	TRUE	retained
PCNT	TRUE	TRUE	retained
PCNX1	TRUE	TRUE	retained
PCNX2	TRUE	TRUE	retained
PCNX3	TRUE	TRUE	retained
PCNX4	TRUE	TRUE	retained
PCOLCE	TRUE	TRUE	retained
PCOLCE2	TRUE	TRUE	retained
PCSK1	TRUE	TRUE	retained
PCSK4	TRUE	TRUE	retained
PCSK5	TRUE	TRUE	retained
PCSK6	TRUE	TRUE	retained
PCSK7	TRUE	TRUE	retained
PCTP	TRUE	TRUE	retained
PCYOX1	TRUE	TRUE	retained
PCYOX1L	TRUE	TRUE	retained
PCYT1A	TRUE	TRUE	retained
PCYT2	TRUE	TRUE	retained
PDAP1	TRUE	TRUE	retained
PDCD10	TRUE	TRUE	retained
PDCD11	TRUE	TRUE	retained
PDCD1LG2	TRUE	TRUE	retained
PDCD2	TRUE	TRUE	retained
PDCD2L	TRUE	TRUE	retained
PDCD4	TRUE	TRUE	retained
PDCD5	TRUE	TRUE	retained
PDCD5P1	TRUE	TRUE	retained
PDCD5P2	TRUE	TRUE	retained
PDCD6	TRUE	TRUE	retained
PDCD6IP	TRUE	TRUE	retained
PDCD6IPP1	TRUE	TRUE	retained
PDCD6IPP2	TRUE	TRUE	retained
PDCD7	TRUE	TRUE	retained
PDCL	TRUE	TRUE	retained
PDCL3	TRUE	TRUE	retained
PDCL3P4	TRUE	TRUE	retained
PDCL3P5	TRUE	TRUE	retained
PDE10A	TRUE	TRUE	retained
PDE12	TRUE	TRUE	retained
PDE1A	TRUE	TRUE	retained
PDE1B	TRUE	TRUE	retained
PDE1C	TRUE	TRUE	retained
PDE2A	TRUE	TRUE	retained
PDE3A	TRUE	TRUE	retained
PDE3B	TRUE	TRUE	retained
PDE4A	TRUE	TRUE	retained
PDE4B	TRUE	TRUE	retained
PDE4D	TRUE	TRUE	retained
PDE4DIP	TRUE	TRUE	retained
PDE4DIPP1	TRUE	TRUE	retained
PDE4DIPP2	TRUE	TRUE	retained
PDE4DIPP5	TRUE	TRUE	retained
PDE5A	TRUE	TRUE	retained
PDE6B	TRUE	TRUE	retained
PDE6D	TRUE	TRUE	retained
PDE6G	TRUE	TRUE	retained
PDE7A	TRUE	TRUE	retained
PDE7B	TRUE	TRUE	retained
PDE8A	TRUE	TRUE	retained
PDE9A	TRUE	TRUE	retained
PDF	TRUE	TRUE	retained
PDGFA	TRUE	TRUE	retained
PDGFB	TRUE	TRUE	retained
PDGFC	TRUE	TRUE	retained
PDGFRA	TRUE	TRUE	retained
PDGFRB	TRUE	TRUE	retained
PDGFRL	TRUE	TRUE	retained
PDHA1	TRUE	TRUE	retained
PDHB	TRUE	TRUE	retained
PDHX	TRUE	TRUE	retained
PDIA2	TRUE	TRUE	retained
PDIA3	TRUE	TRUE	retained
PDIA3P1	TRUE	TRUE	retained
PDIA4	TRUE	TRUE	retained
PDIA5	TRUE	TRUE	retained
PDIA6	TRUE	TRUE	retained
PDIK1L	TRUE	TRUE	retained
PDK1	TRUE	TRUE	retained
PDK2	TRUE	TRUE	retained
PDK3	TRUE	TRUE	retained
PDK4	TRUE	TRUE	retained
PDLIM1	TRUE	TRUE	retained
PDLIM1P1	TRUE	TRUE	retained
PDLIM2	TRUE	TRUE	retained
PDLIM3	TRUE	TRUE	retained
PDLIM4	TRUE	TRUE	retained
PDLIM5	TRUE	TRUE	retained
PDLIM7	TRUE	TRUE	retained
PDP1	TRUE	TRUE	retained
PDP2	TRUE	TRUE	retained
PDPK1	TRUE	TRUE	retained
PDPK2P	TRUE	TRUE	retained
PDPN	TRUE	TRUE	retained
PDPR	TRUE	TRUE	retained
PDPR2P	TRUE	TRUE	retained
PDRG1	TRUE	TRUE	retained
PDS5A	TRUE	TRUE	retained
PDS5B	TRUE	TRUE	retained
PDSS1	TRUE	TRUE	retained
PDSS1P1	TRUE	TRUE	retained
PDSS2	TRUE	TRUE	retained
PDXDC1	TRUE	TRUE	retained
PDXK	TRUE	TRUE	retained
PDZD11	TRUE	TRUE	retained
PDZD2	TRUE	TRUE	retained
PDZD4	TRUE	TRUE	retained
PDZD7	TRUE	TRUE	retained
PDZD8	TRUE	TRUE	retained
PDZK1	TRUE	TRUE	retained
PDZK1P1	TRUE	TRUE	retained
PDZRN3	TRUE	TRUE	retained
PDZRN4	TRUE	TRUE	retained
PEA15	TRUE	TRUE	retained
PEAK1	TRUE	TRUE	retained
PEAR1	TRUE	TRUE	retained
PEBP1	TRUE	TRUE	retained
PEBP1P1	TRUE	TRUE	retained
PEBP1P2	TRUE	TRUE	retained
PECAM1	TRUE	TRUE	retained
PECR	TRUE	TRUE	retained
PEDS1	TRUE	TRUE	retained
PEF1	TRUE	TRUE	retained
PEG10	TRUE	TRUE	retained
PEG3	TRUE	TRUE	retained
PELI1	TRUE	TRUE	retained
PELI2	TRUE	TRUE	retained
PELI3	TRUE	TRUE	retained
PELO	TRUE	TRUE	retained
PELP1	TRUE	TRUE	retained
PEMT	TRUE	TRUE	retained
PEPD	TRUE	TRUE	retained
PER1	TRUE	TRUE	retained
PER2	TRUE	TRUE	retained
PER3	TRUE	TRUE	retained
PERP	TRUE	TRUE	retained
PES1	TRUE	TRUE	retained
PES1P2	TRUE	TRUE	retained
PET100	TRUE	TRUE	retained
PEX1	TRUE	TRUE	retained
PEX10	TRUE	TRUE	retained
PEX11A	TRUE	TRUE	retained
PEX11B	TRUE	TRUE	retained
PEX11G	TRUE	TRUE	retained
PEX12	TRUE	TRUE	retained
PEX13	TRUE	TRUE	retained
PEX14	TRUE	TRUE	retained
PEX16	TRUE	TRUE	retained
PEX19	TRUE	TRUE	retained
PEX2	TRUE	TRUE	retained
PEX26	TRUE	TRUE	retained
PEX3	TRUE	TRUE	retained
PEX5	TRUE	TRUE	retained
PEX6	TRUE	TRUE	retained
PEX7	TRUE	TRUE	retained
PF4	TRUE	TRUE	retained
PFAS	TRUE	TRUE	retained
PFDN1	TRUE	TRUE	retained
PFDN2	TRUE	TRUE	retained
PFDN4	TRUE	TRUE	retained
PFDN5	TRUE	TRUE	retained
PFDN6	TRUE	TRUE	retained
PFKFB1	TRUE	TRUE	retained
PFKFB2	TRUE	TRUE	retained
PFKFB3	TRUE	TRUE	retained
PFKFB4	TRUE	TRUE	retained
PFKL	TRUE	TRUE	retained
PFKM	TRUE	TRUE	retained
PFKP	TRUE	TRUE	retained
PFN1	TRUE	TRUE	retained
PFN1P1	TRUE	TRUE	retained
PFN1P9	TRUE	TRUE	retained
PFN2	TRUE	TRUE	retained
PGA3	TRUE	TRUE	retained
PGA4	TRUE	TRUE	retained
PGA5	TRUE	TRUE	retained
PGAM1	TRUE	TRUE	retained
PGAM4	TRUE	TRUE	retained
PGAM5	TRUE	TRUE	retained
PGAP1	TRUE	TRUE	retained
PGAP2	TRUE	TRUE	retained
PGAP3	TRUE	TRUE	retained
PGAP6	TRUE	TRUE	retained
PGBD1	TRUE	TRUE	retained
PGBD2	TRUE	TRUE	retained
PGBD4	TRUE	TRUE	retained
PGBD5	TRUE	TRUE	retained
PGD	TRUE	TRUE	retained
PGDP1	TRUE	TRUE	retained
PGF	TRUE	TRUE	retained
PGGHG	TRUE	TRUE	retained
PGGT1B	TRUE	TRUE	retained
PGGT1BP1	TRUE	TRUE	retained
PGGT1BP2	TRUE	TRUE	retained
PGK1	TRUE	TRUE	retained
PGK1P1	TRUE	TRUE	retained
PGK1P2	TRUE	TRUE	retained
PGLS	TRUE	TRUE	retained
PGM1	TRUE	TRUE	retained
PGM2	TRUE	TRUE	retained
PGM2L1	TRUE	TRUE	retained
PGM3	TRUE	TRUE	retained
PGM5	TRUE	TRUE	retained
PGM5P2	TRUE	TRUE	retained
PGP	TRUE	TRUE	retained
PGPEP1	TRUE	TRUE	retained
PGR	TRUE	TRUE	retained
PGRMC1	TRUE	TRUE	retained
PGRMC2	TRUE	TRUE	retained
PGS1	TRUE	TRUE	retained
PHACTR1	TRUE	TRUE	retained
PHACTR2	TRUE	TRUE	retained
PHACTR3	TRUE	TRUE	retained
PHACTR4	TRUE	TRUE	retained
PHAX	TRUE	TRUE	retained
PHB	TRUE	TRUE	retained
PHB2	TRUE	TRUE	retained
PHB2P1	TRUE	TRUE	retained
PHBP1	TRUE	TRUE	retained
PHBP10	TRUE	TRUE	retained
PHBP11	TRUE	TRUE	retained
PHBP18	TRUE	TRUE	retained
PHBP19	TRUE	TRUE	retained
PHBP20	TRUE	TRUE	retained
PHBP21	TRUE	TRUE	retained
PHBP3	TRUE	TRUE	retained
PHBP7	TRUE	TRUE	retained
PHBP8	TRUE	TRUE	retained
PHC1	TRUE	TRUE	retained
PHC1P1	TRUE	TRUE	retained
PHC2	TRUE	TRUE	retained
PHC3	TRUE	TRUE	retained
PHETA1	TRUE	TRUE	retained
PHETA2	TRUE	TRUE	retained
PHF1	TRUE	TRUE	retained
PHF10	TRUE	TRUE	retained
PHF10P1	TRUE	TRUE	retained
PHF11	TRUE	TRUE	retained
PHF12	TRUE	TRUE	retained
PHF13	TRUE	TRUE	retained
PHF14	TRUE	TRUE	retained
PHF19	TRUE	TRUE	retained
PHF2	TRUE	TRUE	retained
PHF20	TRUE	TRUE	retained
PHF20L1	TRUE	TRUE	retained
PHF21A	TRUE	TRUE	retained
PHF23	TRUE	TRUE	retained
PHF3	TRUE	TRUE	retained
PHF5A	TRUE	TRUE	retained
PHF5CP	TRUE	TRUE	retained
PHF6	TRUE	TRUE	retained
PHF7	TRUE	TRUE	retained
PHF8	TRUE	TRUE	retained
PHGDH	TRUE	TRUE	retained
PHIP	TRUE	TRUE	retained
PHKA1	TRUE	TRUE	retained
PHKA1P1	TRUE	TRUE	retained
PHKA2	TRUE	TRUE	retained
PHKB	TRUE	TRUE	retained
PHKG1	TRUE	TRUE	retained
PHKG2	TRUE	TRUE	retained
PHLDA1	TRUE	TRUE	retained
PHLDA2	TRUE	TRUE	retained
PHLDA3	TRUE	TRUE	retained
PHLDB1	TRUE	TRUE	retained
PHLDB2	TRUE	TRUE	retained
PHLDB3	TRUE	TRUE	retained
PHLPP1	TRUE	TRUE	retained
PHLPP2	TRUE	TRUE	retained
PHOSPHO1	TRUE	TRUE	retained
PHOSPHO2	TRUE	TRUE	retained
PHPT1	TRUE	TRUE	retained
PHRF1	TRUE	TRUE	retained
PHTF1	TRUE	TRUE	retained
PHTF2	TRUE	TRUE	retained
PHYH	TRUE	TRUE	retained
PHYHD1	TRUE	TRUE	retained
PHYHIPL	TRUE	TRUE	retained
PHYKPL	TRUE	TRUE	retained
PI15	TRUE	TRUE	retained
PI4K2A	TRUE	TRUE	retained
PI4K2B	TRUE	TRUE	retained
PI4KA	TRUE	TRUE	retained
PI4KAP1	TRUE	TRUE	retained
PI4KAP2	TRUE	TRUE	retained
PI4KB	TRUE	TRUE	retained
PIAS1	TRUE	TRUE	retained
PIAS2	TRUE	TRUE	retained
PIAS3	TRUE	TRUE	retained
PIAS4	TRUE	TRUE	retained
PIBF1	TRUE	TRUE	retained
PICALM	TRUE	TRUE	retained
PICK1	TRUE	TRUE	retained
PID1	TRUE	TRUE	retained
PIDD1	TRUE	TRUE	retained
PIEZO1	TRUE	TRUE	retained
PIEZO2	TRUE	TRUE	retained
PIF1	TRUE	TRUE	retained
PIFO	TRUE	TRUE	retained
PIGA	TRUE	TRUE	retained
PIGB	TRUE	TRUE	retained
PIGC	TRUE	TRUE	retained
PIGF	TRUE	TRUE	retained
PIGFP1	TRUE	TRUE	retained
PIGG	TRUE	TRUE	retained
PIGH	TRUE	TRUE	retained
PIGHP1	TRUE	TRUE	retained
PIGK	TRUE	TRUE	retained
PIGL	TRUE	TRUE	retained
PIGM	TRUE	TRUE	retained
PIGN	TRUE	TRUE	retained
PIGO	TRUE	TRUE	retained
PIGP	TRUE	TRUE	retained
PIGQ	TRUE	TRUE	retained
PIGS	TRUE	TRUE	retained
PIGT	TRUE	TRUE	retained
PIGU	TRUE	TRUE	retained
PIGUP1	TRUE	TRUE	retained
PIGV	TRUE	TRUE	retained
PIGW	TRUE	TRUE	retained
PIGX	TRUE	TRUE	retained
PIGZ	TRUE	TRUE	retained
PIH1D1	TRUE	TRUE	retained
PIK3AP1	TRUE	TRUE	retained
PIK3C2A	TRUE	TRUE	retained
PIK3C2B	TRUE	TRUE	retained
PIK3C2G	TRUE	TRUE	retained
PIK3C3	TRUE	TRUE	retained
PIK3CA	TRUE	TRUE	retained
PIK3CB	TRUE	TRUE	retained
PIK3CD	TRUE	TRUE	retained
PIK3CG	TRUE	TRUE	retained
PIK3IP1	TRUE	TRUE	retained
PIK3R1	TRUE	TRUE	retained
PIK3R2	TRUE	TRUE	retained
PIK3R3	TRUE	TRUE	retained
PIK3R4	TRUE	TRUE	retained
PIK3R5	TRUE	TRUE	retained
PIK3R6	TRUE	TRUE	retained
PIKFYVE	TRUE	TRUE	retained
PILRA	TRUE	TRUE	retained
PILRB	TRUE	TRUE	retained
PIM1	TRUE	TRUE	retained
PIM2	TRUE	TRUE	retained
PIM3	TRUE	TRUE	retained
PIMREG	TRUE	TRUE	retained
PIN1	TRUE	TRUE	retained
PIN1P1	TRUE	TRUE	retained
PIN4	TRUE	TRUE	retained
PIN4P1	TRUE	TRUE	retained
PINK1	TRUE	TRUE	retained
PINK1-AS	TRUE	TRUE	retained
PINLYP	TRUE	TRUE	retained
PINX1	TRUE	TRUE	retained
PIP4K2A	TRUE	TRUE	retained
PIP4K2B	TRUE	TRUE	retained
PIP4K2C	TRUE	TRUE	retained
PIP4P1	TRUE	TRUE	retained
PIP4P2	TRUE	TRUE	retained
PIP5K1A	TRUE	TRUE	retained
PIP5K1B	TRUE	TRUE	retained
PIP5K1C	TRUE	TRUE	retained
PIP5K1P1	TRUE	TRUE	retained
PIP5K1P2	TRUE	TRUE	retained
PIP5KL1	TRUE	TRUE	retained
PIPOX	TRUE	TRUE	retained
PIPSL	TRUE	TRUE	retained
PIR	TRUE	TRUE	retained
PISD	TRUE	TRUE	retained
PITHD1	TRUE	TRUE	retained
PITPNA	TRUE	TRUE	retained
PITPNB	TRUE	TRUE	retained
PITPNC1	TRUE	TRUE	retained
PITPNM1	TRUE	TRUE	retained
PITPNM2	TRUE	TRUE	retained
PITPNM3	TRUE	TRUE	retained
PITRM1	TRUE	TRUE	retained
PITX1	TRUE	TRUE	retained
PITX2	TRUE	TRUE	retained
PIWIL2	TRUE	TRUE	retained
PIWIL4	TRUE	TRUE	retained
PJA1	TRUE	TRUE	retained
PJA2	TRUE	TRUE	retained
PJVK	TRUE	TRUE	retained
PKD1	TRUE	TRUE	retained
PKD1L1	TRUE	TRUE	retained
PKD1L2	TRUE	TRUE	retained
PKD1L3	TRUE	TRUE	retained
PKD1P1	TRUE	TRUE	retained
PKD1P2	TRUE	TRUE	retained
PKD1P3	TRUE	TRUE	retained
PKD1P4	TRUE	TRUE	retained
PKD1P5	TRUE	TRUE	retained
PKD1P6	TRUE	TRUE	retained
PKD2	TRUE	TRUE	retained
PKDCC	TRUE	TRUE	retained
PKDREJ	TRUE	TRUE	retained
PKHD1	TRUE	TRUE	retained
PKHD1L1	TRUE	TRUE	retained
PKIB	TRUE	TRUE	retained
PKIG	TRUE	TRUE	retained
PKM	TRUE	TRUE	retained
PKMP1	TRUE	TRUE	retained
PKMP2	TRUE	TRUE	retained
PKMP4	TRUE	TRUE	retained
PKMP5	TRUE	TRUE	retained
PKMYT1	TRUE	TRUE	retained
PKN1	TRUE	TRUE	retained
PKN2	TRUE	TRUE	retained
PKN3	TRUE	TRUE	retained
PKNOX1	TRUE	TRUE	retained
PKNOX2	TRUE	TRUE	retained
PKP1	TRUE	TRUE	retained
PKP2	TRUE	TRUE	retained
PKP3	TRUE	TRUE	retained
PKP4	TRUE	TRUE	retained
PKP4P1	TRUE	TRUE	retained
PLA1A	TRUE	TRUE	retained
PLA2G12A	TRUE	TRUE	retained
PLA2G12AP1	TRUE	TRUE	retained
PLA2G15	TRUE	TRUE	retained
PLA2G2A	TRUE	TRUE	retained
PLA2G4A	TRUE	TRUE	retained
PLA2G4C	TRUE	TRUE	retained
PLA2G4F	TRUE	TRUE	retained
PLA2G5	TRUE	TRUE	retained
PLA2G6	TRUE	TRUE	retained
PLA2G7	TRUE	TRUE	retained
PLA2R1	TRUE	TRUE	retained
PLAA	TRUE	TRUE	retained
PLAAT3	TRUE	TRUE	retained
PLAAT4	TRUE	TRUE	retained
PLAC1	TRUE	TRUE	retained
PLAC4	TRUE	TRUE	retained
PLAC8	TRUE	TRUE	retained
PLAC9	TRUE	TRUE	retained
PLAG1	TRUE	TRUE	retained
PLAGL1	TRUE	TRUE	retained
PLAGL2	TRUE	TRUE	retained
PLAT	TRUE	TRUE	retained
PLAU	TRUE	TRUE	retained
PLAUR	TRUE	TRUE	retained
PLB1	TRUE	TRUE	retained
PLBD1	TRUE	TRUE	retained
PLBD2	TRUE	TRUE	retained
PLCB1	TRUE	TRUE	retained
PLCB2	TRUE	TRUE	retained
PLCB3	TRUE	TRUE	retained
PLCB4	TRUE	TRUE	retained
PLCD1	TRUE	TRUE	retained
PLCD3	TRUE	TRUE	retained
PLCD4	TRUE	TRUE	retained
PLCE1	TRUE	TRUE	retained
PLCG1	TRUE	TRUE	retained
PLCG1-AS1	TRUE	TRUE	retained
PLCG2	TRUE	TRUE	retained
PLCH1	TRUE	TRUE	retained
PLCH2	TRUE	TRUE	retained
PLCL1	TRUE	TRUE	retained
PLCL2	TRUE	TRUE	retained
PLCXD1	TRUE	TRUE	retained
PLCXD2	TRUE	TRUE	retained
PLD1	TRUE	TRUE	retained
PLD2	TRUE	TRUE	retained
PLD3	TRUE	TRUE	retained
PLD4	TRUE	TRUE	retained
PLEC	TRUE	TRUE	retained
PLEK	TRUE	TRUE	retained
PLEK2	TRUE	TRUE	retained
PLEKHA1	TRUE	TRUE	retained
PLEKHA2	TRUE	TRUE	retained
PLEKHA3	TRUE	TRUE	retained
PLEKHA3P1	TRUE	TRUE	retained
PLEKHA4	TRUE	TRUE	retained
PLEKHA5	TRUE	TRUE	retained
PLEKHA6	TRUE	TRUE	retained
PLEKHA7	TRUE	TRUE	retained
PLEKHA8	TRUE	TRUE	retained
PLEKHA8P1	TRUE	TRUE	retained
PLEKHB1	TRUE	TRUE	retained
PLEKHB2	TRUE	TRUE	retained
PLEKHF1	TRUE	TRUE	retained
PLEKHF2	TRUE	TRUE	retained
PLEKHG1	TRUE	TRUE	retained
PLEKHG2	TRUE	TRUE	retained
PLEKHG3	TRUE	TRUE	retained
PLEKHG4	TRUE	TRUE	retained
PLEKHG4B	TRUE	TRUE	retained
PLEKHG5	TRUE	TRUE	retained
PLEKHG6	TRUE	TRUE	retained
PLEKHH1	TRUE	TRUE	retained
PLEKHH2	TRUE	TRUE	retained
PLEKHH3	TRUE	TRUE	retained
PLEKHJ1	TRUE	TRUE	retained
PLEKHM1	TRUE	TRUE	retained
PLEKHM1P1	TRUE	TRUE	retained
PLEKHM2	TRUE	TRUE	retained
PLEKHM3	TRUE	TRUE	retained
PLEKHN1	TRUE	TRUE	retained
PLEKHO1	TRUE	TRUE	retained
PLEKHO2	TRUE	TRUE	retained
PLG	TRUE	TRUE	retained
PLGLB1	TRUE	TRUE	retained
PLGRKT	TRUE	TRUE	retained
PLIN2	TRUE	TRUE	retained
PLIN3	TRUE	TRUE	retained
PLIN4	TRUE	TRUE	retained
PLK1	TRUE	TRUE	retained
PLK2	TRUE	TRUE	retained
PLK3	TRUE	TRUE	retained
PLK4	TRUE	TRUE	retained
PLN	TRUE	TRUE	retained
PLOD1	TRUE	TRUE	retained
PLOD2	TRUE	TRUE	retained
PLOD3	TRUE	TRUE	retained
PLP2	TRUE	TRUE	retained
PLPBP	TRUE	TRUE	retained
PLPP1	TRUE	TRUE	retained
PLPP2	TRUE	TRUE	retained
PLPP3	TRUE	TRUE	retained
PLPP5	TRUE	TRUE	retained
PLPP6	TRUE	TRUE	retained
PLPPR2	TRUE	TRUE	retained
PLPPR3	TRUE	TRUE	retained
PLRG1	TRUE	TRUE	retained
PLS1	TRUE	TRUE	retained
PLS3	TRUE	TRUE	retained
PLSCR1	TRUE	TRUE	retained
PLSCR4	TRUE	TRUE	retained
PLTP	TRUE	TRUE	retained
PLVAP	TRUE	TRUE	retained
PLXDC1	TRUE	TRUE	retained
PLXDC2	TRUE	TRUE	retained
PLXNA1	TRUE	TRUE	retained
PLXNA2	TRUE	TRUE	retained
PLXNA3	TRUE	TRUE	retained
PLXNA4	TRUE	TRUE	retained
PLXNB1	TRUE	TRUE	retained
PLXNB2	TRUE	TRUE	retained
PLXNB3	TRUE	TRUE	retained
PLXNC1	TRUE	TRUE	retained
PLXND1	TRUE	TRUE	retained
PM20D2	TRUE	TRUE	retained
PMAIP1	TRUE	TRUE	retained
PMEL	TRUE	TRUE	retained
PMEPA1	TRUE	TRUE	retained
PMF1	TRUE	TRUE	retained
PMFBP1	TRUE	TRUE	retained
PML	TRUE	TRUE	retained
PMM1	TRUE	TRUE	retained
PMM2	TRUE	TRUE	retained
PMM2P1	TRUE	TRUE	retained
PMM2P2	TRUE	TRUE	retained
PMP22	TRUE	TRUE	retained
PMPCA	TRUE	TRUE	retained
PMPCAP1	TRUE	TRUE	retained
PMPCB	TRUE	TRUE	retained
PMS1	TRUE	TRUE	retained
PMS2	TRUE	TRUE	retained
PMS2CL	TRUE	TRUE	retained
PMS2P1	TRUE	TRUE	retained
PMS2P10	TRUE	TRUE	retained
PMS2P2	TRUE	TRUE	retained
PMS2P3	TRUE	TRUE	retained
PMS2P4	TRUE	TRUE	retained
PMS2P5	TRUE	TRUE	retained
PMS2P6	TRUE	TRUE	retained
PMS2P7	TRUE	TRUE	retained
PMS2P8	TRUE	TRUE	retained
PMVK	TRUE	TRUE	retained
PNCK	TRUE	TRUE	retained
PNISR	TRUE	TRUE	retained
PNKD	TRUE	TRUE	retained
PNKDP1	TRUE	TRUE	retained
PNKP	TRUE	TRUE	retained
PNMA1	TRUE	TRUE	retained
PNMA6A	TRUE	TRUE	retained
PNMA6B	TRUE	TRUE	retained
PNMA8A	TRUE	TRUE	retained
PNMA8B	TRUE	TRUE	retained
PNN	TRUE	TRUE	retained
PNO1	TRUE	TRUE	retained
PNP	TRUE	TRUE	retained
PNPLA2	TRUE	TRUE	retained
PNPLA3	TRUE	TRUE	retained
PNPLA4	TRUE	TRUE	retained
PNPLA6	TRUE	TRUE	retained
PNPLA7	TRUE	TRUE	retained
PNPLA8	TRUE	TRUE	retained
PNPO	TRUE	TRUE	retained
PNPT1	TRUE	TRUE	retained
PNPT1P1	TRUE	TRUE	retained
PNRC1	TRUE	TRUE	retained
PNRC2	TRUE	TRUE	retained
PNRC2P1	TRUE	TRUE	retained
POC1A	TRUE	TRUE	retained
POC1B	TRUE	TRUE	retained
POC5	TRUE	TRUE	retained
PODN	TRUE	TRUE	retained
PODNL1	TRUE	TRUE	retained
PODXL	TRUE	TRUE	retained
PODXL2	TRUE	TRUE	retained
POF1B	TRUE	TRUE	retained
POFUT1	TRUE	TRUE	retained
POFUT2	TRUE	TRUE	retained
POGK	TRUE	TRUE	retained
POGLUT1	TRUE	TRUE	retained
POGLUT2	TRUE	TRUE	retained
POGLUT3	TRUE	TRUE	retained
POGZ	TRUE	TRUE	retained
POLA1	TRUE	TRUE	retained
POLA2	TRUE	TRUE	retained
POLB	TRUE	TRUE	retained
POLD1	TRUE	TRUE	retained
POLD2	TRUE	TRUE	retained
POLD2P1	TRUE	TRUE	retained
POLD3	TRUE	TRUE	retained
POLD4	TRUE	TRUE	retained
POLDIP2	TRUE	TRUE	retained
POLDIP3	TRUE	TRUE	retained
POLE	TRUE	TRUE	retained
POLE2	TRUE	TRUE	retained
POLE3	TRUE	TRUE	retained
POLE4	TRUE	TRUE	retained
POLG	TRUE	TRUE	retained
POLG2	TRUE	TRUE	retained
POLH	TRUE	TRUE	retained
POLHP1	TRUE	TRUE	retained
POLI	TRUE	TRUE	retained
POLK	TRUE	TRUE	retained
POLL	TRUE	TRUE	retained
POLM	TRUE	TRUE	retained
POLQ	TRUE	TRUE	retained
POLR1A	TRUE	TRUE	retained
POLR1B	TRUE	TRUE	retained
POLR1C	TRUE	TRUE	retained
POLR1D	TRUE	TRUE	retained
POLR1E	TRUE	TRUE	retained
POLR1F	TRUE	TRUE	retained
POLR1H	TRUE	TRUE	retained
POLR2A	TRUE	TRUE	retained
POLR2B	TRUE	TRUE	retained
POLR2C	TRUE	TRUE	retained
POLR2CP1	TRUE	TRUE	retained
POLR2D	TRUE	TRUE	retained
POLR2DP1	TRUE	TRUE	retained
POLR2E	TRUE	TRUE	retained
POLR2F	TRUE	TRUE	retained
POLR2G	TRUE	TRUE	retained
POLR2H	TRUE	TRUE	retained
POLR2I	TRUE	TRUE	retained
POLR2J	TRUE	TRUE	retained
POLR2J2	TRUE	TRUE	retained
POLR2J3	TRUE	TRUE	retained
POLR2K	TRUE	TRUE	retained
POLR2L	TRUE	TRUE	retained
POLR2M	TRUE	TRUE	retained
POLR3A	TRUE	TRUE	retained
POLR3B	TRUE	TRUE	retained
POLR3C	TRUE	TRUE	retained
POLR3D	TRUE	TRUE	retained
POLR3DP1	TRUE	TRUE	retained
POLR3E	TRUE	TRUE	retained
POLR3F	TRUE	TRUE	retained
POLR3GL	TRUE	TRUE	retained
POLR3H	TRUE	TRUE	retained
POLR3K	TRUE	TRUE	retained
POLRMT	TRUE	TRUE	retained
POLRMTP1	TRUE	TRUE	retained
POM121	TRUE	TRUE	retained
POM121B	TRUE	TRUE	retained
POM121C	TRUE	TRUE	retained
POM121L14P	TRUE	TRUE	retained
POM121L6P	TRUE	TRUE	retained
POMC	TRUE	TRUE	retained
POMGNT1	TRUE	TRUE	retained
POMGNT2	TRUE	TRUE	retained
POMK	TRUE	TRUE	retained
POMP	TRUE	TRUE	retained
POMT1	TRUE	TRUE	retained
POMT2	TRUE	TRUE	retained
POMZP3	TRUE	TRUE	retained
PON2	TRUE	TRUE	retained
PON3	TRUE	TRUE	retained
POP1	TRUE	TRUE	retained
POP4	TRUE	TRUE	retained
POP5	TRUE	TRUE	retained
POP7	TRUE	TRUE	retained
POPDC2	TRUE	TRUE	retained
POR	TRUE	TRUE	retained
PORCN	TRUE	TRUE	retained
POSTN	TRUE	TRUE	retained
POT1	TRUE	TRUE	retained
POTEE	TRUE	TRUE	retained
POTEF	TRUE	TRUE	retained
POTEG	TRUE	TRUE	retained
POTEH	TRUE	TRUE	retained
POTEI	TRUE	TRUE	retained
POTEJ	TRUE	TRUE	retained
POTEKP	TRUE	TRUE	retained
POTEM	TRUE	TRUE	retained
POU2F1	TRUE	TRUE	retained
POU2F2	TRUE	TRUE	retained
POU2F3	TRUE	TRUE	retained
POU5F1	TRUE	TRUE	retained
POU5F1P3	TRUE	TRUE	retained
POU5F1P4	TRUE	TRUE	retained
POU5F1P5	TRUE	TRUE	retained
POU5F2	TRUE	TRUE	retained
POU6F1	TRUE	TRUE	retained
POU6F2	TRUE	TRUE	retained
PPA1	TRUE	TRUE	retained
PPA2	TRUE	TRUE	retained
PPAN	TRUE	TRUE	retained
PPARA	TRUE	TRUE	retained
PPARD	TRUE	TRUE	retained
PPARG	TRUE	TRUE	retained
PPARGC1B	TRUE	TRUE	retained
PPAT	TRUE	TRUE	retained
PPATP1	TRUE	TRUE	retained
PPBP	TRUE	TRUE	retained
PPCDC	TRUE	TRUE	retained
PPCS	TRUE	TRUE	retained
PPDPF	TRUE	TRUE	retained
PPFIA1	TRUE	TRUE	retained
PPFIA2	TRUE	TRUE	retained
PPFIA3	TRUE	TRUE	retained
PPFIA4	TRUE	TRUE	retained
PPFIBP1	TRUE	TRUE	retained
PPFIBP2	TRUE	TRUE	retained
PPHLN1	TRUE	TRUE	retained
PPIA	TRUE	TRUE	retained
PPIAP11	TRUE	TRUE	retained
PPIAP22	TRUE	TRUE	retained
PPIAP29	TRUE	TRUE	retained
PPIAP31	TRUE	TRUE	retained
PPIAP40	TRUE	TRUE	retained
PPIAP42	TRUE	TRUE	retained
PPIAP46	TRUE	TRUE	retained
PPIAP51	TRUE	TRUE	retained
PPIAP6	TRUE	TRUE	retained
PPIB	TRUE	TRUE	retained
PPIC	TRUE	TRUE	retained
PPID	TRUE	TRUE	retained
PPIE	TRUE	TRUE	retained
PPIEL	TRUE	TRUE	retained
PPIF	TRUE	TRUE	retained
PPIG	TRUE	TRUE	retained
PPIH	TRUE	TRUE	retained
PPIHP1	TRUE	TRUE	retained
PPIL1	TRUE	TRUE	retained
PPIL1P1	TRUE	TRUE	retained
PPIL2	TRUE	TRUE	retained
PPIL3	TRUE	TRUE	retained
PPIL4	TRUE	TRUE	retained
PPIP5K1	TRUE	TRUE	retained
PPIP5K2	TRUE	TRUE	retained
PPL	TRUE	TRUE	retained
PPM1A	TRUE	TRUE	retained
PPM1AP1	TRUE	TRUE	retained
PPM1B	TRUE	TRUE	retained
PPM1D	TRUE	TRUE	retained
PPM1F	TRUE	TRUE	retained
PPM1F-AS1	TRUE	TRUE	retained
PPM1G	TRUE	TRUE	retained
PPM1H	TRUE	TRUE	retained
PPM1K	TRUE	TRUE	retained
PPM1L	TRUE	TRUE	retained
PPM1M	TRUE	TRUE	retained
PPM1N	TRUE	TRUE	retained
PPME1	TRUE	TRUE	retained
PPOX	TRUE	TRUE	retained
PPP1CA	TRUE	TRUE	retained
PPP1CB	TRUE	TRUE	retained
PPP1CC	TRUE	TRUE	retained
PPP1R10	TRUE	TRUE	retained
PPP1R11	TRUE	TRUE	retained
PPP1R11P1	TRUE	TRUE	retained
PPP1R12A	TRUE	TRUE	retained
PPP1R12B	TRUE	TRUE	retained
PPP1R12BP1	TRUE	TRUE	retained
PPP1R12C	TRUE	TRUE	retained
PPP1R13B	TRUE	TRUE	retained
PPP1R13L	TRUE	TRUE	retained
PPP1R14A	TRUE	TRUE	retained
PPP1R14B	TRUE	TRUE	retained
PPP1R14BP2	TRUE	TRUE	retained
PPP1R14BP3	TRUE	TRUE	retained
PPP1R14C	TRUE	TRUE	retained
PPP1R15A	TRUE	TRUE	retained
PPP1R15B	TRUE	TRUE	retained
PPP1R16A	TRUE	TRUE	retained
PPP1R16B	TRUE	TRUE	retained
PPP1R18	TRUE	TRUE	retained
PPP1R2	TRUE	TRUE	retained
PPP1R21	TRUE	TRUE	retained
PPP1R26	TRUE	TRUE	retained
PPP1R2B	TRUE	TRUE	retained
PPP1R32	TRUE	TRUE	retained
PPP1R35	TRUE	TRUE	retained
PPP1R37	TRUE	TRUE	retained
PPP1R3B	TRUE	TRUE	retained
PPP1R3C	TRUE	TRUE	retained
PPP1R3D	TRUE	TRUE	retained
PPP1R3F	TRUE	TRUE	retained
PPP1R3G	TRUE	TRUE	retained
PPP1R7	TRUE	TRUE	retained
PPP1R8	TRUE	TRUE	retained
PPP1R8P1	TRUE	TRUE	retained
PPP1R9A	TRUE	TRUE	retained
PPP1R9B	TRUE	TRUE	retained
PPP2CA	TRUE	TRUE	retained
PPP2CB	TRUE	TRUE	retained
PPP2R1A	TRUE	TRUE	retained
PPP2R1B	TRUE	TRUE	retained
PPP2R2A	TRUE	TRUE	retained
PPP2R2B	TRUE	TRUE	retained
PPP2R2D	TRUE	TRUE	retained
PPP2R3A	TRUE	TRUE	retained
PPP2R3B	TRUE	TRUE	retained
PPP2R3C	TRUE	TRUE	retained
PPP2R5A	TRUE	TRUE	retained
PPP2R5B	TRUE	TRUE	retained
PPP2R5C	TRUE	TRUE	retained
PPP2R5CP	TRUE	TRUE	retained
PPP2R5D	TRUE	TRUE	retained
PPP2R5E	TRUE	TRUE	retained
PPP3CA	TRUE	TRUE	retained
PPP3CB	TRUE	TRUE	retained
PPP3CB-AS1	TRUE	TRUE	retained
PPP3CC	TRUE	TRUE	retained
PPP3R1	TRUE	TRUE	retained
PPP4C	TRUE	TRUE	retained
PPP4R1	TRUE	TRUE	retained
PPP4R1L	TRUE	TRUE	retained
PPP4R2	TRUE	TRUE	retained
PPP4R3A	TRUE	TRUE	retained
PPP4R3B	TRUE	TRUE	retained
PPP5C	TRUE	TRUE	retained
PPP5D1	TRUE	TRUE	retained
PPP6C	TRUE	TRUE	retained
PPP6R1	TRUE	TRUE	retained
PPP6R2	TRUE	TRUE	retained
PPP6R3	TRUE	TRUE	retained
PPRC1	TRUE	TRUE	retained
PPT1	TRUE	TRUE	retained
PPT2	TRUE	TRUE	retained
PPT2-EGFL8	TRUE	TRUE	retained
PPTC7	TRUE	TRUE	retained
PPWD1	TRUE	TRUE	retained
PQBP1	TRUE	TRUE	retained
PRADC1	TRUE	TRUE	retained
PRADC1P1	TRUE	TRUE	retained
PRAF2	TRUE	TRUE	retained
PRAG1	TRUE	TRUE	retained
PRAM1	TRUE	TRUE	retained
PRC1	TRUE	TRUE	retained
PRCC	TRUE	TRUE	retained
PRCD	TRUE	TRUE	retained
PRCP	TRUE	TRUE	retained
PRDM1	TRUE	TRUE	retained
PRDM10	TRUE	TRUE	retained
PRDM11	TRUE	TRUE	retained
PRDM15	TRUE	TRUE	retained
PRDM16	TRUE	TRUE	retained
PRDM2	TRUE	TRUE	retained
PRDM4	TRUE	TRUE	retained
PRDM5	TRUE	TRUE	retained
PRDM6	TRUE	TRUE	retained
PRDM8	TRUE	TRUE	retained
PRDX1	TRUE	TRUE	retained
PRDX1P1	TRUE	TRUE	retained
PRDX2	TRUE	TRUE	retained
PRDX2P1	TRUE	TRUE	retained
PRDX2P2	TRUE	TRUE	retained
PRDX2P4	TRUE	TRUE	retained
PRDX3	TRUE	TRUE	retained
PRDX3P1	TRUE	TRUE	retained
PRDX3P2	TRUE	TRUE	retained
PRDX4	TRUE	TRUE	retained
PRDX5	TRUE	TRUE	retained
PRDX6	TRUE	TRUE	retained
PREB	TRUE	TRUE	retained
PRECSIT	TRUE	TRUE	retained
PRELID1	TRUE	TRUE	retained
PRELID1P1	TRUE	TRUE	retained
PRELID1P5	TRUE	TRUE	retained
PRELID1P6	TRUE	TRUE	retained
PRELID2	TRUE	TRUE	retained
PRELID3A	TRUE	TRUE	retained
PRELID3B	TRUE	TRUE	retained
PRELID3BP10	TRUE	TRUE	retained
PRELP	TRUE	TRUE	retained
PREP	TRUE	TRUE	retained
PREPL	TRUE	TRUE	retained
PREX1	TRUE	TRUE	retained
PREX2	TRUE	TRUE	retained
PRF1	TRUE	TRUE	retained
PRH2	TRUE	TRUE	retained
PRICKLE1	TRUE	TRUE	retained
PRICKLE2	TRUE	TRUE	retained
PRICKLE2-AS3	TRUE	TRUE	retained
PRICKLE3	TRUE	TRUE	retained
PRIM1	TRUE	TRUE	retained
PRIM2	TRUE	TRUE	retained
PRIMPOL	TRUE	TRUE	retained
PRKAA1	TRUE	TRUE	retained
PRKAA2	TRUE	TRUE	retained
PRKAB1	TRUE	TRUE	retained
PRKAB2	TRUE	TRUE	retained
PRKACA	TRUE	TRUE	retained
PRKACB	TRUE	TRUE	retained
PRKAG1	TRUE	TRUE	retained
PRKAG2	TRUE	TRUE	retained
PRKAR1A	TRUE	TRUE	retained
PRKAR1AP1	TRUE	TRUE	retained
PRKAR1B	TRUE	TRUE	retained
PRKAR2A	TRUE	TRUE	retained
PRKAR2B	TRUE	TRUE	retained
PRKCA	TRUE	TRUE	retained
PRKCB	TRUE	TRUE	retained
PRKCD	TRUE	TRUE	retained
PRKCE	TRUE	TRUE	retained
PRKCH	TRUE	TRUE	retained
PRKCI	TRUE	TRUE	retained
PRKCIP1	TRUE	TRUE	retained
PRKCSH	TRUE	TRUE	retained
PRKCZ	TRUE	TRUE	retained
PRKD1	TRUE	TRUE	retained
PRKD2	TRUE	TRUE	retained
PRKD3	TRUE	TRUE	retained
PRKDC	TRUE	TRUE	retained
PRKG1	TRUE	TRUE	retained
PRKN	TRUE	TRUE	retained
PRKRA	TRUE	TRUE	retained
PRKRIP1	TRUE	TRUE	retained
PRKX	TRUE	TRUE	retained
PRKXP1	TRUE	TRUE	retained
PRKY	TRUE	TRUE	retained
PRLR	TRUE	TRUE	retained
PRMT1	TRUE	TRUE	retained
PRMT1P1	TRUE	TRUE	retained
PRMT2	TRUE	TRUE	retained
PRMT3	TRUE	TRUE	retained
PRMT5	TRUE	TRUE	retained
PRMT5P1	TRUE	TRUE	retained
PRMT6	TRUE	TRUE	retained
PRMT7	TRUE	TRUE	retained
PRMT9	TRUE	TRUE	retained
PRNCR1	TRUE	TRUE	retained
PRNP	TRUE	TRUE	retained
PROB1	TRUE	TRUE	retained
PROC	TRUE	TRUE	retained
PROCA1	TRUE	TRUE	retained
PROCR	TRUE	TRUE	retained
PROK1	TRUE	TRUE	retained
PROM1	TRUE	TRUE	retained
PROM2	TRUE	TRUE	retained
PROS1	TRUE	TRUE	retained
PROSER1	TRUE	TRUE	retained
PROSER2	TRUE	TRUE	retained
PROSER3	TRUE	TRUE	retained
PROX1	TRUE	TRUE	retained
PRPF18	TRUE	TRUE	retained
PRPF19	TRUE	TRUE	retained
PRPF3	TRUE	TRUE	retained
PRPF31	TRUE	TRUE	retained
PRPF38A	TRUE	TRUE	retained
PRPF38AP1	TRUE	TRUE	retained
PRPF38AP2	TRUE	TRUE	retained
PRPF38B	TRUE	TRUE	retained
PRPF39	TRUE	TRUE	retained
PRPF4	TRUE	TRUE	retained
PRPF40A	TRUE	TRUE	retained
PRPF40B	TRUE	TRUE	retained
PRPF4B	TRUE	TRUE	retained
PRPF4BP1	TRUE	TRUE	retained
PRPF6	TRUE	TRUE	retained
PRPF8	TRUE	TRUE	retained
PRPH2	TRUE	TRUE	retained
PRPS1	TRUE	TRUE	retained
PRPS1L1	TRUE	TRUE	retained
PRPS1P2	TRUE	TRUE	retained
PRPS2	TRUE	TRUE	retained
PRPSAP1	TRUE	TRUE	retained
PRPSAP2	TRUE	TRUE	retained
PRR11	TRUE	TRUE	retained
PRR12	TRUE	TRUE	retained
PRR13	TRUE	TRUE	retained
PRR13P5	TRUE	TRUE	retained
PRR14	TRUE	TRUE	retained
PRR14L	TRUE	TRUE	retained
PRR15	TRUE	TRUE	retained
PRR16	TRUE	TRUE	retained
PRR22	TRUE	TRUE	retained
PRR29	TRUE	TRUE	retained
PRR3	TRUE	TRUE	retained
PRR36	TRUE	TRUE	retained
PRR5	TRUE	TRUE	retained
PRR5L	TRUE	TRUE	retained
PRRC1	TRUE	TRUE	retained
PRRC2A	TRUE	TRUE	retained
PRRC2B	TRUE	TRUE	retained
PRRC2C	TRUE	TRUE	retained
PRRG1	TRUE	TRUE	retained
PRRG2	TRUE	TRUE	retained
PRRG4	TRUE	TRUE	retained
PRRT1	TRUE	TRUE	retained
PRRT3	TRUE	TRUE	retained
PRRX1	TRUE	TRUE	retained
PRRX2	TRUE	TRUE	retained
PRSS12	TRUE	TRUE	retained
PRSS16	TRUE	TRUE	retained
PRSS22	TRUE	TRUE	retained
PRSS23	TRUE	TRUE	retained
PRSS30P	TRUE	TRUE	retained
PRSS35	TRUE	TRUE	retained
PRSS36	TRUE	TRUE	retained
PRSS48	TRUE	TRUE	retained
PRSS53	TRUE	TRUE	retained
PRSS8	TRUE	TRUE	retained
PRTFDC1	TRUE	TRUE	retained
PRTG	TRUE	TRUE	retained
PRUNE1	TRUE	TRUE	retained
PRUNE2	TRUE	TRUE	retained
PRX	TRUE	TRUE	retained
PRXL2A	TRUE	TRUE	retained
PRXL2AP2	TRUE	TRUE	retained
PRXL2B	TRUE	TRUE	retained
PRXL2C	TRUE	TRUE	retained
PSAP	TRUE	TRUE	retained
PSAT1	TRUE	TRUE	retained
PSAT1P3	TRUE	TRUE	retained
PSCA	TRUE	TRUE	retained
PSD	TRUE	TRUE	retained
PSD2	TRUE	TRUE	retained
PSD3	TRUE	TRUE	retained
PSD4	TRUE	TRUE	retained
PSEN1	TRUE	TRUE	retained
PSEN2	TRUE	TRUE	retained
PSENEN	TRUE	TRUE	retained
PSG1	TRUE	TRUE	retained
PSG10P	TRUE	TRUE	retained
PSG11	TRUE	TRUE	retained
PSG2	TRUE	TRUE	retained
PSG3	TRUE	TRUE	retained
PSG4	TRUE	TRUE	retained
PSG5	TRUE	TRUE	retained
PSG6	TRUE	TRUE	retained
PSG7	TRUE	TRUE	retained
PSG8	TRUE	TRUE	retained
PSG9	TRUE	TRUE	retained
PSIP1	TRUE	TRUE	retained
PSIP1P1	TRUE	TRUE	retained
PSKH1	TRUE	TRUE	retained
PSMA1	TRUE	TRUE	retained
PSMA1P1	TRUE	TRUE	retained
PSMA2P3	TRUE	TRUE	retained
PSMA3	TRUE	TRUE	retained
PSMA3-AS1	TRUE	TRUE	retained
PSMA3P1	TRUE	TRUE	retained
PSMA4	TRUE	TRUE	retained
PSMA5	TRUE	TRUE	retained
PSMA6	TRUE	TRUE	retained
PSMA6P1	TRUE	TRUE	retained
PSMA7	TRUE	TRUE	retained
PSMB1	TRUE	TRUE	retained
PSMB10	TRUE	TRUE	retained
PSMB2	TRUE	TRUE	retained
PSMB3	TRUE	TRUE	retained
PSMB3P1	TRUE	TRUE	retained
PSMB3P2	TRUE	TRUE	retained
PSMB4	TRUE	TRUE	retained
PSMB5	TRUE	TRUE	retained
PSMB6	TRUE	TRUE	retained
PSMB7	TRUE	TRUE	retained
PSMB8	TRUE	TRUE	retained
PSMB9	TRUE	TRUE	retained
PSMC1	TRUE	TRUE	retained
PSMC1P1	TRUE	TRUE	retained
PSMC1P9	TRUE	TRUE	retained
PSMC2	TRUE	TRUE	retained
PSMC2P1	TRUE	TRUE	retained
PSMC3	TRUE	TRUE	retained
PSMC3IP	TRUE	TRUE	retained
PSMC4	TRUE	TRUE	retained
PSMC5	TRUE	TRUE	retained
PSMC6	TRUE	TRUE	retained
PSMD1	TRUE	TRUE	retained
PSMD10	TRUE	TRUE	retained
PSMD10P1	TRUE	TRUE	retained
PSMD10P2	TRUE	TRUE	retained
PSMD10P3	TRUE	TRUE	retained
PSMD11	TRUE	TRUE	retained
PSMD12	TRUE	TRUE	retained
PSMD12P1	TRUE	TRUE	retained
PSMD13	TRUE	TRUE	retained
PSMD14	TRUE	TRUE	retained
PSMD14P1	TRUE	TRUE	retained
PSMD2	TRUE	TRUE	retained
PSMD3	TRUE	TRUE	retained
PSMD4	TRUE	TRUE	retained
PSMD5	TRUE	TRUE	retained
PSMD6	TRUE	TRUE	retained
PSMD7	TRUE	TRUE	retained
PSMD7P1	TRUE	TRUE	retained
PSMD8	TRUE	TRUE	retained
PSMD8P1	TRUE	TRUE	retained
PSMD9	TRUE	TRUE	retained
PSME1	TRUE	TRUE	retained
PSME2	TRUE	TRUE	retained
PSME2P1	TRUE	TRUE	retained
PSME2P2	TRUE	TRUE	retained
PSME2P3	TRUE	TRUE	retained
PSME2P6	TRUE	TRUE	retained
PSME3	TRUE	TRUE	retained
PSME3IP1	TRUE	TRUE	retained
PSME4	TRUE	TRUE	retained
PSMF1	TRUE	TRUE	retained
PSMG1	TRUE	TRUE	retained
PSMG2	TRUE	TRUE	retained
PSMG3	TRUE	TRUE	retained
PSMG4	TRUE	TRUE	retained
PSPC1	TRUE	TRUE	retained
PSPC1P1	TRUE	TRUE	retained
PSPH	TRUE	TRUE	retained
PSRC1	TRUE	TRUE	retained
PSTK	TRUE	TRUE	retained
PSTPIP1	TRUE	TRUE	retained
PSTPIP2	TRUE	TRUE	retained
PTAFR	TRUE	TRUE	retained
PTAR1	TRUE	TRUE	retained
PTBP1	TRUE	TRUE	retained
PTBP1P	TRUE	TRUE	retained
PTBP2	TRUE	TRUE	retained
PTBP3	TRUE	TRUE	retained
PTCD1	TRUE	TRUE	retained
PTCD2	TRUE	TRUE	retained
PTCD3	TRUE	TRUE	retained
PTCH1	TRUE	TRUE	retained
PTCH2	TRUE	TRUE	retained
PTCHD4	TRUE	TRUE	retained
PTDSS1	TRUE	TRUE	retained
PTDSS2	TRUE	TRUE	retained
PTEN	TRUE	TRUE	retained
PTENP1	TRUE	TRUE	retained
PTER	TRUE	TRUE	retained
PTGDS	TRUE	TRUE	retained
PTGER2	TRUE	TRUE	retained
PTGER3	TRUE	TRUE	retained
PTGER4	TRUE	TRUE	retained
PTGES	TRUE	TRUE	retained
PTGES2	TRUE	TRUE	retained
PTGES3	TRUE	TRUE	retained
PTGES3P1	TRUE	TRUE	retained
PTGES3P2	TRUE	TRUE	retained
PTGES3P3	TRUE	TRUE	retained
PTGFRN	TRUE	TRUE	retained
PTGIR	TRUE	TRUE	retained
PTGIS	TRUE	TRUE	retained
PTGR1	TRUE	TRUE	retained
PTGR2	TRUE	TRUE	retained
PTGS1	TRUE	TRUE	retained
PTH1R	TRUE	TRUE	retained
PTH2R	TRUE	TRUE	retained
PTK2	TRUE	TRUE	retained
PTK2B	TRUE	TRUE	retained
PTK7	TRUE	TRUE	retained
PTMA	TRUE	TRUE	retained
PTMAP12	TRUE	TRUE	retained
PTMAP2	TRUE	TRUE	retained
PTMAP4	TRUE	TRUE	retained
PTMAP5	TRUE	TRUE	retained
PTMAP8	TRUE	TRUE	retained
PTMAP9	TRUE	TRUE	retained
PTMS	TRUE	TRUE	retained
PTN	TRUE	TRUE	retained
PTOV1	TRUE	TRUE	retained
PTOV1-AS2	TRUE	TRUE	retained
PTP4A1P1	TRUE	TRUE	retained
PTP4A1P4	TRUE	TRUE	retained
PTP4A1P7	TRUE	TRUE	retained
PTP4A2	TRUE	TRUE	retained
PTP4A2P1	TRUE	TRUE	retained
PTP4A2P2	TRUE	TRUE	retained
PTP4A3	TRUE	TRUE	retained
PTPA	TRUE	TRUE	retained
PTPDC1	TRUE	TRUE	retained
PTPMT1	TRUE	TRUE	retained
PTPN1	TRUE	TRUE	retained
PTPN11	TRUE	TRUE	retained
PTPN12	TRUE	TRUE	retained
PTPN13	TRUE	TRUE	retained
PTPN14	TRUE	TRUE	retained
PTPN18	TRUE	TRUE	retained
PTPN2	TRUE	TRUE	retained
PTPN20	TRUE	TRUE	retained
PTPN21	TRUE	TRUE	retained
PTPN22	TRUE	TRUE	retained
PTPN23	TRUE	TRUE	retained
PTPN2P1	TRUE	TRUE	retained
PTPN2P2	TRUE	TRUE	retained
PTPN3	TRUE	TRUE	retained
PTPN4	TRUE	TRUE	retained
PTPN6	TRUE	TRUE	retained
PTPN7	TRUE	TRUE	retained
PTPN9	TRUE	TRUE	retained
PTPRA	TRUE	TRUE	retained
PTPRB	TRUE	TRUE	retained
PTPRC	TRUE	TRUE	retained
PTPRD	TRUE	TRUE	retained
PTPRE	TRUE	TRUE	retained
PTPRF	TRUE	TRUE	retained
PTPRG	TRUE	TRUE	retained
PTPRH	TRUE	TRUE	retained
PTPRJ	TRUE	TRUE	retained
PTPRK	TRUE	TRUE	retained
PTPRM	TRUE	TRUE	retained
PTPRN2	TRUE	TRUE	retained
PTPRO	TRUE	TRUE	retained
PTPRQ	TRUE	TRUE	retained
PTPRR	TRUE	TRUE	retained
PTPRS	TRUE	TRUE	retained
PTPRT	TRUE	TRUE	retained
PTPRU	TRUE	TRUE	retained
PTPRZ1	TRUE	TRUE	retained
PTRH2	TRUE	TRUE	retained
PTRHD1	TRUE	TRUE	retained
PTS	TRUE	TRUE	retained
PTTG1	TRUE	TRUE	retained
PTTG1IP	TRUE	TRUE	retained
PTTG2	TRUE	TRUE	retained
PTTG3P	TRUE	TRUE	retained
PUDP	TRUE	TRUE	retained
PUF60	TRUE	TRUE	retained
PUM1	TRUE	TRUE	retained
PUM2	TRUE	TRUE	retained
PUM3	TRUE	TRUE	retained
PURA	TRUE	TRUE	retained
PURB	TRUE	TRUE	retained
PURG	TRUE	TRUE	retained
PUS1	TRUE	TRUE	retained
PUS10	TRUE	TRUE	retained
PUS3	TRUE	TRUE	retained
PUS7	TRUE	TRUE	retained
PUS7L	TRUE	TRUE	retained
PUSL1	TRUE	TRUE	retained
PVALB	TRUE	TRUE	retained
PVR	TRUE	TRUE	retained
PWP1	TRUE	TRUE	retained
PWP2	TRUE	TRUE	retained
PWWP2A	TRUE	TRUE	retained
PWWP2B	TRUE	TRUE	retained
PWWP3A	TRUE	TRUE	retained
PXDC1	TRUE	TRUE	retained
PXDN	TRUE	TRUE	retained
PXK	TRUE	TRUE	retained
PXMP2	TRUE	TRUE	retained
PXMP4	TRUE	TRUE	retained
PXN	TRUE	TRUE	retained
PXYLP1	TRUE	TRUE	retained
PYCARD	TRUE	TRUE	retained
PYCR1	TRUE	TRUE	retained
PYCR2	TRUE	TRUE	retained
PYCR3	TRUE	TRUE	retained
PYGB	TRUE	TRUE	retained
PYGL	TRUE	TRUE	retained
PYGM	TRUE	TRUE	retained
PYGO1	TRUE	TRUE	retained
PYGO2	TRUE	TRUE	retained
PYM1	TRUE	TRUE	retained
PYROXD1	TRUE	TRUE	retained
PYROXD2	TRUE	TRUE	retained
PZP	TRUE	TRUE	retained
QARS1	TRUE	TRUE	retained
QDPR	TRUE	TRUE	retained
QKI	TRUE	TRUE	retained
QPCT	TRUE	TRUE	retained
QPCTL	TRUE	TRUE	retained
QPRT	TRUE	TRUE	retained
QRICH1	TRUE	TRUE	retained
QRICH2	TRUE	TRUE	retained
QRSL1	TRUE	TRUE	retained
QRSL1P1	TRUE	TRUE	retained
QRSL1P3	TRUE	TRUE	retained
QSER1	TRUE	TRUE	retained
QSOX1	TRUE	TRUE	retained
QSOX2	TRUE	TRUE	retained
QTRT1	TRUE	TRUE	retained
QTRT2	TRUE	TRUE	retained
R3HCC1	TRUE	TRUE	retained
R3HCC1L	TRUE	TRUE	retained
R3HDM1	TRUE	TRUE	retained
R3HDM2	TRUE	TRUE	retained
R3HDM2P2	TRUE	TRUE	retained
R3HDM4	TRUE	TRUE	retained
RAB10	TRUE	TRUE	retained
RAB11A	TRUE	TRUE	retained
RAB11AP1	TRUE	TRUE	retained
RAB11B	TRUE	TRUE	retained
RAB11FIP1	TRUE	TRUE	retained
RAB11FIP2	TRUE	TRUE	retained
RAB11FIP3	TRUE	TRUE	retained
RAB11FIP4	TRUE	TRUE	retained
RAB11FIP5	TRUE	TRUE	retained
RAB12	TRUE	TRUE	retained
RAB13	TRUE	TRUE	retained
RAB14	TRUE	TRUE	retained
RAB15	TRUE	TRUE	retained
RAB17	TRUE	TRUE	retained
RAB18	TRUE	TRUE	retained
RAB19	TRUE	TRUE	retained
RAB1A	TRUE	TRUE	retained
RAB1AP1	TRUE	TRUE	retained
RAB1B	TRUE	TRUE	retained
RAB1C	TRUE	TRUE	retained
RAB20	TRUE	TRUE	retained
RAB21	TRUE	TRUE	retained
RAB22A	TRUE	TRUE	retained
RAB23	TRUE	TRUE	retained
RAB24	TRUE	TRUE	retained
RAB25	TRUE	TRUE	retained
RAB26	TRUE	TRUE	retained
RAB27A	TRUE	TRUE	retained
RAB27B	TRUE	TRUE	retained
RAB28	TRUE	TRUE	retained
RAB29	TRUE	TRUE	retained
RAB2A	TRUE	TRUE	retained
RAB2B	TRUE	TRUE	retained
RAB30	TRUE	TRUE	retained
RAB31	TRUE	TRUE	retained
RAB32	TRUE	TRUE	retained
RAB33B	TRUE	TRUE	retained
RAB34	TRUE	TRUE	retained
RAB35	TRUE	TRUE	retained
RAB36	TRUE	TRUE	retained
RAB37	TRUE	TRUE	retained
RAB38	TRUE	TRUE	retained
RAB39A	TRUE	TRUE	retained
RAB3A	TRUE	TRUE	retained
RAB3B	TRUE	TRUE	retained
RAB3D	TRUE	TRUE	retained
RAB3GAP1	TRUE	TRUE	retained
RAB3GAP2	TRUE	TRUE	retained
RAB3IL1	TRUE	TRUE	retained
RAB3IP	TRUE	TRUE	retained
RAB40A	TRUE	TRUE	retained
RAB40AL	TRUE	TRUE	retained
RAB40B	TRUE	TRUE	retained
RAB40C	TRUE	TRUE	retained
RAB42	TRUE	TRUE	retained
RAB43	TRUE	TRUE	retained
RAB43P1	TRUE	TRUE	retained
RAB4A	TRUE	TRUE	retained
RAB5A	TRUE	TRUE	retained
RAB5B	TRUE	TRUE	retained
RAB5C	TRUE	TRUE	retained
RAB5CP1	TRUE	TRUE	retained
RAB5CP2	TRUE	TRUE	retained
RAB5IF	TRUE	TRUE	retained
RAB6A	TRUE	TRUE	retained
RAB6B	TRUE	TRUE	retained
RAB6C	TRUE	TRUE	retained
RAB6D	TRUE	TRUE	retained
RAB7A	TRUE	TRUE	retained
RAB8A	TRUE	TRUE	retained
RAB8B	TRUE	TRUE	retained
RAB9A	TRUE	TRUE	retained
RABAC1	TRUE	TRUE	retained
RABEP1	TRUE	TRUE	retained
RABEP2	TRUE	TRUE	retained
RABEPK	TRUE	TRUE	retained
RABGAP1	TRUE	TRUE	retained
RABGAP1L	TRUE	TRUE	retained
RABGGTA	TRUE	TRUE	retained
RABGGTB	TRUE	TRUE	retained
RABIF	TRUE	TRUE	retained
RABL2A	TRUE	TRUE	retained
RABL2B	TRUE	TRUE	retained
RABL3	TRUE	TRUE	retained
RABL6	TRUE	TRUE	retained
RAC1	TRUE	TRUE	retained
RAC1P2	TRUE	TRUE	retained
RAC2	TRUE	TRUE	retained
RAC3	TRUE	TRUE	retained
RACGAP1	TRUE	TRUE	retained
RACGAP1P1	TRUE	TRUE	retained
RACK1	TRUE	TRUE	retained
RAD1	TRUE	TRUE	retained
RAD17	TRUE	TRUE	retained
RAD17P1	TRUE	TRUE	retained
RAD18	TRUE	TRUE	retained
RAD1P1	TRUE	TRUE	retained
RAD21	TRUE	TRUE	retained
RAD21P1	TRUE	TRUE	retained
RAD23A	TRUE	TRUE	retained
RAD23B	TRUE	TRUE	retained
RAD23BP1	TRUE	TRUE	retained
RAD50	TRUE	TRUE	retained
RAD51	TRUE	TRUE	retained
RAD51AP1	TRUE	TRUE	retained
RAD51AP1P1	TRUE	TRUE	retained
RAD51B	TRUE	TRUE	retained
RAD51C	TRUE	TRUE	retained
RAD51D	TRUE	TRUE	retained
RAD52	TRUE	TRUE	retained
RAD52P1	TRUE	TRUE	retained
RAD54B	TRUE	TRUE	retained
RAD54L	TRUE	TRUE	retained
RAD54L2	TRUE	TRUE	retained
RAD9A	TRUE	TRUE	retained
RADIL	TRUE	TRUE	retained
RADX	TRUE	TRUE	retained
RAE1	TRUE	TRUE	retained
RAF1	TRUE	TRUE	retained
RAI1	TRUE	TRUE	retained
RAI14	TRUE	TRUE	retained
RAI2	TRUE	TRUE	retained
RALA	TRUE	TRUE	retained
RALB	TRUE	TRUE	retained
RALBP1	TRUE	TRUE	retained
RALBP1P1	TRUE	TRUE	retained
RALBP1P2	TRUE	TRUE	retained
RALGAPA1	TRUE	TRUE	retained
RALGAPA1P1	TRUE	TRUE	retained
RALGAPA2	TRUE	TRUE	retained
RALGAPB	TRUE	TRUE	retained
RALGDS	TRUE	TRUE	retained
RALGPS1	TRUE	TRUE	retained
RALGPS2	TRUE	TRUE	retained
RALY	TRUE	TRUE	retained
RAMAC	TRUE	TRUE	retained
RAMACL	TRUE	TRUE	retained
RAMP1	TRUE	TRUE	retained
RAMP2	TRUE	TRUE	retained
RAN	TRUE	TRUE	retained
RANBP1	TRUE	TRUE	retained
RANBP10	TRUE	TRUE	retained
RANBP17	TRUE	TRUE	retained
RANBP1P1	TRUE	TRUE	retained
RANBP2	TRUE	TRUE	retained
RANBP20P	TRUE	TRUE	retained
RANBP3	TRUE	TRUE	retained
RANBP3L	TRUE	TRUE	retained
RANBP6	TRUE	TRUE	retained
RANBP9	TRUE	TRUE	retained
RANGAP1	TRUE	TRUE	retained
RANGRF	TRUE	TRUE	retained
RANP1	TRUE	TRUE	retained
RANP6	TRUE	TRUE	retained
RAP1A	TRUE	TRUE	retained
RAP1AP	TRUE	TRUE	retained
RAP1B	TRUE	TRUE	retained
RAP1BL	TRUE	TRUE	retained
RAP1GAP	TRUE	TRUE	retained
RAP1GAP2	TRUE	TRUE	retained
RAP1GDS1	TRUE	TRUE	retained
RAP2A	TRUE	TRUE	retained
RAP2B	TRUE	TRUE	retained
RAP2C	TRUE	TRUE	retained
RAPGEF1	TRUE	TRUE	retained
RAPGEF2	TRUE	TRUE	retained
RAPGEF3	TRUE	TRUE	retained
RAPGEF4	TRUE	TRUE	retained
RAPGEF5	TRUE	TRUE	retained
RAPGEF6	TRUE	TRUE	retained
RAPGEFL1	TRUE	TRUE	retained
RAPH1	TRUE	TRUE	retained
RAPSN	TRUE	TRUE	retained
RARA	TRUE	TRUE	retained
RARB	TRUE	TRUE	retained
RARG	TRUE	TRUE	retained
RARRES1	TRUE	TRUE	retained
RARRES2	TRUE	TRUE	retained
RARS1	TRUE	TRUE	retained
RARS1P1	TRUE	TRUE	retained
RARS2	TRUE	TRUE	retained
RASA1	TRUE	TRUE	retained
RASA2	TRUE	TRUE	retained
RASA3	TRUE	TRUE	retained
RASA4	TRUE	TRUE	retained
RASA4B	TRUE	TRUE	retained
RASA4DP	TRUE	TRUE	retained
RASAL1	TRUE	TRUE	retained
RASAL2	TRUE	TRUE	retained
RASAL3	TRUE	TRUE	retained
RASD1	TRUE	TRUE	retained
RASEF	TRUE	TRUE	retained
RASGEF1A	TRUE	TRUE	retained
RASGEF1B	TRUE	TRUE	retained
RASGEF1C	TRUE	TRUE	retained
RASGRF1	TRUE	TRUE	retained
RASGRF2	TRUE	TRUE	retained
RASGRP1	TRUE	TRUE	retained
RASGRP2	TRUE	TRUE	retained
RASGRP3	TRUE	TRUE	retained
RASGRP4	TRUE	TRUE	retained
RASIP1	TRUE	TRUE	retained
RASL10B	TRUE	TRUE	retained
RASL11A	TRUE	TRUE	retained
RASL11B	TRUE	TRUE	retained
RASL12	TRUE	TRUE	retained
RASSF1	TRUE	TRUE	retained
RASSF2	TRUE	TRUE	retained
RASSF3	TRUE	TRUE	retained
RASSF4	TRUE	TRUE	retained
RASSF5	TRUE	TRUE	retained
RASSF6	TRUE	TRUE	retained
RASSF7	TRUE	TRUE	retained
RASSF8	TRUE	TRUE	retained
RAVER1	TRUE	TRUE	retained
RAVER2	TRUE	TRUE	retained
RB1	TRUE	TRUE	retained
RB1CC1	TRUE	TRUE	retained
RBAK	TRUE	TRUE	retained
RBBP4	TRUE	TRUE	retained
RBBP4P1	TRUE	TRUE	retained
RBBP4P2	TRUE	TRUE	retained
RBBP4P3	TRUE	TRUE	retained
RBBP4P4	TRUE	TRUE	retained
RBBP4P5	TRUE	TRUE	retained
RBBP5	TRUE	TRUE	retained
RBBP6	TRUE	TRUE	retained
RBBP7	TRUE	TRUE	retained
RBBP8	TRUE	TRUE	retained
RBBP8NL	TRUE	TRUE	retained
RBBP9	TRUE	TRUE	retained
RBCK1	TRUE	TRUE	retained
RBFA	TRUE	TRUE	retained
RBFOX1	TRUE	TRUE	retained
RBFOX2	TRUE	TRUE	retained
RBIS	TRUE	TRUE	retained
RBKS	TRUE	TRUE	retained
RBL1	TRUE	TRUE	retained
RBL2	TRUE	TRUE	retained
RBM10	TRUE	TRUE	retained
RBM12	TRUE	TRUE	retained
RBM12B	TRUE	TRUE	retained
RBM12B-AS1	TRUE	TRUE	retained
RBM14	TRUE	TRUE	retained
RBM14-RBM4	TRUE	TRUE	retained
RBM15	TRUE	TRUE	retained
RBM15B	TRUE	TRUE	retained
RBM17	TRUE	TRUE	retained
RBM17P4	TRUE	TRUE	retained
RBM18	TRUE	TRUE	retained
RBM19	TRUE	TRUE	retained
RBM20	TRUE	TRUE	retained
RBM22	TRUE	TRUE	retained
RBM23	TRUE	TRUE	retained
RBM25	TRUE	TRUE	retained
RBM26	TRUE	TRUE	retained
RBM27	TRUE	TRUE	retained
RBM28	TRUE	TRUE	retained
RBM3	TRUE	TRUE	retained
RBM33	TRUE	TRUE	retained
RBM34	TRUE	TRUE	retained
RBM38	TRUE	TRUE	retained
RBM39	TRUE	TRUE	retained
RBM39P1	TRUE	TRUE	retained
RBM4	TRUE	TRUE	retained
RBM41	TRUE	TRUE	retained
RBM42	TRUE	TRUE	retained
RBM43	TRUE	TRUE	retained
RBM45	TRUE	TRUE	retained
RBM47	TRUE	TRUE	retained
RBM48	TRUE	TRUE	retained
RBM48P1	TRUE	TRUE	retained
RBM4B	TRUE	TRUE	retained
RBM5	TRUE	TRUE	retained
RBM5-AS1	TRUE	TRUE	retained
RBM6	TRUE	TRUE	retained
RBM7	TRUE	TRUE	retained
RBM7P1	TRUE	TRUE	retained
RBM8A	TRUE	TRUE	retained
RBM8B	TRUE	TRUE	retained
RBMS1	TRUE	TRUE	retained
RBMS1P1	TRUE	TRUE	retained
RBMS2	TRUE	TRUE	retained
RBMS2P1	TRUE	TRUE	retained
RBMS3	TRUE	TRUE	retained
RBMX	TRUE	TRUE	retained
RBMX2	TRUE	TRUE	retained
RBMX2P3	TRUE	TRUE	retained
RBMXL1	TRUE	TRUE	retained
RBMXL3	TRUE	TRUE	retained
RBMXP2	TRUE	TRUE	retained
RBMXP3	TRUE	TRUE	retained
RBMXP4	TRUE	TRUE	retained
RBMXP5	TRUE	TRUE	retained
RBP1	TRUE	TRUE	retained
RBP3	TRUE	TRUE	retained
RBP4	TRUE	TRUE	retained
RBP5	TRUE	TRUE	retained
RBP7	TRUE	TRUE	retained
RBPJ	TRUE	TRUE	retained
RBPJP2	TRUE	TRUE	retained
RBPJP5	TRUE	TRUE	retained
RBPJP6	TRUE	TRUE	retained
RBPJP7	TRUE	TRUE	retained
RBPMS	TRUE	TRUE	retained
RBPMS2	TRUE	TRUE	retained
RBPMS2P1	TRUE	TRUE	retained
RBSN	TRUE	TRUE	retained
RBX1	TRUE	TRUE	retained
RC3H1	TRUE	TRUE	retained
RC3H2	TRUE	TRUE	retained
RCAN1	TRUE	TRUE	retained
RCAN3	TRUE	TRUE	retained
RCBTB1	TRUE	TRUE	retained
RCBTB2	TRUE	TRUE	retained
RCC1	TRUE	TRUE	retained
RCC1L	TRUE	TRUE	retained
RCC2	TRUE	TRUE	retained
RCC2P4	TRUE	TRUE	retained
RCC2P6	TRUE	TRUE	retained
RCC2P7	TRUE	TRUE	retained
RCC2P8	TRUE	TRUE	retained
RCCD1	TRUE	TRUE	retained
RCE1	TRUE	TRUE	retained
RCHY1	TRUE	TRUE	retained
RCL1	TRUE	TRUE	retained
RCN1	TRUE	TRUE	retained
RCN1P2	TRUE	TRUE	retained
RCN2	TRUE	TRUE	retained
RCN3	TRUE	TRUE	retained
RCOR1	TRUE	TRUE	retained
RCOR2	TRUE	TRUE	retained
RCOR3	TRUE	TRUE	retained
RCSD1	TRUE	TRUE	retained
RDH10	TRUE	TRUE	retained
RDH11	TRUE	TRUE	retained
RDH13	TRUE	TRUE	retained
RDH14	TRUE	TRUE	retained
RDH5	TRUE	TRUE	retained
RDX	TRUE	TRUE	retained
RDXP1	TRUE	TRUE	retained
RDXP3	TRUE	TRUE	retained
REC8	TRUE	TRUE	retained
RECK	TRUE	TRUE	retained
RECQL	TRUE	TRUE	retained
RECQL4	TRUE	TRUE	retained
RECQL5	TRUE	TRUE	retained
REEP1	TRUE	TRUE	retained
REEP3	TRUE	TRUE	retained
REEP4	TRUE	TRUE	retained
REEP5	TRUE	TRUE	retained
REEP6	TRUE	TRUE	retained
REL	TRUE	TRUE	retained
RELA	TRUE	TRUE	retained
RELB	TRUE	TRUE	retained
RELCH	TRUE	TRUE	retained
RELL1	TRUE	TRUE	retained
RELL2	TRUE	TRUE	retained
RELN	TRUE	TRUE	retained
RELT	TRUE	TRUE	retained
REN	TRUE	TRUE	retained
RENBP	TRUE	TRUE	retained
REPIN1	TRUE	TRUE	retained
REPS1	TRUE	TRUE	retained
REPS2	TRUE	TRUE	retained
RER1	TRUE	TRUE	retained
RERE	TRUE	TRUE	retained
RERG	TRUE	TRUE	retained
RESF1	TRUE	TRUE	retained
REST	TRUE	TRUE	retained
RET	TRUE	TRUE	retained
RETREG1	TRUE	TRUE	retained
RETREG2	TRUE	TRUE	retained
RETREG3	TRUE	TRUE	retained
RETSAT	TRUE	TRUE	retained
REV1	TRUE	TRUE	retained
REV3L	TRUE	TRUE	retained
REX1BD	TRUE	TRUE	retained
REXO1	TRUE	TRUE	retained
REXO2	TRUE	TRUE	retained
REXO4	TRUE	TRUE	retained
REXO5	TRUE	TRUE	retained
RFC1	TRUE	TRUE	retained
RFC2	TRUE	TRUE	retained
RFC3	TRUE	TRUE	retained
RFC4	TRUE	TRUE	retained
RFC5	TRUE	TRUE	retained
RFFL	TRUE	TRUE	retained
RFK	TRUE	TRUE	retained
RFLNA	TRUE	TRUE	retained
RFLNB	TRUE	TRUE	retained
RFNG	TRUE	TRUE	retained
RFT1	TRUE	TRUE	retained
RFTN1	TRUE	TRUE	retained
RFTN2	TRUE	TRUE	retained
RFWD3	TRUE	TRUE	retained
RFX1	TRUE	TRUE	retained
RFX2	TRUE	TRUE	retained
RFX3	TRUE	TRUE	retained
RFX5	TRUE	TRUE	retained
RFX6	TRUE	TRUE	retained
RFX7	TRUE	TRUE	retained
RFX8	TRUE	TRUE	retained
RFXANK	TRUE	TRUE	retained
RFXAP	TRUE	TRUE	retained
RGCC	TRUE	TRUE	retained
RGL1	TRUE	TRUE	retained
RGL2	TRUE	TRUE	retained
RGL3	TRUE	TRUE	retained
RGL4	TRUE	TRUE	retained
RGMA	TRUE	TRUE	retained
RGMB	TRUE	TRUE	retained
RGN	TRUE	TRUE	retained
RGP1	TRUE	TRUE	retained
RGPD1	TRUE	TRUE	retained
RGPD2	TRUE	TRUE	retained
RGPD3	TRUE	TRUE	retained
RGPD4	TRUE	TRUE	retained
RGPD5	TRUE	TRUE	retained
RGPD6	TRUE	TRUE	retained
RGPD8	TRUE	TRUE	retained
RGS1	TRUE	TRUE	retained
RGS10	TRUE	TRUE	retained
RGS11	TRUE	TRUE	retained
RGS12	TRUE	TRUE	retained
RGS14	TRUE	TRUE	retained
RGS16	TRUE	TRUE	retained
RGS19	TRUE	TRUE	retained
RGS2	TRUE	TRUE	retained
RGS20	TRUE	TRUE	retained
RGS22	TRUE	TRUE	retained
RGS3	TRUE	TRUE	retained
RGS5	TRUE	TRUE	retained
RGS6	TRUE	TRUE	retained
RGS9	TRUE	TRUE	retained
RHBDD1	TRUE	TRUE	retained
RHBDD2	TRUE	TRUE	retained
RHBDD3	TRUE	TRUE	retained
RHBDF1	TRUE	TRUE	retained
RHBDF1P1	TRUE	TRUE	retained
RHBDF2	TRUE	TRUE	retained
RHBDL1	TRUE	TRUE	retained
RHBDL2	TRUE	TRUE	retained
RHBDL3	TRUE	TRUE	retained
RHCE	TRUE	TRUE	retained
RHD	TRUE	TRUE	retained
RHEB	TRUE	TRUE	retained
RHEBP1	TRUE	TRUE	retained
RHEBP2	TRUE	TRUE	retained
RHNO1	TRUE	TRUE	retained
RHOA	TRUE	TRUE	retained
RHOB	TRUE	TRUE	retained
RHOBTB1	TRUE	TRUE	retained
RHOBTB2	TRUE	TRUE	retained
RHOBTB3	TRUE	TRUE	retained
RHOC	TRUE	TRUE	retained
RHOD	TRUE	TRUE	retained
RHOF	TRUE	TRUE	retained
RHOG	TRUE	TRUE	retained
RHOJ	TRUE	TRUE	retained
RHOQ	TRUE	TRUE	retained
RHOQP1	TRUE	TRUE	retained
RHOQP2	TRUE	TRUE	retained
RHOQP3	TRUE	TRUE	retained
RHOT1	TRUE	TRUE	retained
RHOT1P1	TRUE	TRUE	retained
RHOT1P2	TRUE	TRUE	retained
RHOT1P3	TRUE	TRUE	retained
RHOT2	TRUE	TRUE	retained
RHOU	TRUE	TRUE	retained
RHOV	TRUE	TRUE	retained
RHPN1	TRUE	TRUE	retained
RHPN2	TRUE	TRUE	retained
RHPN2P1	TRUE	TRUE	retained
RIBC2	TRUE	TRUE	retained
RIC1	TRUE	TRUE	retained
RIC8A	TRUE	TRUE	retained
RIC8B	TRUE	TRUE	retained
RICTOR	TRUE	TRUE	retained
RIDA	TRUE	TRUE	retained
RIF1	TRUE	TRUE	retained
RILP	TRUE	TRUE	retained
RILPL1	TRUE	TRUE	retained
RILPL2	TRUE	TRUE	retained
RIMBP3	TRUE	TRUE	retained
RIMBP3B	TRUE	TRUE	retained
RIMBP3C	TRUE	TRUE	retained
RIMKLB	TRUE	TRUE	retained
RIMKLBP1	TRUE	TRUE	retained
RIMS1	TRUE	TRUE	retained
RIMS2	TRUE	TRUE	retained
RIMS3	TRUE	TRUE	retained
RIN1	TRUE	TRUE	retained
RIN2	TRUE	TRUE	retained
RIN3	TRUE	TRUE	retained
RING1	TRUE	TRUE	retained
RINL	TRUE	TRUE	retained
RINT1	TRUE	TRUE	retained
RIOK1	TRUE	TRUE	retained
RIOK2	TRUE	TRUE	retained
RIOK3	TRUE	TRUE	retained
RIOX1	TRUE	TRUE	retained
RIOX2	TRUE	TRUE	retained
RIPK1	TRUE	TRUE	retained
RIPK2	TRUE	TRUE	retained
RIPK3	TRUE	TRUE	retained
RIPK4	TRUE	TRUE	retained
RIPOR1	TRUE	TRUE	retained
RIPOR2	TRUE	TRUE	retained
RIPOR3	TRUE	TRUE	retained
RIT1	TRUE	TRUE	retained
RITA1	TRUE	TRUE	retained
RLF	TRUE	TRUE	retained
RLIM	TRUE	TRUE	retained
RLIMP1	TRUE	TRUE	retained
RMC1	TRUE	TRUE	retained
RMDN1	TRUE	TRUE	retained
RMDN2	TRUE	TRUE	retained
RMDN3	TRUE	TRUE	retained
RMI1	TRUE	TRUE	retained
RMI2	TRUE	TRUE	retained
RMND1	TRUE	TRUE	retained
RMND5A	TRUE	TRUE	retained
RMND5B	TRUE	TRUE	retained
RN7SKP203	TRUE	TRUE	retained
RN7SL1	TRUE	TRUE	retained
RN7SL3	TRUE	TRUE	retained
RN7SL4P	TRUE	TRUE	retained
RN7SL5P	TRUE	TRUE	retained
RNA5-8SN1	TRUE	TRUE	retained
RNA5-8SN2	TRUE	TRUE	retained
RNA5-8SN3	TRUE	TRUE	retained
RNA5S10	TRUE	TRUE	retained
RNA5S11	TRUE	TRUE	retained
RNA5S12	TRUE	TRUE	retained
RNA5S13	TRUE	TRUE	retained
RNA5S14	TRUE	TRUE	retained
RNA5S15	TRUE	TRUE	retained
RNA5S16	TRUE	TRUE	retained
RNA5S17	TRUE	TRUE	retained
RNA5S2	TRUE	TRUE	retained
RNA5S3	TRUE	TRUE	retained
RNA5S4	TRUE	TRUE	retained
RNA5S5	TRUE	TRUE	retained
RNA5S6	TRUE	TRUE	retained
RNA5S7	TRUE	TRUE	retained
RNA5S8	TRUE	TRUE	retained
RNA5SP226	TRUE	TRUE	retained
RNA5SP370	TRUE	TRUE	retained
RNASE1	TRUE	TRUE	retained
RNASE6	TRUE	TRUE	retained
RNASEH1P1	TRUE	TRUE	retained
RNASEH1P2	TRUE	TRUE	retained
RNASEH2B	TRUE	TRUE	retained
RNASEH2C	TRUE	TRUE	retained
RNASEK	TRUE	TRUE	retained
RNASEL	TRUE	TRUE	retained
RNASET2	TRUE	TRUE	retained
RND3	TRUE	TRUE	retained
RNF10	TRUE	TRUE	retained
RNF103	TRUE	TRUE	retained
RNF11	TRUE	TRUE	retained
RNF111	TRUE	TRUE	retained
RNF112	TRUE	TRUE	retained
RNF113A	TRUE	TRUE	retained
RNF113B	TRUE	TRUE	retained
RNF114	TRUE	TRUE	retained
RNF115	TRUE	TRUE	retained
RNF11P1	TRUE	TRUE	retained
RNF121	TRUE	TRUE	retained
RNF122	TRUE	TRUE	retained
RNF123	TRUE	TRUE	retained
RNF126	TRUE	TRUE	retained
RNF126P1	TRUE	TRUE	retained
RNF128	TRUE	TRUE	retained
RNF13	TRUE	TRUE	retained
RNF130	TRUE	TRUE	retained
RNF135	TRUE	TRUE	retained
RNF138	TRUE	TRUE	retained
RNF138P1	TRUE	TRUE	retained
RNF139	TRUE	TRUE	retained
RNF14	TRUE	TRUE	retained
RNF141	TRUE	TRUE	retained
RNF144A	TRUE	TRUE	retained
RNF144B	TRUE	TRUE	retained
RNF145	TRUE	TRUE	retained
RNF146	TRUE	TRUE	retained
RNF149	TRUE	TRUE	retained
RNF14P4	TRUE	TRUE	retained
RNF150	TRUE	TRUE	retained
RNF152	TRUE	TRUE	retained
RNF157	TRUE	TRUE	retained
RNF165	TRUE	TRUE	retained
RNF166	TRUE	TRUE	retained
RNF167	TRUE	TRUE	retained
RNF168	TRUE	TRUE	retained
RNF169	TRUE	TRUE	retained
RNF17	TRUE	TRUE	retained
RNF170	TRUE	TRUE	retained
RNF180	TRUE	TRUE	retained
RNF181	TRUE	TRUE	retained
RNF185	TRUE	TRUE	retained
RNF187	TRUE	TRUE	retained
RNF19A	TRUE	TRUE	retained
RNF19B	TRUE	TRUE	retained
RNF2	TRUE	TRUE	retained
RNF20	TRUE	TRUE	retained
RNF207	TRUE	TRUE	retained
RNF212	TRUE	TRUE	retained
RNF213	TRUE	TRUE	retained
RNF213-AS1	TRUE	TRUE	retained
RNF214	TRUE	TRUE	retained
RNF215	TRUE	TRUE	retained
RNF216	TRUE	TRUE	retained
RNF217	TRUE	TRUE	retained
RNF217-AS1	TRUE	TRUE	retained
RNF220	TRUE	TRUE	retained
RNF227	TRUE	TRUE	retained
RNF25	TRUE	TRUE	retained
RNF26	TRUE	TRUE	retained
RNF2P1	TRUE	TRUE	retained
RNF31	TRUE	TRUE	retained
RNF32	TRUE	TRUE	retained
RNF34	TRUE	TRUE	retained
RNF38	TRUE	TRUE	retained
RNF4	TRUE	TRUE	retained
RNF40	TRUE	TRUE	retained
RNF41	TRUE	TRUE	retained
RNF43	TRUE	TRUE	retained
RNF44	TRUE	TRUE	retained
RNF5	TRUE	TRUE	retained
RNF5P1	TRUE	TRUE	retained
RNF6	TRUE	TRUE	retained
RNF7	TRUE	TRUE	retained
RNF7P1	TRUE	TRUE	retained
RNF8	TRUE	TRUE	retained
RNFT1	TRUE	TRUE	retained
RNFT2	TRUE	TRUE	retained
RNGTT	TRUE	TRUE	retained
RNH1	TRUE	TRUE	retained
RNLS	TRUE	TRUE	retained
RNMT	TRUE	TRUE	retained
RNPC3	TRUE	TRUE	retained
RNPEP	TRUE	TRUE	retained
RNPEPL1	TRUE	TRUE	retained
RNPS1	TRUE	TRUE	retained
RNPS1P1	TRUE	TRUE	retained
RNU4ATAC	TRUE	TRUE	retained
RO60	TRUE	TRUE	retained
ROBO1	TRUE	TRUE	retained
ROBO2	TRUE	TRUE	retained
ROBO3	TRUE	TRUE	retained
ROBO4	TRUE	TRUE	retained
ROCK1	TRUE	TRUE	retained
ROCK1P1	TRUE	TRUE	retained
ROCK2	TRUE	TRUE	retained
ROGDI	TRUE	TRUE	retained
ROM1	TRUE	TRUE	retained
ROMO1	TRUE	TRUE	retained
ROR1	TRUE	TRUE	retained
ROR2	TRUE	TRUE	retained
RORA	TRUE	TRUE	retained
RP1	TRUE	TRUE	retained
RP1L1	TRUE	TRUE	retained
RP2	TRUE	TRUE	retained
RP9	TRUE	TRUE	retained
RP9P	TRUE	TRUE	retained
RPA1	TRUE	TRUE	retained
RPA2	TRUE	TRUE	retained
RPA2P2	TRUE	TRUE	retained
RPA2P3	TRUE	TRUE	retained
RPA3	TRUE	TRUE	retained
RPA3P1	TRUE	TRUE	retained
RPA4	TRUE	TRUE	retained
RPAIN	TRUE	TRUE	retained
RPAP1	TRUE	TRUE	retained
RPAP2	TRUE	TRUE	retained
RPAP3	TRUE	TRUE	retained
RPE	TRUE	TRUE	retained
RPEL1	TRUE	TRUE	retained
RPF1	TRUE	TRUE	retained
RPF2	TRUE	TRUE	retained
RPF2P1	TRUE	TRUE	retained
RPGR	TRUE	TRUE	retained
RPGRIP1	TRUE	TRUE	retained
RPGRIP1L	TRUE	TRUE	retained
RPH3AL	TRUE	TRUE	retained
RPH3AL-AS1	TRUE	TRUE	retained
RPIA	TRUE	TRUE	retained
RPL10	TRUE	TRUE	retained
RPL10A	TRUE	TRUE	retained
RPL10AP2	TRUE	TRUE	retained
RPL10AP6	TRUE	TRUE	retained
RPL10P12	TRUE	TRUE	retained
RPL10P16	TRUE	TRUE	retained
RPL10P3	TRUE	TRUE	retained
RPL10P6	TRUE	TRUE	retained
RPL10P9	TRUE	TRUE	retained
RPL11	TRUE	TRUE	retained
RPL11P3	TRUE	TRUE	retained
RPL11P5	TRUE	TRUE	retained
RPL12	TRUE	TRUE	retained
RPL12P12	TRUE	TRUE	retained
RPL12P14	TRUE	TRUE	retained
RPL12P19	TRUE	TRUE	retained
RPL12P35	TRUE	TRUE	retained
RPL12P38	TRUE	TRUE	retained
RPL12P4	TRUE	TRUE	retained
RPL12P6	TRUE	TRUE	retained
RPL12P8	TRUE	TRUE	retained
RPL13	TRUE	TRUE	retained
RPL13A	TRUE	TRUE	retained
RPL13AP20	TRUE	TRUE	retained
RPL13AP25	TRUE	TRUE	retained
RPL13AP5	TRUE	TRUE	retained
RPL13AP6	TRUE	TRUE	retained
RPL13AP7	TRUE	TRUE	retained
RPL13P12	TRUE	TRUE	retained
RPL14	TRUE	TRUE	retained
RPL14P1	TRUE	TRUE	retained
RPL14P3	TRUE	TRUE	retained
RPL15	TRUE	TRUE	retained
RPL15P18	TRUE	TRUE	retained
RPL15P3	TRUE	TRUE	retained
RPL17	TRUE	TRUE	retained
RPL17P22	TRUE	TRUE	retained
RPL17P36	TRUE	TRUE	retained
RPL18	TRUE	TRUE	retained
RPL18A	TRUE	TRUE	retained
RPL18AP3	TRUE	TRUE	retained
RPL18P11	TRUE	TRUE	retained
RPL18P13	TRUE	TRUE	retained
RPL19	TRUE	TRUE	retained
RPL19P16	TRUE	TRUE	retained
RPL19P21	TRUE	TRUE	retained
RPL19P4	TRUE	TRUE	retained
RPL19P5	TRUE	TRUE	retained
RPL21	TRUE	TRUE	retained
RPL21P11	TRUE	TRUE	retained
RPL21P119	TRUE	TRUE	retained
RPL21P120	TRUE	TRUE	retained
RPL21P134	TRUE	TRUE	retained
RPL21P16	TRUE	TRUE	retained
RPL21P28	TRUE	TRUE	retained
RPL21P39	TRUE	TRUE	retained
RPL21P75	TRUE	TRUE	retained
RPL21P93	TRUE	TRUE	retained
RPL22	TRUE	TRUE	retained
RPL22L1	TRUE	TRUE	retained
RPL22P1	TRUE	TRUE	retained
RPL22P11	TRUE	TRUE	retained
RPL22P12	TRUE	TRUE	retained
RPL22P13	TRUE	TRUE	retained
RPL22P16	TRUE	TRUE	retained
RPL22P2	TRUE	TRUE	retained
RPL22P3	TRUE	TRUE	retained
RPL23	TRUE	TRUE	retained
RPL23A	TRUE	TRUE	retained
RPL23AP18	TRUE	TRUE	retained
RPL23AP2	TRUE	TRUE	retained
RPL23AP25	TRUE	TRUE	retained
RPL23AP32	TRUE	TRUE	retained
RPL23AP4	TRUE	TRUE	retained
RPL23AP42	TRUE	TRUE	retained
RPL23AP53	TRUE	TRUE	retained
RPL23AP65	TRUE	TRUE	retained
RPL23AP7	TRUE	TRUE	retained
RPL23AP74	TRUE	TRUE	retained
RPL23AP82	TRUE	TRUE	retained
RPL23AP87	TRUE	TRUE	retained
RPL23P2	TRUE	TRUE	retained
RPL23P5	TRUE	TRUE	retained
RPL23P8	TRUE	TRUE	retained
RPL24	TRUE	TRUE	retained
RPL24P2	TRUE	TRUE	retained
RPL24P4	TRUE	TRUE	retained
RPL24P7	TRUE	TRUE	retained
RPL24P8	TRUE	TRUE	retained
RPL26	TRUE	TRUE	retained
RPL26L1	TRUE	TRUE	retained
RPL26P19	TRUE	TRUE	retained
RPL26P30	TRUE	TRUE	retained
RPL26P36	TRUE	TRUE	retained
RPL26P37	TRUE	TRUE	retained
RPL26P6	TRUE	TRUE	retained
RPL27	TRUE	TRUE	retained
RPL27A	TRUE	TRUE	retained
RPL27AP	TRUE	TRUE	retained
RPL27AP5	TRUE	TRUE	retained
RPL27P6	TRUE	TRUE	retained
RPL27P7	TRUE	TRUE	retained
RPL28	TRUE	TRUE	retained
RPL29	TRUE	TRUE	retained
RPL29P11	TRUE	TRUE	retained
RPL29P12	TRUE	TRUE	retained
RPL3	TRUE	TRUE	retained
RPL30	TRUE	TRUE	retained
RPL30P14	TRUE	TRUE	retained
RPL30P3	TRUE	TRUE	retained
RPL30P4	TRUE	TRUE	retained
RPL31	TRUE	TRUE	retained
RPL31P11	TRUE	TRUE	retained
RPL31P17	TRUE	TRUE	retained
RPL31P49	TRUE	TRUE	retained
RPL31P61	TRUE	TRUE	retained
RPL31P63	TRUE	TRUE	retained
RPL32	TRUE	TRUE	retained
RPL32P16	TRUE	TRUE	retained
RPL32P18	TRUE	TRUE	retained
RPL34	TRUE	TRUE	retained
RPL34P1	TRUE	TRUE	retained
RPL34P18	TRUE	TRUE	retained
RPL34P27	TRUE	TRUE	retained
RPL34P31	TRUE	TRUE	retained
RPL34P33	TRUE	TRUE	retained
RPL34P34	TRUE	TRUE	retained
RPL34P6	TRUE	TRUE	retained
RPL35	TRUE	TRUE	retained
RPL35A	TRUE	TRUE	retained
RPL35AP11	TRUE	TRUE	retained
RPL35AP13	TRUE	TRUE	retained
RPL35AP17	TRUE	TRUE	retained
RPL35AP19	TRUE	TRUE	retained
RPL35AP20	TRUE	TRUE	retained
RPL35AP21	TRUE	TRUE	retained
RPL35AP28	TRUE	TRUE	retained
RPL35AP33	TRUE	TRUE	retained
RPL35AP34	TRUE	TRUE	retained
RPL35AP35	TRUE	TRUE	retained
RPL35AP36	TRUE	TRUE	retained
RPL35AP5	TRUE	TRUE	retained
RPL35AP7	TRUE	TRUE	retained
RPL35P1	TRUE	TRUE	retained
RPL35P2	TRUE	TRUE	retained
RPL35P5	TRUE	TRUE	retained
RPL36	TRUE	TRUE	retained
RPL36A	TRUE	TRUE	retained
RPL36AL	TRUE	TRUE	retained
RPL36P2	TRUE	TRUE	retained
RPL37	TRUE	TRUE	retained
RPL37A	TRUE	TRUE	retained
RPL37AP1	TRUE	TRUE	retained
RPL37AP8	TRUE	TRUE	retained
RPL37P2	TRUE	TRUE	retained
RPL37P23	TRUE	TRUE	retained
RPL37P6	TRUE	TRUE	retained
RPL38	TRUE	TRUE	retained
RPL38P2	TRUE	TRUE	retained
RPL38P3	TRUE	TRUE	retained
RPL39P3	TRUE	TRUE	retained
RPL3P1	TRUE	TRUE	retained
RPL3P12	TRUE	TRUE	retained
RPL3P2	TRUE	TRUE	retained
RPL3P3	TRUE	TRUE	retained
RPL3P4	TRUE	TRUE	retained
RPL3P5	TRUE	TRUE	retained
RPL3P6	TRUE	TRUE	retained
RPL3P7	TRUE	TRUE	retained
RPL3P9	TRUE	TRUE	retained
RPL4	TRUE	TRUE	retained
RPL41	TRUE	TRUE	retained
RPL41P1	TRUE	TRUE	retained
RPL41P2	TRUE	TRUE	retained
RPL41P5	TRUE	TRUE	retained
RPL4P2	TRUE	TRUE	retained
RPL4P3	TRUE	TRUE	retained
RPL4P4	TRUE	TRUE	retained
RPL4P5	TRUE	TRUE	retained
RPL5	TRUE	TRUE	retained
RPL5P1	TRUE	TRUE	retained
RPL5P11	TRUE	TRUE	retained
RPL5P12	TRUE	TRUE	retained
RPL5P17	TRUE	TRUE	retained
RPL5P18	TRUE	TRUE	retained
RPL5P22	TRUE	TRUE	retained
RPL5P23	TRUE	TRUE	retained
RPL5P24	TRUE	TRUE	retained
RPL5P28	TRUE	TRUE	retained
RPL5P29	TRUE	TRUE	retained
RPL5P3	TRUE	TRUE	retained
RPL5P30	TRUE	TRUE	retained
RPL5P32	TRUE	TRUE	retained
RPL5P34	TRUE	TRUE	retained
RPL5P4	TRUE	TRUE	retained
RPL5P5	TRUE	TRUE	retained
RPL5P9	TRUE	TRUE	retained
RPL6	TRUE	TRUE	retained
RPL6P27	TRUE	TRUE	retained
RPL7	TRUE	TRUE	retained
RPL7A	TRUE	TRUE	retained
RPL7AP11	TRUE	TRUE	retained
RPL7AP30	TRUE	TRUE	retained
RPL7AP34	TRUE	TRUE	retained
RPL7AP50	TRUE	TRUE	retained
RPL7AP6	TRUE	TRUE	retained
RPL7AP66	TRUE	TRUE	retained
RPL7L1	TRUE	TRUE	retained
RPL7P1	TRUE	TRUE	retained
RPL7P19	TRUE	TRUE	retained
RPL7P21	TRUE	TRUE	retained
RPL7P22	TRUE	TRUE	retained
RPL7P23	TRUE	TRUE	retained
RPL7P32	TRUE	TRUE	retained
RPL7P46	TRUE	TRUE	retained
RPL7P47	TRUE	TRUE	retained
RPL7P57	TRUE	TRUE	retained
RPL7P6	TRUE	TRUE	retained
RPL7P9	TRUE	TRUE	retained
RPL8	TRUE	TRUE	retained
RPL8P2	TRUE	TRUE	retained
RPL9	TRUE	TRUE	retained
RPL9P32	TRUE	TRUE	retained
RPL9P7	TRUE	TRUE	retained
RPLP0	TRUE	TRUE	retained
RPLP0P2	TRUE	TRUE	retained
RPLP0P6	TRUE	TRUE	retained
RPLP1	TRUE	TRUE	retained
RPLP2	TRUE	TRUE	retained
RPN1	TRUE	TRUE	retained
RPN2	TRUE	TRUE	retained
RPP14	TRUE	TRUE	retained
RPP21	TRUE	TRUE	retained
RPP25	TRUE	TRUE	retained
RPP25L	TRUE	TRUE	retained
RPP30	TRUE	TRUE	retained
RPP38	TRUE	TRUE	retained
RPP40	TRUE	TRUE	retained
RPRD1A	TRUE	TRUE	retained
RPRD1B	TRUE	TRUE	retained
RPRD2	TRUE	TRUE	retained
RPS10	TRUE	TRUE	retained
RPS10P3	TRUE	TRUE	retained
RPS11	TRUE	TRUE	retained
RPS11P5	TRUE	TRUE	retained
RPS11P7	TRUE	TRUE	retained
RPS12	TRUE	TRUE	retained
RPS12P23	TRUE	TRUE	retained
RPS12P26	TRUE	TRUE	retained
RPS12P4	TRUE	TRUE	retained
RPS13	TRUE	TRUE	retained
RPS13P2	TRUE	TRUE	retained
RPS14	TRUE	TRUE	retained
RPS14P8	TRUE	TRUE	retained
RPS15	TRUE	TRUE	retained
RPS15A	TRUE	TRUE	retained
RPS15AP1	TRUE	TRUE	retained
RPS15AP11	TRUE	TRUE	retained
RPS15AP12	TRUE	TRUE	retained
RPS15AP24	TRUE	TRUE	retained
RPS15AP38	TRUE	TRUE	retained
RPS15P4	TRUE	TRUE	retained
RPS15P5	TRUE	TRUE	retained
RPS16	TRUE	TRUE	retained
RPS17	TRUE	TRUE	retained
RPS17P2	TRUE	TRUE	retained
RPS17P5	TRUE	TRUE	retained
RPS18	TRUE	TRUE	retained
RPS18P12	TRUE	TRUE	retained
RPS18P9	TRUE	TRUE	retained
RPS19	TRUE	TRUE	retained
RPS19BP1	TRUE	TRUE	retained
RPS19P1	TRUE	TRUE	retained
RPS19P3	TRUE	TRUE	retained
RPS19P7	TRUE	TRUE	retained
RPS2	TRUE	TRUE	retained
RPS20	TRUE	TRUE	retained
RPS20P14	TRUE	TRUE	retained
RPS21	TRUE	TRUE	retained
RPS23	TRUE	TRUE	retained
RPS23P1	TRUE	TRUE	retained
RPS23P2	TRUE	TRUE	retained
RPS23P7	TRUE	TRUE	retained
RPS23P8	TRUE	TRUE	retained
RPS24	TRUE	TRUE	retained
RPS24P17	TRUE	TRUE	retained
RPS24P19	TRUE	TRUE	retained
RPS24P6	TRUE	TRUE	retained
RPS24P8	TRUE	TRUE	retained
RPS25	TRUE	TRUE	retained
RPS26	TRUE	TRUE	retained
RPS26P11	TRUE	TRUE	retained
RPS26P15	TRUE	TRUE	retained
RPS26P28	TRUE	TRUE	retained
RPS26P3	TRUE	TRUE	retained
RPS26P31	TRUE	TRUE	retained
RPS26P47	TRUE	TRUE	retained
RPS26P58	TRUE	TRUE	retained
RPS26P6	TRUE	TRUE	retained
RPS26P8	TRUE	TRUE	retained
RPS27	TRUE	TRUE	retained
RPS27A	TRUE	TRUE	retained
RPS27AP11	TRUE	TRUE	retained
RPS27AP12	TRUE	TRUE	retained
RPS27AP16	TRUE	TRUE	retained
RPS27AP5	TRUE	TRUE	retained
RPS27L	TRUE	TRUE	retained
RPS27P27	TRUE	TRUE	retained
RPS27P29	TRUE	TRUE	retained
RPS28	TRUE	TRUE	retained
RPS28P4	TRUE	TRUE	retained
RPS28P7	TRUE	TRUE	retained
RPS29	TRUE	TRUE	retained
RPS29P16	TRUE	TRUE	retained
RPS29P3	TRUE	TRUE	retained
RPS29P5	TRUE	TRUE	retained
RPS2P17	TRUE	TRUE	retained
RPS2P32	TRUE	TRUE	retained
RPS2P4	TRUE	TRUE	retained
RPS2P46	TRUE	TRUE	retained
RPS2P48	TRUE	TRUE	retained
RPS2P5	TRUE	TRUE	retained
RPS2P55	TRUE	TRUE	retained
RPS2P7	TRUE	TRUE	retained
RPS3	TRUE	TRUE	retained
RPS3A	TRUE	TRUE	retained
RPS3AP20	TRUE	TRUE	retained
RPS3AP21	TRUE	TRUE	retained
RPS3AP26	TRUE	TRUE	retained
RPS3AP47	TRUE	TRUE	retained
RPS3AP5	TRUE	TRUE	retained
RPS3AP6	TRUE	TRUE	retained
RPS3P6	TRUE	TRUE	retained
RPS4X	TRUE	TRUE	retained
RPS4XP1	TRUE	TRUE	retained
RPS4XP11	TRUE	TRUE	retained
RPS4XP13	TRUE	TRUE	retained
RPS4XP14	TRUE	TRUE	retained
RPS4XP16	TRUE	TRUE	retained
RPS4XP2	TRUE	TRUE	retained
RPS4XP20	TRUE	TRUE	retained
RPS4XP22	TRUE	TRUE	retained
RPS4XP3	TRUE	TRUE	retained
RPS4XP6	TRUE	TRUE	retained
RPS4XP7	TRUE	TRUE	retained
RPS4XP8	TRUE	TRUE	retained
RPS5	TRUE	TRUE	retained
RPS5P3	TRUE	TRUE	retained
RPS5P8	TRUE	TRUE	retained
RPS6	TRUE	TRUE	retained
RPS6KA1	TRUE	TRUE	retained
RPS6KA2	TRUE	TRUE	retained
RPS6KA3	TRUE	TRUE	retained
RPS6KA4	TRUE	TRUE	retained
RPS6KA5	TRUE	TRUE	retained
RPS6KA6	TRUE	TRUE	retained
RPS6KB1	TRUE	TRUE	retained
RPS6KB2	TRUE	TRUE	retained
RPS6KC1	TRUE	TRUE	retained
RPS6KL1	TRUE	TRUE	retained
RPS6P22	TRUE	TRUE	retained
RPS6P25	TRUE	TRUE	retained
RPS6P26	TRUE	TRUE	retained
RPS7	TRUE	TRUE	retained
RPS7P1	TRUE	TRUE	retained
RPS7P10	TRUE	TRUE	retained
RPS7P11	TRUE	TRUE	retained
RPS7P4	TRUE	TRUE	retained
RPS8	TRUE	TRUE	retained
RPS8P10	TRUE	TRUE	retained
RPS8P4	TRUE	TRUE	retained
RPS9	TRUE	TRUE	retained
RPSA	TRUE	TRUE	retained
RPSAP12	TRUE	TRUE	retained
RPSAP15	TRUE	TRUE	retained
RPSAP17	TRUE	TRUE	retained
RPSAP18	TRUE	TRUE	retained
RPSAP19	TRUE	TRUE	retained
RPSAP3	TRUE	TRUE	retained
RPSAP36	TRUE	TRUE	retained
RPSAP4	TRUE	TRUE	retained
RPSAP45	TRUE	TRUE	retained
RPSAP47	TRUE	TRUE	retained
RPSAP54	TRUE	TRUE	retained
RPSAP58	TRUE	TRUE	retained
RPSAP6	TRUE	TRUE	retained
RPSAP61	TRUE	TRUE	retained
RPSAP8	TRUE	TRUE	retained
RPSAP9	TRUE	TRUE	retained
RPTOR	TRUE	TRUE	retained
RPUSD1	TRUE	TRUE	retained
RPUSD2	TRUE	TRUE	retained
RPUSD3	TRUE	TRUE	retained
RPUSD4	TRUE	TRUE	retained
RRAD	TRUE	TRUE	retained
RRAGA	TRUE	TRUE	retained
RRAGB	TRUE	TRUE	retained
RRAGC	TRUE	TRUE	retained
RRAGD	TRUE	TRUE	retained
RRAS	TRUE	TRUE	retained
RRAS2	TRUE	TRUE	retained
RRAS2P1	TRUE	TRUE	retained
RRBP1	TRUE	TRUE	retained
RREB1	TRUE	TRUE	retained
RRM1	TRUE	TRUE	retained
RRM2	TRUE	TRUE	retained
RRM2B	TRUE	TRUE	retained
RRM2P3	TRUE	TRUE	retained
RRN3	TRUE	TRUE	retained
RRN3P1	TRUE	TRUE	retained
RRN3P4	TRUE	TRUE	retained
RRNAD1	TRUE	TRUE	retained
RRP1	TRUE	TRUE	retained
RRP12	TRUE	TRUE	retained
RRP15	TRUE	TRUE	retained
RRP1B	TRUE	TRUE	retained
RRP36	TRUE	TRUE	retained
RRP7A	TRUE	TRUE	retained
RRP7BP	TRUE	TRUE	retained
RRP8	TRUE	TRUE	retained
RRP9	TRUE	TRUE	retained
RRS1	TRUE	TRUE	retained
RSAD1	TRUE	TRUE	retained
RSAD2	TRUE	TRUE	retained
RSBN1	TRUE	TRUE	retained
RSBN1L	TRUE	TRUE	retained
RSF1	TRUE	TRUE	retained
RSKR	TRUE	TRUE	retained
RSL1D1	TRUE	TRUE	retained
RSL24D1	TRUE	TRUE	retained
RSL24D1P1	TRUE	TRUE	retained
RSL24D1P11	TRUE	TRUE	retained
RSPH3	TRUE	TRUE	retained
RSPH4A	TRUE	TRUE	retained
RSPH9	TRUE	TRUE	retained
RSPO2	TRUE	TRUE	retained
RSPO3	TRUE	TRUE	retained
RSPO4	TRUE	TRUE	retained
RSPRY1	TRUE	TRUE	retained
RSRC1	TRUE	TRUE	retained
RSRC2	TRUE	TRUE	retained
RSRP1	TRUE	TRUE	retained
RSU1	TRUE	TRUE	retained
RTCA	TRUE	TRUE	retained
RTCB	TRUE	TRUE	retained
RTEL1	TRUE	TRUE	retained
RTEL1-TNFRSF6B	TRUE	TRUE	retained
RTEL1P1	TRUE	TRUE	retained
RTF1	TRUE	TRUE	retained
RTF2	TRUE	TRUE	retained
RTKN	TRUE	TRUE	retained
RTKN2	TRUE	TRUE	retained
RTL1	TRUE	TRUE	retained
RTL10	TRUE	TRUE	retained
RTL5	TRUE	TRUE	retained
RTL6	TRUE	TRUE	retained
RTL8A	TRUE	TRUE	retained
RTL8B	TRUE	TRUE	retained
RTL8C	TRUE	TRUE	retained
RTL9	TRUE	TRUE	retained
RTN1	TRUE	TRUE	retained
RTN2	TRUE	TRUE	retained
RTN3	TRUE	TRUE	retained
RTN3P1	TRUE	TRUE	retained
RTN4	TRUE	TRUE	retained
RTN4IP1	TRUE	TRUE	retained
RTN4R	TRUE	TRUE	retained
RTN4RL1	TRUE	TRUE	retained
RTN4RL2	TRUE	TRUE	retained
RTRAF	TRUE	TRUE	retained
RTRAFP1	TRUE	TRUE	retained
RTRAFP2	TRUE	TRUE	retained
RTTN	TRUE	TRUE	retained
RUBCN	TRUE	TRUE	retained
RUBCNL	TRUE	TRUE	retained
RUFY1	TRUE	TRUE	retained
RUFY2	TRUE	TRUE	retained
RUFY3	TRUE	TRUE	retained
RUNDC1	TRUE	TRUE	retained
RUNDC3A	TRUE	TRUE	retained
RUNX1	TRUE	TRUE	retained
RUNX1T1	TRUE	TRUE	retained
RUNX2	TRUE	TRUE	retained
RUSC1	TRUE	TRUE	retained
RUSC1-AS1	TRUE	TRUE	retained
RUSC2	TRUE	TRUE	retained
RUSF1	TRUE	TRUE	retained
RUVBL1	TRUE	TRUE	retained
RUVBL2	TRUE	TRUE	retained
RWDD1	TRUE	TRUE	retained
RWDD2A	TRUE	TRUE	retained
RWDD2B	TRUE	TRUE	retained
RWDD3	TRUE	TRUE	retained
RWDD4	TRUE	TRUE	retained
RWDD4P1	TRUE	TRUE	retained
RWDD4P2	TRUE	TRUE	retained
RXRA	TRUE	TRUE	retained
RXRB	TRUE	TRUE	retained
RXYLT1	TRUE	TRUE	retained
RYBP	TRUE	TRUE	retained
RYK	TRUE	TRUE	retained
RYKP1	TRUE	TRUE	retained
RYR1	TRUE	TRUE	retained
RYR2	TRUE	TRUE	retained
RYR3	TRUE	TRUE	retained
S100A1	TRUE	TRUE	retained
S100A10	TRUE	TRUE	retained
S100A11	TRUE	TRUE	retained
S100A11P1	TRUE	TRUE	retained
S100A11P2	TRUE	TRUE	retained
S100A13	TRUE	TRUE	retained
S100A16	TRUE	TRUE	retained
S100A4	TRUE	TRUE	retained
S100A6	TRUE	TRUE	retained
S100A9	TRUE	TRUE	retained
S100P	TRUE	TRUE	retained
S100PBP	TRUE	TRUE	retained
S1PR1	TRUE	TRUE	retained
S1PR2	TRUE	TRUE	retained
S1PR3	TRUE	TRUE	retained
SAAL1	TRUE	TRUE	retained
SAC3D1	TRUE	TRUE	retained
SACM1L	TRUE	TRUE	retained
SACS	TRUE	TRUE	retained
SAE1	TRUE	TRUE	retained
SAFB	TRUE	TRUE	retained
SAFB2	TRUE	TRUE	retained
SALL1	TRUE	TRUE	retained
SALL2	TRUE	TRUE	retained
SALL4	TRUE	TRUE	retained
SAMD1	TRUE	TRUE	retained
SAMD10	TRUE	TRUE	retained
SAMD11	TRUE	TRUE	retained
SAMD14	TRUE	TRUE	retained
SAMD15	TRUE	TRUE	retained
SAMD4A	TRUE	TRUE	retained
SAMD4B	TRUE	TRUE	retained
SAMD5	TRUE	TRUE	retained
SAMD8	TRUE	TRUE	retained
SAMD9	TRUE	TRUE	retained
SAMD9L	TRUE	TRUE	retained
SAMHD1	TRUE	TRUE	retained
SAMM50	TRUE	TRUE	retained
SAMSN1	TRUE	TRUE	retained
SAP130	TRUE	TRUE	retained
SAP18	TRUE	TRUE	retained
SAP18P2	TRUE	TRUE	retained
SAP30	TRUE	TRUE	retained
SAP30BP	TRUE	TRUE	retained
SAP30L	TRUE	TRUE	retained
SAR1A	TRUE	TRUE	retained
SAR1AP1	TRUE	TRUE	retained
SAR1AP3	TRUE	TRUE	retained
SAR1AP4	TRUE	TRUE	retained
SAR1B	TRUE	TRUE	retained
SARAF	TRUE	TRUE	retained
SARDH	TRUE	TRUE	retained
SARM1	TRUE	TRUE	retained
SARS1	TRUE	TRUE	retained
SARS2	TRUE	TRUE	retained
SART1	TRUE	TRUE	retained
SART3	TRUE	TRUE	retained
SASH1	TRUE	TRUE	retained
SASH3	TRUE	TRUE	retained
SASS6	TRUE	TRUE	retained
SAT1	TRUE	TRUE	retained
SAT2	TRUE	TRUE	retained
SATB1	TRUE	TRUE	retained
SATB2	TRUE	TRUE	retained
SAV1	TRUE	TRUE	retained
SAYSD1	TRUE	TRUE	retained
SBDS	TRUE	TRUE	retained
SBDSP1	TRUE	TRUE	retained
SBF1	TRUE	TRUE	retained
SBF1P1	TRUE	TRUE	retained
SBF1P2	TRUE	TRUE	retained
SBF2	TRUE	TRUE	retained
SBF2-AS1	TRUE	TRUE	retained
SBNO1	TRUE	TRUE	retained
SBNO2	TRUE	TRUE	retained
SBSPON	TRUE	TRUE	retained
SC5D	TRUE	TRUE	retained
SCAF1	TRUE	TRUE	retained
SCAF11	TRUE	TRUE	retained
SCAF4	TRUE	TRUE	retained
SCAF8	TRUE	TRUE	retained
SCAI	TRUE	TRUE	retained
SCAMP1	TRUE	TRUE	retained
SCAMP2	TRUE	TRUE	retained
SCAMP3	TRUE	TRUE	retained
SCAMP4	TRUE	TRUE	retained
SCAMP5	TRUE	TRUE	retained
SCAND1	TRUE	TRUE	retained
SCAND2P	TRUE	TRUE	retained
SCAP	TRUE	TRUE	retained
SCAPER	TRUE	TRUE	retained
SCARA3	TRUE	TRUE	retained
SCARA5	TRUE	TRUE	retained
SCARB1	TRUE	TRUE	retained
SCARB2	TRUE	TRUE	retained
SCARF1	TRUE	TRUE	retained
SCARF2	TRUE	TRUE	retained
SCARNA1	TRUE	TRUE	retained
SCARNA21	TRUE	TRUE	retained
SCARNA5	TRUE	TRUE	retained
SCARNA6	TRUE	TRUE	retained
SCARNA7	TRUE	TRUE	retained
SCARNA9	TRUE	TRUE	retained
SCART1	TRUE	TRUE	retained
SCCPDH	TRUE	TRUE	retained
SCD	TRUE	TRUE	retained
SCD5	TRUE	TRUE	retained
SCDP1	TRUE	TRUE	retained
SCFD1	TRUE	TRUE	retained
SCFD2	TRUE	TRUE	retained
SCG2	TRUE	TRUE	retained
SCHIP1	TRUE	TRUE	retained
SCIN	TRUE	TRUE	retained
SCLT1	TRUE	TRUE	retained
SCLY	TRUE	TRUE	retained
SCMH1	TRUE	TRUE	retained
SCML1	TRUE	TRUE	retained
SCML2	TRUE	TRUE	retained
SCN11A	TRUE	TRUE	retained
SCN1A	TRUE	TRUE	retained
SCN1B	TRUE	TRUE	retained
SCN2A	TRUE	TRUE	retained
SCN3A	TRUE	TRUE	retained
SCN3B	TRUE	TRUE	retained
SCN4B	TRUE	TRUE	retained
SCN5A	TRUE	TRUE	retained
SCN7A	TRUE	TRUE	retained
SCN8A	TRUE	TRUE	retained
SCN9A	TRUE	TRUE	retained
SCNM1	TRUE	TRUE	retained
SCNN1A	TRUE	TRUE	retained
SCNN1D	TRUE	TRUE	retained
SCO1	TRUE	TRUE	retained
SCOC	TRUE	TRUE	retained
SCP2	TRUE	TRUE	retained
SCPEP1	TRUE	TRUE	retained
SCRIB	TRUE	TRUE	retained
SCRN1	TRUE	TRUE	retained
SCRN2	TRUE	TRUE	retained
SCRN3	TRUE	TRUE	retained
SCT	TRUE	TRUE	retained
SCTR	TRUE	TRUE	retained
SCUBE1	TRUE	TRUE	retained
SCUBE2	TRUE	TRUE	retained
SCUBE3	TRUE	TRUE	retained
SCX	TRUE	TRUE	retained
SCYL1	TRUE	TRUE	retained
SCYL2	TRUE	TRUE	retained
SCYL2P1	TRUE	TRUE	retained
SCYL3	TRUE	TRUE	retained
SDAD1	TRUE	TRUE	retained
SDAD1P1	TRUE	TRUE	retained
SDAD1P2	TRUE	TRUE	retained
SDC1	TRUE	TRUE	retained
SDC2	TRUE	TRUE	retained
SDC3	TRUE	TRUE	retained
SDC4	TRUE	TRUE	retained
SDCBP	TRUE	TRUE	retained
SDCBP2	TRUE	TRUE	retained
SDCBPP1	TRUE	TRUE	retained
SDCBPP2	TRUE	TRUE	retained
SDCBPP3	TRUE	TRUE	retained
SDCCAG8	TRUE	TRUE	retained
SDE2	TRUE	TRUE	retained
SDF2	TRUE	TRUE	retained
SDF2L1	TRUE	TRUE	retained
SDF4	TRUE	TRUE	retained
SDHA	TRUE	TRUE	retained
SDHAF1	TRUE	TRUE	retained
SDHAF3	TRUE	TRUE	retained
SDHAF4	TRUE	TRUE	retained
SDHAP1	TRUE	TRUE	retained
SDHAP3	TRUE	TRUE	retained
SDHB	TRUE	TRUE	retained
SDHC	TRUE	TRUE	retained
SDHCP2	TRUE	TRUE	retained
SDHCP4	TRUE	TRUE	retained
SDHD	TRUE	TRUE	retained
SDHDP2	TRUE	TRUE	retained
SDHDP3	TRUE	TRUE	retained
SDHDP6	TRUE	TRUE	retained
SDK1	TRUE	TRUE	retained
SDK2	TRUE	TRUE	retained
SDR39U1	TRUE	TRUE	retained
SDS	TRUE	TRUE	retained
SDSL	TRUE	TRUE	retained
SEC11A	TRUE	TRUE	retained
SEC11B	TRUE	TRUE	retained
SEC11C	TRUE	TRUE	retained
SEC13	TRUE	TRUE	retained
SEC13P1	TRUE	TRUE	retained
SEC14L1	TRUE	TRUE	retained
SEC14L1P1	TRUE	TRUE	retained
SEC14L2	TRUE	TRUE	retained
SEC14L5	TRUE	TRUE	retained
SEC16A	TRUE	TRUE	retained
SEC22A	TRUE	TRUE	retained
SEC22B	TRUE	TRUE	retained
SEC22C	TRUE	TRUE	retained
SEC23A	TRUE	TRUE	retained
SEC23B	TRUE	TRUE	retained
SEC23IP	TRUE	TRUE	retained
SEC24A	TRUE	TRUE	retained
SEC24B	TRUE	TRUE	retained
SEC24C	TRUE	TRUE	retained
SEC24D	TRUE	TRUE	retained
SEC31A	TRUE	TRUE	retained
SEC31B	TRUE	TRUE	retained
SEC61A1	TRUE	TRUE	retained
SEC61A2	TRUE	TRUE	retained
SEC61B	TRUE	TRUE	retained
SEC61G	TRUE	TRUE	retained
SEC62	TRUE	TRUE	retained
SEC63	TRUE	TRUE	retained
SEC63P1	TRUE	TRUE	retained
SECISBP2	TRUE	TRUE	retained
SECISBP2L	TRUE	TRUE	retained
SECTM1	TRUE	TRUE	retained
SEH1L	TRUE	TRUE	retained
SEL1L	TRUE	TRUE	retained
SEL1L3	TRUE	TRUE	retained
SELENBP1	TRUE	TRUE	retained
SELENOF	TRUE	TRUE	retained
SELENOH	TRUE	TRUE	retained
SELENOI	TRUE	TRUE	retained
SELENOK	TRUE	TRUE	retained
SELENOKP1	TRUE	TRUE	retained
SELENOKP2	TRUE	TRUE	retained
SELENOM	TRUE	TRUE	retained
SELENON	TRUE	TRUE	retained
SELENOO	TRUE	TRUE	retained
SELENOP	TRUE	TRUE	retained
SELENOS	TRUE	TRUE	retained
SELENOT	TRUE	TRUE	retained
SELENOTP1	TRUE	TRUE	retained
SELENOW	TRUE	TRUE	retained
SELENOWP1	TRUE	TRUE	retained
SELL	TRUE	TRUE	retained
SELP	TRUE	TRUE	retained
SELPLG	TRUE	TRUE	retained
SEM1	TRUE	TRUE	retained
SEM1P1	TRUE	TRUE	retained
SEMA3A	TRUE	TRUE	retained
SEMA3B	TRUE	TRUE	retained
SEMA3C	TRUE	TRUE	retained
SEMA3D	TRUE	TRUE	retained
SEMA3E	TRUE	TRUE	retained
SEMA3F	TRUE	TRUE	retained
SEMA3F-AS1	TRUE	TRUE	retained
SEMA3G	TRUE	TRUE	retained
SEMA4A	TRUE	TRUE	retained
SEMA4B	TRUE	TRUE	retained
SEMA4C	TRUE	TRUE	retained
SEMA4D	TRUE	TRUE	retained
SEMA4F	TRUE	TRUE	retained
SEMA4G	TRUE	TRUE	retained
SEMA5A	TRUE	TRUE	retained
SEMA5B	TRUE	TRUE	retained
SEMA6A	TRUE	TRUE	retained
SEMA6B	TRUE	TRUE	retained
SEMA6C	TRUE	TRUE	retained
SEMA6D	TRUE	TRUE	retained
SEMA7A	TRUE	TRUE	retained
SENP1	TRUE	TRUE	retained
SENP2	TRUE	TRUE	retained
SENP3	TRUE	TRUE	retained
SENP5	TRUE	TRUE	retained
SENP6	TRUE	TRUE	retained
SENP7	TRUE	TRUE	retained
SENP8	TRUE	TRUE	retained
SEPHS1	TRUE	TRUE	retained
SEPHS1P1	TRUE	TRUE	retained
SEPHS1P4	TRUE	TRUE	retained
SEPHS1P6	TRUE	TRUE	retained
SEPHS2	TRUE	TRUE	retained
SEPSECS	TRUE	TRUE	retained
SEPTIN1	TRUE	TRUE	retained
SEPTIN10	TRUE	TRUE	retained
SEPTIN10P1	TRUE	TRUE	retained
SEPTIN11	TRUE	TRUE	retained
SEPTIN2	TRUE	TRUE	retained
SEPTIN2P1	TRUE	TRUE	retained
SEPTIN3	TRUE	TRUE	retained
SEPTIN4	TRUE	TRUE	retained
SEPTIN5	TRUE	TRUE	retained
SEPTIN6	TRUE	TRUE	retained
SEPTIN7	TRUE	TRUE	retained
SEPTIN7P13	TRUE	TRUE	retained
SEPTIN7P14	TRUE	TRUE	retained
SEPTIN7P2	TRUE	TRUE	retained
SEPTIN7P6	TRUE	TRUE	retained
SEPTIN7P7	TRUE	TRUE	retained
SEPTIN7P8	TRUE	TRUE	retained
SEPTIN7P9	TRUE	TRUE	retained
SEPTIN8	TRUE	TRUE	retained
SEPTIN9	TRUE	TRUE	retained
SERAC1	TRUE	TRUE	retained
SERBP1	TRUE	TRUE	retained
SERBP1P1	TRUE	TRUE	retained
SERBP1P5	TRUE	TRUE	retained
SERBP1P6	TRUE	TRUE	retained
SERF1A	TRUE	TRUE	retained
SERF1B	TRUE	TRUE	retained
SERF2	TRUE	TRUE	retained
SERGEF	TRUE	TRUE	retained
SERHL	TRUE	TRUE	retained
SERHL2	TRUE	TRUE	retained
SERINC1	TRUE	TRUE	retained
SERINC2	TRUE	TRUE	retained
SERINC3	TRUE	TRUE	retained
SERINC5	TRUE	TRUE	retained
SERP1	TRUE	TRUE	retained
SERPINA1	TRUE	TRUE	retained
SERPINB1	TRUE	TRUE	retained
SERPINB2	TRUE	TRUE	retained
SERPINB6	TRUE	TRUE	retained
SERPINB8	TRUE	TRUE	retained
SERPINB9	TRUE	TRUE	retained
SERPINC1	TRUE	TRUE	retained
SERPIND1	TRUE	TRUE	retained
SERPINE1	TRUE	TRUE	retained
SERPINE2	TRUE	TRUE	retained
SERPINE4P	TRUE	TRUE	retained
SERPINF1	TRUE	TRUE	retained
SERPINF2	TRUE	TRUE	retained
SERPING1	TRUE	TRUE	retained
SERPINH1	TRUE	TRUE	retained
SERPINH1P1	TRUE	TRUE	retained
SERPINI1	TRUE	TRUE	retained
SERTAD1	TRUE	TRUE	retained
SERTAD2	TRUE	TRUE	retained
SERTAD3	TRUE	TRUE	retained
SERTAD4	TRUE	TRUE	retained
SESN1	TRUE	TRUE	retained
SESN2	TRUE	TRUE	retained
SESN3	TRUE	TRUE	retained
SESTD1	TRUE	TRUE	retained
SET	TRUE	TRUE	retained
SETBP1	TRUE	TRUE	retained
SETD1A	TRUE	TRUE	retained
SETD1B	TRUE	TRUE	retained
SETD2	TRUE	TRUE	retained
SETD3	TRUE	TRUE	retained
SETD4	TRUE	TRUE	retained
SETD5	TRUE	TRUE	retained
SETD6	TRUE	TRUE	retained
SETD7	TRUE	TRUE	retained
SETD9	TRUE	TRUE	retained
SETDB1	TRUE	TRUE	retained
SETDB2	TRUE	TRUE	retained
SETMAR	TRUE	TRUE	retained
SETP14	TRUE	TRUE	retained
SETP3	TRUE	TRUE	retained
SETSIP	TRUE	TRUE	retained
SETX	TRUE	TRUE	retained
SEZ6	TRUE	TRUE	retained
SEZ6L	TRUE	TRUE	retained
SEZ6L2	TRUE	TRUE	retained
SF1	TRUE	TRUE	retained
SF3A1	TRUE	TRUE	retained
SF3A2	TRUE	TRUE	retained
SF3A3	TRUE	TRUE	retained
SF3A3P1	TRUE	TRUE	retained
SF3A3P2	TRUE	TRUE	retained
SF3B1	TRUE	TRUE	retained
SF3B2	TRUE	TRUE	retained
SF3B3	TRUE	TRUE	retained
SF3B4	TRUE	TRUE	retained
SF3B4P1	TRUE	TRUE	retained
SF3B5	TRUE	TRUE	retained
SF3B6	TRUE	TRUE	retained
SFI1	TRUE	TRUE	retained
SFMBT1	TRUE	TRUE	retained
SFMBT2	TRUE	TRUE	retained
SFN	TRUE	TRUE	retained
SFPQ	TRUE	TRUE	retained
SFPQP1	TRUE	TRUE	retained
SFRP1	TRUE	TRUE	retained
SFSWAP	TRUE	TRUE	retained
SFT2D1	TRUE	TRUE	retained
SFT2D2	TRUE	TRUE	retained
SFTPD	TRUE	TRUE	retained
SFXN1	TRUE	TRUE	retained
SFXN2	TRUE	TRUE	retained
SFXN3	TRUE	TRUE	retained
SFXN4	TRUE	TRUE	retained
SFXN5	TRUE	TRUE	retained
SGCA	TRUE	TRUE	retained
SGCB	TRUE	TRUE	retained
SGCD	TRUE	TRUE	retained
SGCE	TRUE	TRUE	retained
SGF29	TRUE	TRUE	retained
SGIP1	TRUE	TRUE	retained
SGK1	TRUE	TRUE	retained
SGK2	TRUE	TRUE	retained
SGMS1	TRUE	TRUE	retained
SGMS2	TRUE	TRUE	retained
SGO1	TRUE	TRUE	retained
SGO2	TRUE	TRUE	retained
SGPL1	TRUE	TRUE	retained
SGPP1	TRUE	TRUE	retained
SGSH	TRUE	TRUE	retained
SGSM1	TRUE	TRUE	retained
SGSM2	TRUE	TRUE	retained
SGSM3	TRUE	TRUE	retained
SGTA	TRUE	TRUE	retained
SGTB	TRUE	TRUE	retained
SH2B1	TRUE	TRUE	retained
SH2B2	TRUE	TRUE	retained
SH2B3	TRUE	TRUE	retained
SH2D3A	TRUE	TRUE	retained
SH2D3C	TRUE	TRUE	retained
SH2D4A	TRUE	TRUE	retained
SH2D5	TRUE	TRUE	retained
SH3BGRL	TRUE	TRUE	retained
SH3BGRL2	TRUE	TRUE	retained
SH3BGRL3	TRUE	TRUE	retained
SH3BP1	TRUE	TRUE	retained
SH3BP2	TRUE	TRUE	retained
SH3BP4	TRUE	TRUE	retained
SH3BP5	TRUE	TRUE	retained
SH3BP5-AS1	TRUE	TRUE	retained
SH3BP5L	TRUE	TRUE	retained
SH3D19	TRUE	TRUE	retained
SH3D21	TRUE	TRUE	retained
SH3GL1	TRUE	TRUE	retained
SH3GL1P1	TRUE	TRUE	retained
SH3GL1P2	TRUE	TRUE	retained
SH3GL3	TRUE	TRUE	retained
SH3GLB1	TRUE	TRUE	retained
SH3GLB2	TRUE	TRUE	retained
SH3KBP1	TRUE	TRUE	retained
SH3PXD2A	TRUE	TRUE	retained
SH3PXD2B	TRUE	TRUE	retained
SH3RF1	TRUE	TRUE	retained
SH3RF3	TRUE	TRUE	retained
SH3TC1	TRUE	TRUE	retained
SH3TC2	TRUE	TRUE	retained
SH3YL1	TRUE	TRUE	retained
SHANK1	TRUE	TRUE	retained
SHANK2	TRUE	TRUE	retained
SHANK2-AS3	TRUE	TRUE	retained
SHANK3	TRUE	TRUE	retained
SHARPIN	TRUE	TRUE	retained
SHB	TRUE	TRUE	retained
SHC1	TRUE	TRUE	retained
SHC1P1	TRUE	TRUE	retained
SHC1P2	TRUE	TRUE	retained
SHC2	TRUE	TRUE	retained
SHCBP1	TRUE	TRUE	retained
SHE	TRUE	TRUE	retained
SHF	TRUE	TRUE	retained
SHFL	TRUE	TRUE	retained
SHISA4	TRUE	TRUE	retained
SHISA5	TRUE	TRUE	retained
SHISA5P2	TRUE	TRUE	retained
SHISA6	TRUE	TRUE	retained
SHKBP1	TRUE	TRUE	retained
SHLD2	TRUE	TRUE	retained
SHLD2P1	TRUE	TRUE	retained
SHLD2P2	TRUE	TRUE	retained
SHLD2P3	TRUE	TRUE	retained
SHMT1	TRUE	TRUE	retained
SHMT1P1	TRUE	TRUE	retained
SHMT2	TRUE	TRUE	retained
SHOC1	TRUE	TRUE	retained
SHOC2	TRUE	TRUE	retained
SHPRH	TRUE	TRUE	retained
SHQ1	TRUE	TRUE	retained
SHROOM1	TRUE	TRUE	retained
SHROOM2	TRUE	TRUE	retained
SHROOM3	TRUE	TRUE	retained
SHROOM4	TRUE	TRUE	retained
SHTN1	TRUE	TRUE	retained
SIAE	TRUE	TRUE	retained
SIAH1	TRUE	TRUE	retained
SIAH2	TRUE	TRUE	retained
SIAH2-AS1	TRUE	TRUE	retained
SIDT1	TRUE	TRUE	retained
SIDT2	TRUE	TRUE	retained
SIGIRR	TRUE	TRUE	retained
SIGLEC1	TRUE	TRUE	retained
SIGLEC10	TRUE	TRUE	retained
SIGLEC11	TRUE	TRUE	retained
SIGLEC14	TRUE	TRUE	retained
SIGLEC16	TRUE	TRUE	retained
SIGLEC6	TRUE	TRUE	retained
SIGLEC7	TRUE	TRUE	retained
SIGLEC9	TRUE	TRUE	retained
SIGMAR1	TRUE	TRUE	retained
SIK1	TRUE	TRUE	retained
SIK1B	TRUE	TRUE	retained
SIK2	TRUE	TRUE	retained
SIK3	TRUE	TRUE	retained
SIKE1	TRUE	TRUE	retained
SIL1	TRUE	TRUE	retained
SIMC1	TRUE	TRUE	retained
SIN3A	TRUE	TRUE	retained
SIN3B	TRUE	TRUE	retained
SINHCAF	TRUE	TRUE	retained
SINHCAFP1	TRUE	TRUE	retained
SINHCAFP2	TRUE	TRUE	retained
SIPA1	TRUE	TRUE	retained
SIPA1L1	TRUE	TRUE	retained
SIPA1L2	TRUE	TRUE	retained
SIPA1L3	TRUE	TRUE	retained
SIRPA	TRUE	TRUE	retained
SIRPAP1	TRUE	TRUE	retained
SIRPB1	TRUE	TRUE	retained
SIRPB2	TRUE	TRUE	retained
SIRT1	TRUE	TRUE	retained
SIRT2	TRUE	TRUE	retained
SIRT3	TRUE	TRUE	retained
SIRT4	TRUE	TRUE	retained
SIRT5	TRUE	TRUE	retained
SIRT6	TRUE	TRUE	retained
SIRT7	TRUE	TRUE	retained
SIVA1	TRUE	TRUE	retained
SIX4	TRUE	TRUE	retained
SIX5	TRUE	TRUE	retained
SKA1	TRUE	TRUE	retained
SKA2	TRUE	TRUE	retained
SKA2P1	TRUE	TRUE	retained
SKA3	TRUE	TRUE	retained
SKAP2	TRUE	TRUE	retained
SKI	TRUE	TRUE	retained
SKIDA1	TRUE	TRUE	retained
SKIL	TRUE	TRUE	retained
SKIV2L	TRUE	TRUE	retained
SKOR1	TRUE	TRUE	retained
SKP1	TRUE	TRUE	retained
SKP1P1	TRUE	TRUE	retained
SKP1P2	TRUE	TRUE	retained
SKP2	TRUE	TRUE	retained
SKP2P1	TRUE	TRUE	retained
SLA	TRUE	TRUE	retained
SLAIN1	TRUE	TRUE	retained
SLAIN2	TRUE	TRUE	retained
SLAMF8	TRUE	TRUE	retained
SLBP	TRUE	TRUE	retained
SLC10A1	TRUE	TRUE	retained
SLC10A3	TRUE	TRUE	retained
SLC10A7	TRUE	TRUE	retained
SLC11A1	TRUE	TRUE	retained
SLC11A2	TRUE	TRUE	retained
SLC12A2	TRUE	TRUE	retained
SLC12A4	TRUE	TRUE	retained
SLC12A6	TRUE	TRUE	retained
SLC12A7	TRUE	TRUE	retained
SLC12A8	TRUE	TRUE	retained
SLC12A9	TRUE	TRUE	retained
SLC13A3	TRUE	TRUE	retained
SLC13A4	TRUE	TRUE	retained
SLC15A1	TRUE	TRUE	retained
SLC15A2	TRUE	TRUE	retained
SLC15A3	TRUE	TRUE	retained
SLC15A4	TRUE	TRUE	retained
SLC16A1	TRUE	TRUE	retained
SLC16A10	TRUE	TRUE	retained
SLC16A12	TRUE	TRUE	retained
SLC16A13	TRUE	TRUE	retained
SLC16A14	TRUE	TRUE	retained
SLC16A2	TRUE	TRUE	retained
SLC16A3	TRUE	TRUE	retained
SLC16A4	TRUE	TRUE	retained
SLC16A5	TRUE	TRUE	retained
SLC16A6	TRUE	TRUE	retained
SLC16A6P1	TRUE	TRUE	retained
SLC16A7	TRUE	TRUE	retained
SLC16A8	TRUE	TRUE	retained
SLC17A5	TRUE	TRUE	retained
SLC17A9	TRUE	TRUE	retained
SLC18A3	TRUE	TRUE	retained
SLC18B1	TRUE	TRUE	retained
SLC19A1	TRUE	TRUE	retained
SLC19A2	TRUE	TRUE	retained
SLC19A3	TRUE	TRUE	retained
SLC1A1	TRUE	TRUE	retained
SLC1A2	TRUE	TRUE	retained
SLC1A3	TRUE	TRUE	retained
SLC1A4	TRUE	TRUE	retained
SLC1A5	TRUE	TRUE	retained
SLC1A7	TRUE	TRUE	retained
SLC20A1	TRUE	TRUE	retained
SLC20A2	TRUE	TRUE	retained
SLC22A11	TRUE	TRUE	retained
SLC22A12	TRUE	TRUE	retained
SLC22A15	TRUE	TRUE	retained
SLC22A17	TRUE	TRUE	retained
SLC22A18	TRUE	TRUE	retained
SLC22A18AS	TRUE	TRUE	retained
SLC22A20P	TRUE	TRUE	retained
SLC22A23	TRUE	TRUE	retained
SLC22A3	TRUE	TRUE	retained
SLC22A4	TRUE	TRUE	retained
SLC22A5	TRUE	TRUE	retained
SLC23A1	TRUE	TRUE	retained
SLC23A2	TRUE	TRUE	retained
SLC24A1	TRUE	TRUE	retained
SLC24A2	TRUE	TRUE	retained
SLC24A3	TRUE	TRUE	retained
SLC25A1	TRUE	TRUE	retained
SLC25A11	TRUE	TRUE	retained
SLC25A12	TRUE	TRUE	retained
SLC25A13	TRUE	TRUE	retained
SLC25A14	TRUE	TRUE	retained
SLC25A14P1	TRUE	TRUE	retained
SLC25A15	TRUE	TRUE	retained
SLC25A16	TRUE	TRUE	retained
SLC25A17	TRUE	TRUE	retained
SLC25A19	TRUE	TRUE	retained
SLC25A1P1	TRUE	TRUE	retained
SLC25A2	TRUE	TRUE	retained
SLC25A20	TRUE	TRUE	retained
SLC25A20P1	TRUE	TRUE	retained
SLC25A22	TRUE	TRUE	retained
SLC25A23	TRUE	TRUE	retained
SLC25A24	TRUE	TRUE	retained
SLC25A25	TRUE	TRUE	retained
SLC25A26	TRUE	TRUE	retained
SLC25A27	TRUE	TRUE	retained
SLC25A28	TRUE	TRUE	retained
SLC25A29	TRUE	TRUE	retained
SLC25A3	TRUE	TRUE	retained
SLC25A30	TRUE	TRUE	retained
SLC25A32	TRUE	TRUE	retained
SLC25A33	TRUE	TRUE	retained
SLC25A34	TRUE	TRUE	retained
SLC25A35	TRUE	TRUE	retained
SLC25A36	TRUE	TRUE	retained
SLC25A37	TRUE	TRUE	retained
SLC25A38	TRUE	TRUE	retained
SLC25A38P1	TRUE	TRUE	retained
SLC25A39	TRUE	TRUE	retained
SLC25A39P1	TRUE	TRUE	retained
SLC25A3P2	TRUE	TRUE	retained
SLC25A4	TRUE	TRUE	retained
SLC25A40	TRUE	TRUE	retained
SLC25A42	TRUE	TRUE	retained
SLC25A43	TRUE	TRUE	retained
SLC25A44	TRUE	TRUE	retained
SLC25A45	TRUE	TRUE	retained
SLC25A46	TRUE	TRUE	retained
SLC25A5	TRUE	TRUE	retained
SLC25A51	TRUE	TRUE	retained
SLC25A5P1	TRUE	TRUE	retained
SLC25A5P2	TRUE	TRUE	retained
SLC25A5P3	TRUE	TRUE	retained
SLC25A5P5	TRUE	TRUE	retained
SLC25A5P7	TRUE	TRUE	retained
SLC25A6	TRUE	TRUE	retained
SLC25A6P2	TRUE	TRUE	retained
SLC26A1	TRUE	TRUE	retained
SLC26A11	TRUE	TRUE	retained
SLC26A2	TRUE	TRUE	retained
SLC26A6	TRUE	TRUE	retained
SLC26A7	TRUE	TRUE	retained
SLC27A1	TRUE	TRUE	retained
SLC27A2	TRUE	TRUE	retained
SLC27A3	TRUE	TRUE	retained
SLC27A4	TRUE	TRUE	retained
SLC27A5	TRUE	TRUE	retained
SLC27A6	TRUE	TRUE	retained
SLC28A1	TRUE	TRUE	retained
SLC28A2	TRUE	TRUE	retained
SLC28A3	TRUE	TRUE	retained
SLC29A1	TRUE	TRUE	retained
SLC29A2	TRUE	TRUE	retained
SLC29A3	TRUE	TRUE	retained
SLC29A4	TRUE	TRUE	retained
SLC2A1	TRUE	TRUE	retained
SLC2A10	TRUE	TRUE	retained
SLC2A11	TRUE	TRUE	retained
SLC2A12	TRUE	TRUE	retained
SLC2A13	TRUE	TRUE	retained
SLC2A14	TRUE	TRUE	retained
SLC2A3	TRUE	TRUE	retained
SLC2A3P2	TRUE	TRUE	retained
SLC2A3P4	TRUE	TRUE	retained
SLC2A4RG	TRUE	TRUE	retained
SLC2A5	TRUE	TRUE	retained
SLC2A6	TRUE	TRUE	retained
SLC2A8	TRUE	TRUE	retained
SLC2A9	TRUE	TRUE	retained
SLC30A1	TRUE	TRUE	retained
SLC30A2	TRUE	TRUE	retained
SLC30A4	TRUE	TRUE	retained
SLC30A5	TRUE	TRUE	retained
SLC30A6	TRUE	TRUE	retained
SLC30A7	TRUE	TRUE	retained
SLC30A9	TRUE	TRUE	retained
SLC31A1	TRUE	TRUE	retained
SLC31A1P1	TRUE	TRUE	retained
SLC31A2	TRUE	TRUE	retained
SLC34A2	TRUE	TRUE	retained
SLC34A3	TRUE	TRUE	retained
SLC35A2	TRUE	TRUE	retained
SLC35A3	TRUE	TRUE	retained
SLC35A4	TRUE	TRUE	retained
SLC35A5	TRUE	TRUE	retained
SLC35B1	TRUE	TRUE	retained
SLC35B2	TRUE	TRUE	retained
SLC35B3	TRUE	TRUE	retained
SLC35B4	TRUE	TRUE	retained
SLC35C1	TRUE	TRUE	retained
SLC35C2	TRUE	TRUE	retained
SLC35D1	TRUE	TRUE	retained
SLC35D2	TRUE	TRUE	retained
SLC35E1	TRUE	TRUE	retained
SLC35E1P1	TRUE	TRUE	retained
SLC35E2A	TRUE	TRUE	retained
SLC35E2B	TRUE	TRUE	retained
SLC35E3	TRUE	TRUE	retained
SLC35F2	TRUE	TRUE	retained
SLC35F5	TRUE	TRUE	retained
SLC35F6	TRUE	TRUE	retained
SLC35G2	TRUE	TRUE	retained
SLC35G6	TRUE	TRUE	retained
SLC36A1	TRUE	TRUE	retained
SLC36A4	TRUE	TRUE	retained
SLC37A1	TRUE	TRUE	retained
SLC37A2	TRUE	TRUE	retained
SLC37A3	TRUE	TRUE	retained
SLC37A4	TRUE	TRUE	retained
SLC38A1	TRUE	TRUE	retained
SLC38A10	TRUE	TRUE	retained
SLC38A2	TRUE	TRUE	retained
SLC38A3	TRUE	TRUE	retained
SLC38A4	TRUE	TRUE	retained
SLC38A5	TRUE	TRUE	retained
SLC38A6	TRUE	TRUE	retained
SLC38A7	TRUE	TRUE	retained
SLC38A9	TRUE	TRUE	retained
SLC39A10	TRUE	TRUE	retained
SLC39A11	TRUE	TRUE	retained
SLC39A13	TRUE	TRUE	retained
SLC39A14	TRUE	TRUE	retained
SLC39A3	TRUE	TRUE	retained
SLC39A4	TRUE	TRUE	retained
SLC39A5	TRUE	TRUE	retained
SLC39A6	TRUE	TRUE	retained
SLC39A7	TRUE	TRUE	retained
SLC39A8	TRUE	TRUE	retained
SLC39A9	TRUE	TRUE	retained
SLC3A2	TRUE	TRUE	retained
SLC40A1	TRUE	TRUE	retained
SLC41A1	TRUE	TRUE	retained
SLC41A2	TRUE	TRUE	retained
SLC41A3	TRUE	TRUE	retained
SLC43A1	TRUE	TRUE	retained
SLC43A2	TRUE	TRUE	retained
SLC43A3	TRUE	TRUE	retained
SLC44A1	TRUE	TRUE	retained
SLC44A2	TRUE	TRUE	retained
SLC44A3	TRUE	TRUE	retained
SLC44A4	TRUE	TRUE	retained
SLC44A5	TRUE	TRUE	retained
SLC45A1	TRUE	TRUE	retained
SLC45A3	TRUE	TRUE	retained
SLC45A4	TRUE	TRUE	retained
SLC46A1	TRUE	TRUE	retained
SLC46A3	TRUE	TRUE	retained
SLC47A1	TRUE	TRUE	retained
SLC48A1	TRUE	TRUE	retained
SLC49A3	TRUE	TRUE	retained
SLC49A4	TRUE	TRUE	retained
SLC4A1	TRUE	TRUE	retained
SLC4A11	TRUE	TRUE	retained
SLC4A1AP	TRUE	TRUE	retained
SLC4A1APP1	TRUE	TRUE	retained
SLC4A2	TRUE	TRUE	retained
SLC4A3	TRUE	TRUE	retained
SLC4A4	TRUE	TRUE	retained
SLC4A7	TRUE	TRUE	retained
SLC4A8	TRUE	TRUE	retained
SLC4A9	TRUE	TRUE	retained
SLC50A1	TRUE	TRUE	retained
SLC51A	TRUE	TRUE	retained
SLC52A1	TRUE	TRUE	retained
SLC52A2	TRUE	TRUE	retained
SLC52A3	TRUE	TRUE	retained
SLC5A12	TRUE	TRUE	retained
SLC5A2	TRUE	TRUE	retained
SLC5A3	TRUE	TRUE	retained
SLC5A6	TRUE	TRUE	retained
SLC5A9	TRUE	TRUE	retained
SLC66A1	TRUE	TRUE	retained
SLC66A2	TRUE	TRUE	retained
SLC66A3	TRUE	TRUE	retained
SLC6A1	TRUE	TRUE	retained
SLC6A10P	TRUE	TRUE	retained
SLC6A11	TRUE	TRUE	retained
SLC6A12	TRUE	TRUE	retained
SLC6A15	TRUE	TRUE	retained
SLC6A16	TRUE	TRUE	retained
SLC6A17	TRUE	TRUE	retained
SLC6A19	TRUE	TRUE	retained
SLC6A2	TRUE	TRUE	retained
SLC6A4	TRUE	TRUE	retained
SLC6A6	TRUE	TRUE	retained
SLC6A6P1	TRUE	TRUE	retained
SLC6A8	TRUE	TRUE	retained
SLC6A9	TRUE	TRUE	retained
SLC7A1	TRUE	TRUE	retained
SLC7A10	TRUE	TRUE	retained
SLC7A11	TRUE	TRUE	retained
SLC7A2	TRUE	TRUE	retained
SLC7A4	TRUE	TRUE	retained
SLC7A5	TRUE	TRUE	retained
SLC7A6	TRUE	TRUE	retained
SLC7A6OS	TRUE	TRUE	retained
SLC7A7	TRUE	TRUE	retained
SLC7A8	TRUE	TRUE	retained
SLC7A9	TRUE	TRUE	retained
SLC8A1	TRUE	TRUE	retained
SLC8B1	TRUE	TRUE	retained
SLC9A1	TRUE	TRUE	retained
SLC9A3	TRUE	TRUE	retained
SLC9A3-AS1	TRUE	TRUE	retained
SLC9A3R1	TRUE	TRUE	retained
SLC9A3R2	TRUE	TRUE	retained
SLC9A5	TRUE	TRUE	retained
SLC9A6	TRUE	TRUE	retained
SLC9A7	TRUE	TRUE	retained
SLC9A7P1	TRUE	TRUE	retained
SLC9A8	TRUE	TRUE	retained
SLC9A9	TRUE	TRUE	retained
SLC9B2	TRUE	TRUE	retained
SLC9C1	TRUE	TRUE	retained
SLCO2A1	TRUE	TRUE	retained
SLCO2B1	TRUE	TRUE	retained
SLCO3A1	TRUE	TRUE	retained
SLCO4A1	TRUE	TRUE	retained
SLF1	TRUE	TRUE	retained
SLF2	TRUE	TRUE	retained
SLFN11	TRUE	TRUE	retained
SLFN12	TRUE	TRUE	retained
SLFN13	TRUE	TRUE	retained
SLFN5	TRUE	TRUE	retained
SLFNL1	TRUE	TRUE	retained
SLIRP	TRUE	TRUE	retained
SLIT1	TRUE	TRUE	retained
SLIT2	TRUE	TRUE	retained
SLIT3	TRUE	TRUE	retained
SLK	TRUE	TRUE	retained
SLMAP	TRUE	TRUE	retained
SLTM	TRUE	TRUE	retained
SLU7	TRUE	TRUE	retained
SLX1A	TRUE	TRUE	retained
SLX1A-SULT1A3	TRUE	TRUE	retained
SLX1B	TRUE	TRUE	retained
SLX1B-SULT1A4	TRUE	TRUE	retained
SLX4	TRUE	TRUE	retained
SLX4IP	TRUE	TRUE	retained
SMAD1	TRUE	TRUE	retained
SMAD2	TRUE	TRUE	retained
SMAD3	TRUE	TRUE	retained
SMAD4	TRUE	TRUE	retained
SMAD5	TRUE	TRUE	retained
SMAD6	TRUE	TRUE	retained
SMAD7	TRUE	TRUE	retained
SMAD9	TRUE	TRUE	retained
SMAGP	TRUE	TRUE	retained
SMAP1	TRUE	TRUE	retained
SMAP2	TRUE	TRUE	retained
SMARCA1	TRUE	TRUE	retained
SMARCA2	TRUE	TRUE	retained
SMARCA4	TRUE	TRUE	retained
SMARCA5	TRUE	TRUE	retained
SMARCAD1	TRUE	TRUE	retained
SMARCAL1	TRUE	TRUE	retained
SMARCB1	TRUE	TRUE	retained
SMARCC1	TRUE	TRUE	retained
SMARCC2	TRUE	TRUE	retained
SMARCD1	TRUE	TRUE	retained
SMARCD2	TRUE	TRUE	retained
SMARCD3	TRUE	TRUE	retained
SMARCE1	TRUE	TRUE	retained
SMARCE1P1	TRUE	TRUE	retained
SMARCE1P2	TRUE	TRUE	retained
SMARCE1P3	TRUE	TRUE	retained
SMARCE1P4	TRUE	TRUE	retained
SMARCE1P5	TRUE	TRUE	retained
SMARCE1P6	TRUE	TRUE	retained
SMC1A	TRUE	TRUE	retained
SMC1B	TRUE	TRUE	retained
SMC2	TRUE	TRUE	retained
SMC3	TRUE	TRUE	retained
SMC3P1	TRUE	TRUE	retained
SMC4	TRUE	TRUE	retained
SMC5	TRUE	TRUE	retained
SMC6	TRUE	TRUE	retained
SMCHD1	TRUE	TRUE	retained
SMCO4	TRUE	TRUE	retained
SMCR8	TRUE	TRUE	retained
SMDT1	TRUE	TRUE	retained
SMG1	TRUE	TRUE	retained
SMG1P1	TRUE	TRUE	retained
SMG1P2	TRUE	TRUE	retained
SMG1P3	TRUE	TRUE	retained
SMG1P4	TRUE	TRUE	retained
SMG1P5	TRUE	TRUE	retained
SMG1P6	TRUE	TRUE	retained
SMG1P7	TRUE	TRUE	retained
SMG5	TRUE	TRUE	retained
SMG6	TRUE	TRUE	retained
SMG7	TRUE	TRUE	retained
SMG8	TRUE	TRUE	retained
SMG9	TRUE	TRUE	retained
SMIM1	TRUE	TRUE	retained
SMIM12	TRUE	TRUE	retained
SMIM13	TRUE	TRUE	retained
SMIM14	TRUE	TRUE	retained
SMIM15	TRUE	TRUE	retained
SMIM19	TRUE	TRUE	retained
SMIM20	TRUE	TRUE	retained
SMIM26	TRUE	TRUE	retained
SMIM27	TRUE	TRUE	retained
SMIM29	TRUE	TRUE	retained
SMIM3	TRUE	TRUE	retained
SMIM30	TRUE	TRUE	retained
SMIM4	TRUE	TRUE	retained
SMIM43	TRUE	TRUE	retained
SMIM5	TRUE	TRUE	retained
SMIM7	TRUE	TRUE	retained
SMIM8	TRUE	TRUE	retained
SMN1	TRUE	TRUE	retained
SMN2	TRUE	TRUE	retained
SMNDC1	TRUE	TRUE	retained
SMO	TRUE	TRUE	retained
SMOC1	TRUE	TRUE	retained
SMOC2	TRUE	TRUE	retained
SMOX	TRUE	TRUE	retained
SMPD1	TRUE	TRUE	retained
SMPD2	TRUE	TRUE	retained
SMPD3	TRUE	TRUE	retained
SMPD4	TRUE	TRUE	retained
SMPD4BP	TRUE	TRUE	retained
SMPDL3A	TRUE	TRUE	retained
SMS	TRUE	TRUE	retained
SMTN	TRUE	TRUE	retained
SMTNL2	TRUE	TRUE	retained
SMU1	TRUE	TRUE	retained
SMU1P1	TRUE	TRUE	retained
SMUG1	TRUE	TRUE	retained
SMURF1	TRUE	TRUE	retained
SMURF2	TRUE	TRUE	retained
SMYD2	TRUE	TRUE	retained
SMYD3	TRUE	TRUE	retained
SMYD4	TRUE	TRUE	retained
SMYD5	TRUE	TRUE	retained
SNAI1	TRUE	TRUE	retained
SNAI2	TRUE	TRUE	retained
SNAI3	TRUE	TRUE	retained
SNAP23	TRUE	TRUE	retained
SNAP25	TRUE	TRUE	retained
SNAP29	TRUE	TRUE	retained
SNAP47	TRUE	TRUE	retained
SNAP91	TRUE	TRUE	retained
SNAPC1	TRUE	TRUE	retained
SNAPC2	TRUE	TRUE	retained
SNAPC3	TRUE	TRUE	retained
SNAPC4	TRUE	TRUE	retained
SNAPC5	TRUE	TRUE	retained
SNAPIN	TRUE	TRUE	retained
SNCA	TRUE	TRUE	retained
SNCAIP	TRUE	TRUE	retained
SNCG	TRUE	TRUE	retained
SND1	TRUE	TRUE	retained
SNED1	TRUE	TRUE	retained
SNF8	TRUE	TRUE	retained
SNF8P1	TRUE	TRUE	retained
SNHG1	TRUE	TRUE	retained
SNHG12	TRUE	TRUE	retained
SNHG14	TRUE	TRUE	retained
SNHG15	TRUE	TRUE	retained
SNHG16	TRUE	TRUE	retained
SNHG22	TRUE	TRUE	retained
SNHG29	TRUE	TRUE	retained
SNHG3	TRUE	TRUE	retained
SNHG32	TRUE	TRUE	retained
SNHG7	TRUE	TRUE	retained
SNHG8	TRUE	TRUE	retained
SNIP1	TRUE	TRUE	retained
SNN	TRUE	TRUE	retained
SNORA12	TRUE	TRUE	retained
SNORA22	TRUE	TRUE	retained
SNORA23	TRUE	TRUE	retained
SNORA37	TRUE	TRUE	retained
SNORA49	TRUE	TRUE	retained
SNORA53	TRUE	TRUE	retained
SNORA54	TRUE	TRUE	retained
SNORA59A	TRUE	TRUE	retained
SNORA59B	TRUE	TRUE	retained
SNORA5A	TRUE	TRUE	retained
SNORA5C	TRUE	TRUE	retained
SNORA73B	TRUE	TRUE	retained
SNORA74A	TRUE	TRUE	retained
SNORA74B	TRUE	TRUE	retained
SNORA7B	TRUE	TRUE	retained
SNORD104	TRUE	TRUE	retained
SNORD113-1	TRUE	TRUE	retained
SNORD113-2	TRUE	TRUE	retained
SNORD113-3	TRUE	TRUE	retained
SNORD114-11	TRUE	TRUE	retained
SNORD114-2	TRUE	TRUE	retained
SNORD114-3	TRUE	TRUE	retained
SNORD114-31	TRUE	TRUE	retained
SNORD114-7	TRUE	TRUE	retained
SNORD13	TRUE	TRUE	retained
SNORD15B	TRUE	TRUE	retained
SNORD17	TRUE	TRUE	retained
SNORD3A	TRUE	TRUE	retained
SNORD3B-1	TRUE	TRUE	retained
SNORD3B-2	TRUE	TRUE	retained
SNORD3C	TRUE	TRUE	retained
SNORD89	TRUE	TRUE	retained
SNORD94	TRUE	TRUE	retained
SNPH	TRUE	TRUE	retained
SNRK	TRUE	TRUE	retained
SNRNP200	TRUE	TRUE	retained
SNRNP25	TRUE	TRUE	retained
SNRNP27	TRUE	TRUE	retained
SNRNP35	TRUE	TRUE	retained
SNRNP40	TRUE	TRUE	retained
SNRNP48	TRUE	TRUE	retained
SNRNP70	TRUE	TRUE	retained
SNRPA	TRUE	TRUE	retained
SNRPA1	TRUE	TRUE	retained
SNRPA1P1	TRUE	TRUE	retained
SNRPB	TRUE	TRUE	retained
SNRPB2	TRUE	TRUE	retained
SNRPC	TRUE	TRUE	retained
SNRPCP2	TRUE	TRUE	retained
SNRPCP6	TRUE	TRUE	retained
SNRPD1	TRUE	TRUE	retained
SNRPD2	TRUE	TRUE	retained
SNRPD2P1	TRUE	TRUE	retained
SNRPD3	TRUE	TRUE	retained
SNRPE	TRUE	TRUE	retained
SNRPEP2	TRUE	TRUE	retained
SNRPEP4	TRUE	TRUE	retained
SNRPF	TRUE	TRUE	retained
SNRPFP1	TRUE	TRUE	retained
SNRPG	TRUE	TRUE	retained
SNRPGP10	TRUE	TRUE	retained
SNRPGP15	TRUE	TRUE	retained
SNRPGP2	TRUE	TRUE	retained
SNRPN	TRUE	TRUE	retained
SNTA1	TRUE	TRUE	retained
SNTB1	TRUE	TRUE	retained
SNTB2	TRUE	TRUE	retained
SNU13	TRUE	TRUE	retained
SNUPN	TRUE	TRUE	retained
SNW1	TRUE	TRUE	retained
SNX1	TRUE	TRUE	retained
SNX10	TRUE	TRUE	retained
SNX11	TRUE	TRUE	retained
SNX12	TRUE	TRUE	retained
SNX13	TRUE	TRUE	retained
SNX14	TRUE	TRUE	retained
SNX16	TRUE	TRUE	retained
SNX17	TRUE	TRUE	retained
SNX18	TRUE	TRUE	retained
SNX19	TRUE	TRUE	retained
SNX19P1	TRUE	TRUE	retained
SNX19P2	TRUE	TRUE	retained
SNX19P3	TRUE	TRUE	retained
SNX2	TRUE	TRUE	retained
SNX20	TRUE	TRUE	retained
SNX21	TRUE	TRUE	retained
SNX22	TRUE	TRUE	retained
SNX24	TRUE	TRUE	retained
SNX25	TRUE	TRUE	retained
SNX25P1	TRUE	TRUE	retained
SNX27	TRUE	TRUE	retained
SNX29	TRUE	TRUE	retained
SNX29P1	TRUE	TRUE	retained
SNX3	TRUE	TRUE	retained
SNX30	TRUE	TRUE	retained
SNX32	TRUE	TRUE	retained
SNX33	TRUE	TRUE	retained
SNX4	TRUE	TRUE	retained
SNX5	TRUE	TRUE	retained
SNX5P1	TRUE	TRUE	retained
SNX5P2	TRUE	TRUE	retained
SNX6	TRUE	TRUE	retained
SNX6P1	TRUE	TRUE	retained
SNX7	TRUE	TRUE	retained
SNX8	TRUE	TRUE	retained
SNX9	TRUE	TRUE	retained
SOAT1	TRUE	TRUE	retained
SOBP	TRUE	TRUE	retained
SOCS1	TRUE	TRUE	retained
SOCS2	TRUE	TRUE	retained
SOCS3	TRUE	TRUE	retained
SOCS4	TRUE	TRUE	retained
SOCS5	TRUE	TRUE	retained
SOCS6	TRUE	TRUE	retained
SOCS7	TRUE	TRUE	retained
SOD1	TRUE	TRUE	retained
SOD1P3	TRUE	TRUE	retained
SOD2	TRUE	TRUE	retained
SOD3	TRUE	TRUE	retained
SOGA1	TRUE	TRUE	retained
SON	TRUE	TRUE	retained
SORBS1	TRUE	TRUE	retained
SORBS2	TRUE	TRUE	retained
SORBS3	TRUE	TRUE	retained
SORCS2	TRUE	TRUE	retained
SORD	TRUE	TRUE	retained
SORL1	TRUE	TRUE	retained
SORT1	TRUE	TRUE	retained
SOS1	TRUE	TRUE	retained
SOS2	TRUE	TRUE	retained
SOWAHB	TRUE	TRUE	retained
SOWAHC	TRUE	TRUE	retained
SOWAHD	TRUE	TRUE	retained
SOX11	TRUE	TRUE	retained
SOX12	TRUE	TRUE	retained
SOX13	TRUE	TRUE	retained
SOX14	TRUE	TRUE	retained
SOX17	TRUE	TRUE	retained
SOX18	TRUE	TRUE	retained
SOX2	TRUE	TRUE	retained
SOX4	TRUE	TRUE	retained
SOX5	TRUE	TRUE	retained
SOX5P1	TRUE	TRUE	retained
SOX6	TRUE	TRUE	retained
SOX7	TRUE	TRUE	retained
SOX8	TRUE	TRUE	retained
SOX9	TRUE	TRUE	retained
SP1	TRUE	TRUE	retained
SP100	TRUE	TRUE	retained
SP110	TRUE	TRUE	retained
SP140	TRUE	TRUE	retained
SP140L	TRUE	TRUE	retained
SP2	TRUE	TRUE	retained
SP3	TRUE	TRUE	retained
SP3P	TRUE	TRUE	retained
SP4	TRUE	TRUE	retained
SP5	TRUE	TRUE	retained
SP6	TRUE	TRUE	retained
SPACA6P-AS	TRUE	TRUE	retained
SPACA9	TRUE	TRUE	retained
SPAG1	TRUE	TRUE	retained
SPAG16	TRUE	TRUE	retained
SPAG17	TRUE	TRUE	retained
SPAG4	TRUE	TRUE	retained
SPAG5	TRUE	TRUE	retained
SPAG5-AS1	TRUE	TRUE	retained
SPAG7	TRUE	TRUE	retained
SPAG8	TRUE	TRUE	retained
SPAG9	TRUE	TRUE	retained
SPARC	TRUE	TRUE	retained
SPARCL1	TRUE	TRUE	retained
SPART	TRUE	TRUE	retained
SPAST	TRUE	TRUE	retained
SPATA13	TRUE	TRUE	retained
SPATA18	TRUE	TRUE	retained
SPATA2	TRUE	TRUE	retained
SPATA20	TRUE	TRUE	retained
SPATA20P1	TRUE	TRUE	retained
SPATA21	TRUE	TRUE	retained
SPATA22	TRUE	TRUE	retained
SPATA24	TRUE	TRUE	retained
SPATA25	TRUE	TRUE	retained
SPATA2L	TRUE	TRUE	retained
SPATA33	TRUE	TRUE	retained
SPATA5	TRUE	TRUE	retained
SPATA5L1	TRUE	TRUE	retained
SPATA6	TRUE	TRUE	retained
SPATA6L	TRUE	TRUE	retained
SPATA7	TRUE	TRUE	retained
SPATA9	TRUE	TRUE	retained
SPATC1	TRUE	TRUE	retained
SPATC1L	TRUE	TRUE	retained
SPATS2	TRUE	TRUE	retained
SPATS2L	TRUE	TRUE	retained
SPC24	TRUE	TRUE	retained
SPC25	TRUE	TRUE	retained
SPCS1	TRUE	TRUE	retained
SPCS2	TRUE	TRUE	retained
SPCS2P4	TRUE	TRUE	retained
SPCS3	TRUE	TRUE	retained
SPDL1	TRUE	TRUE	retained
SPDYE1	TRUE	TRUE	retained
SPDYE10P	TRUE	TRUE	retained
SPDYE11	TRUE	TRUE	retained
SPDYE12P	TRUE	TRUE	retained
SPDYE13	TRUE	TRUE	retained
SPDYE14	TRUE	TRUE	retained
SPDYE15	TRUE	TRUE	retained
SPDYE16	TRUE	TRUE	retained
SPDYE17	TRUE	TRUE	retained
SPDYE18	TRUE	TRUE	retained
SPDYE2	TRUE	TRUE	retained
SPDYE21	TRUE	TRUE	retained
SPDYE2B	TRUE	TRUE	retained
SPDYE3	TRUE	TRUE	retained
SPDYE5	TRUE	TRUE	retained
SPDYE6	TRUE	TRUE	retained
SPDYE7P	TRUE	TRUE	retained
SPDYE8	TRUE	TRUE	retained
SPDYE9	TRUE	TRUE	retained
SPECC1	TRUE	TRUE	retained
SPECC1L	TRUE	TRUE	retained
SPEF2	TRUE	TRUE	retained
SPEG	TRUE	TRUE	retained
SPEN	TRUE	TRUE	retained
SPESP1	TRUE	TRUE	retained
SPG11	TRUE	TRUE	retained
SPG21	TRUE	TRUE	retained
SPG7	TRUE	TRUE	retained
SPHK1	TRUE	TRUE	retained
SPHK2	TRUE	TRUE	retained
SPI1	TRUE	TRUE	retained
SPICE1	TRUE	TRUE	retained
SPIDR	TRUE	TRUE	retained
SPIN1	TRUE	TRUE	retained
SPIN2A	TRUE	TRUE	retained
SPIN2B	TRUE	TRUE	retained
SPIN3	TRUE	TRUE	retained
SPIN4	TRUE	TRUE	retained
SPINDOC	TRUE	TRUE	retained
SPINK5	TRUE	TRUE	retained
SPINT1	TRUE	TRUE	retained
SPINT2	TRUE	TRUE	retained
SPIRE1	TRUE	TRUE	retained
SPIRE2	TRUE	TRUE	retained
SPNS2	TRUE	TRUE	retained
SPOCD1	TRUE	TRUE	retained
SPOCK1	TRUE	TRUE	retained
SPOCK2	TRUE	TRUE	retained
SPON1	TRUE	TRUE	retained
SPON2	TRUE	TRUE	retained
SPOP	TRUE	TRUE	retained
SPOPL	TRUE	TRUE	retained
SPP1	TRUE	TRUE	retained
SPPL2A	TRUE	TRUE	retained
SPPL2B	TRUE	TRUE	retained
SPPL3	TRUE	TRUE	retained
SPR	TRUE	TRUE	retained
SPRED1	TRUE	TRUE	retained
SPRED2	TRUE	TRUE	retained
SPRING1	TRUE	TRUE	retained
SPRTN	TRUE	TRUE	retained
SPRY1	TRUE	TRUE	retained
SPRY2	TRUE	TRUE	retained
SPRY3	TRUE	TRUE	retained
SPRY4	TRUE	TRUE	retained
SPRYD3	TRUE	TRUE	retained
SPRYD4	TRUE	TRUE	retained
SPRYD7	TRUE	TRUE	retained
SPSB1	TRUE	TRUE	retained
SPSB2	TRUE	TRUE	retained
SPTA1	TRUE	TRUE	retained
SPTAN1	TRUE	TRUE	retained
SPTB	TRUE	TRUE	retained
SPTBN1	TRUE	TRUE	retained
SPTBN2	TRUE	TRUE	retained
SPTBN4	TRUE	TRUE	retained
SPTBN5	TRUE	TRUE	retained
SPTLC1	TRUE	TRUE	retained
SPTLC1P1	TRUE	TRUE	retained
SPTLC2	TRUE	TRUE	retained
SPTLC3	TRUE	TRUE	retained
SPTSSA	TRUE	TRUE	retained
SPTY2D1	TRUE	TRUE	retained
SQLE	TRUE	TRUE	retained
SQOR	TRUE	TRUE	retained
SQSTM1	TRUE	TRUE	retained
SRA1	TRUE	TRUE	retained
SRBD1	TRUE	TRUE	retained
SRC	TRUE	TRUE	retained
SRCAP	TRUE	TRUE	retained
SRCIN1	TRUE	TRUE	retained
SRD5A1	TRUE	TRUE	retained
SREBF1	TRUE	TRUE	retained
SREBF2	TRUE	TRUE	retained
SREK1	TRUE	TRUE	retained
SREK1IP1	TRUE	TRUE	retained
SREK1IP1P1	TRUE	TRUE	retained
SRF	TRUE	TRUE	retained
SRFBP1	TRUE	TRUE	retained
SRGAP1	TRUE	TRUE	retained
SRGAP2	TRUE	TRUE	retained
SRGAP2B	TRUE	TRUE	retained
SRGAP2C	TRUE	TRUE	retained
SRGAP2D	TRUE	TRUE	retained
SRGAP3	TRUE	TRUE	retained
SRGN	TRUE	TRUE	retained
SRI	TRUE	TRUE	retained
SRM	TRUE	TRUE	retained
SRP14	TRUE	TRUE	retained
SRP14P1	TRUE	TRUE	retained
SRP14P2	TRUE	TRUE	retained
SRP19	TRUE	TRUE	retained
SRP54	TRUE	TRUE	retained
SRP68	TRUE	TRUE	retained
SRP72	TRUE	TRUE	retained
SRP72P1	TRUE	TRUE	retained
SRP72P2	TRUE	TRUE	retained
SRP9	TRUE	TRUE	retained
SRP9P1	TRUE	TRUE	retained
SRPK1	TRUE	TRUE	retained
SRPK2	TRUE	TRUE	retained
SRPK2P	TRUE	TRUE	retained
SRPK3	TRUE	TRUE	retained
SRPRA	TRUE	TRUE	retained
SRPRB	TRUE	TRUE	retained
SRPX	TRUE	TRUE	retained
SRPX2	TRUE	TRUE	retained
SRR	TRUE	TRUE	retained
SRRD	TRUE	TRUE	retained
SRRM1	TRUE	TRUE	retained
SRRM1P3	TRUE	TRUE	retained
SRRM2	TRUE	TRUE	retained
SRRM4	TRUE	TRUE	retained
SRRM5	TRUE	TRUE	retained
SRRT	TRUE	TRUE	retained
SRSF10	TRUE	TRUE	retained
SRSF11	TRUE	TRUE	retained
SRSF12	TRUE	TRUE	retained
SRSF2	TRUE	TRUE	retained
SRSF3	TRUE	TRUE	retained
SRSF3P1	TRUE	TRUE	retained
SRSF3P4	TRUE	TRUE	retained
SRSF3P5	TRUE	TRUE	retained
SRSF4	TRUE	TRUE	retained
SRSF5	TRUE	TRUE	retained
SRSF6	TRUE	TRUE	retained
SRSF6P2	TRUE	TRUE	retained
SRSF7	TRUE	TRUE	retained
SRSF8	TRUE	TRUE	retained
SRSF9	TRUE	TRUE	retained
SRSF9P1	TRUE	TRUE	retained
SRXN1	TRUE	TRUE	retained
SS18	TRUE	TRUE	retained
SS18L1	TRUE	TRUE	retained
SS18L2	TRUE	TRUE	retained
SS18L2P1	TRUE	TRUE	retained
SSB	TRUE	TRUE	retained
SSBL2P	TRUE	TRUE	retained
SSBL3P1	TRUE	TRUE	retained
SSBL4P	TRUE	TRUE	retained
SSBL5P	TRUE	TRUE	retained
SSBP1	TRUE	TRUE	retained
SSBP2	TRUE	TRUE	retained
SSBP3	TRUE	TRUE	retained
SSBP3P2	TRUE	TRUE	retained
SSBP4	TRUE	TRUE	retained
SSC5D	TRUE	TRUE	retained
SSH1	TRUE	TRUE	retained
SSH2	TRUE	TRUE	retained
SSH3	TRUE	TRUE	retained
SSNA1	TRUE	TRUE	retained
SSPN	TRUE	TRUE	retained
SSPOP	TRUE	TRUE	retained
SSR1	TRUE	TRUE	retained
SSR2	TRUE	TRUE	retained
SSR3	TRUE	TRUE	retained
SSR4	TRUE	TRUE	retained
SSRP1	TRUE	TRUE	retained
SSU72	TRUE	TRUE	retained
SSX2IP	TRUE	TRUE	retained
ST13	TRUE	TRUE	retained
ST13P13	TRUE	TRUE	retained
ST13P15	TRUE	TRUE	retained
ST13P18	TRUE	TRUE	retained
ST13P19	TRUE	TRUE	retained
ST13P3	TRUE	TRUE	retained
ST13P4	TRUE	TRUE	retained
ST13P5	TRUE	TRUE	retained
ST13P6	TRUE	TRUE	retained
ST13P7	TRUE	TRUE	retained
ST14	TRUE	TRUE	retained
ST18	TRUE	TRUE	retained
ST20-AS1	TRUE	TRUE	retained
ST3GAL1	TRUE	TRUE	retained
ST3GAL1P1	TRUE	TRUE	retained
ST3GAL2	TRUE	TRUE	retained
ST3GAL3	TRUE	TRUE	retained
ST3GAL4	TRUE	TRUE	retained
ST3GAL5	TRUE	TRUE	retained
ST3GAL6	TRUE	TRUE	retained
ST6GAL1	TRUE	TRUE	retained
ST6GAL2	TRUE	TRUE	retained
ST6GALNAC1	TRUE	TRUE	retained
ST6GALNAC2	TRUE	TRUE	retained
ST6GALNAC3	TRUE	TRUE	retained
ST6GALNAC4	TRUE	TRUE	retained
ST7	TRUE	TRUE	retained
ST7-OT4	TRUE	TRUE	retained
ST7L	TRUE	TRUE	retained
ST8SIA1	TRUE	TRUE	retained
ST8SIA4	TRUE	TRUE	retained
STAB1	TRUE	TRUE	retained
STAB2	TRUE	TRUE	retained
STAC3	TRUE	TRUE	retained
STAG1	TRUE	TRUE	retained
STAG2	TRUE	TRUE	retained
STAG3	TRUE	TRUE	retained
STAG3L1	TRUE	TRUE	retained
STAG3L2	TRUE	TRUE	retained
STAG3L3	TRUE	TRUE	retained
STAG3L4	TRUE	TRUE	retained
STAG3L5P	TRUE	TRUE	retained
STAM	TRUE	TRUE	retained
STAM2	TRUE	TRUE	retained
STAMBP	TRUE	TRUE	retained
STAMBPL1	TRUE	TRUE	retained
STAP2	TRUE	TRUE	retained
STAR	TRUE	TRUE	retained
STARD10	TRUE	TRUE	retained
STARD13	TRUE	TRUE	retained
STARD3	TRUE	TRUE	retained
STARD3NL	TRUE	TRUE	retained
STARD4	TRUE	TRUE	retained
STARD5	TRUE	TRUE	retained
STARD7	TRUE	TRUE	retained
STARD8	TRUE	TRUE	retained
STARD9	TRUE	TRUE	retained
STAT1	TRUE	TRUE	retained
STAT2	TRUE	TRUE	retained
STAT3	TRUE	TRUE	retained
STAT4	TRUE	TRUE	retained
STAT5A	TRUE	TRUE	retained
STAT5B	TRUE	TRUE	retained
STAT6	TRUE	TRUE	retained
STAU1	TRUE	TRUE	retained
STAU2	TRUE	TRUE	retained
STAU2P1	TRUE	TRUE	retained
STC1	TRUE	TRUE	retained
STC2	TRUE	TRUE	retained
STEAP1B	TRUE	TRUE	retained
STEAP3	TRUE	TRUE	retained
STEAP4	TRUE	TRUE	retained
STEEP1	TRUE	TRUE	retained
STIL	TRUE	TRUE	retained
STIM1	TRUE	TRUE	retained
STIM2	TRUE	TRUE	retained
STIMATE	TRUE	TRUE	retained
STING1	TRUE	TRUE	retained
STIP1	TRUE	TRUE	retained
STIP1P3	TRUE	TRUE	retained
STK10	TRUE	TRUE	retained
STK11	TRUE	TRUE	retained
STK11IP	TRUE	TRUE	retained
STK16	TRUE	TRUE	retained
STK17A	TRUE	TRUE	retained
STK17B	TRUE	TRUE	retained
STK19	TRUE	TRUE	retained
STK24	TRUE	TRUE	retained
STK24P1	TRUE	TRUE	retained
STK25	TRUE	TRUE	retained
STK26	TRUE	TRUE	retained
STK3	TRUE	TRUE	retained
STK32B	TRUE	TRUE	retained
STK32C	TRUE	TRUE	retained
STK35	TRUE	TRUE	retained
STK36	TRUE	TRUE	retained
STK38	TRUE	TRUE	retained
STK38L	TRUE	TRUE	retained
STK39	TRUE	TRUE	retained
STK4	TRUE	TRUE	retained
STK40	TRUE	TRUE	retained
STKLD1	TRUE	TRUE	retained
STMN1	TRUE	TRUE	retained
STMN1P1	TRUE	TRUE	retained
STMN1P2	TRUE	TRUE	retained
STMN2	TRUE	TRUE	retained
STMN3	TRUE	TRUE	retained
STMP1	TRUE	TRUE	retained
STN1	TRUE	TRUE	retained
STOM	TRUE	TRUE	retained
STOML1	TRUE	TRUE	retained
STOML2	TRUE	TRUE	retained
STON1	TRUE	TRUE	retained
STON2	TRUE	TRUE	retained
STOX1	TRUE	TRUE	retained
STOX2	TRUE	TRUE	retained
STPG1	TRUE	TRUE	retained
STRA6	TRUE	TRUE	retained
STRA8	TRUE	TRUE	retained
STRADA	TRUE	TRUE	retained
STRADB	TRUE	TRUE	retained
STRAP	TRUE	TRUE	retained
STRBP	TRUE	TRUE	retained
STRC	TRUE	TRUE	retained
STRCP1	TRUE	TRUE	retained
STRIP1	TRUE	TRUE	retained
STRIP2	TRUE	TRUE	retained
STRN	TRUE	TRUE	retained
STRN3	TRUE	TRUE	retained
STRN4	TRUE	TRUE	retained
STS	TRUE	TRUE	retained
STT3A	TRUE	TRUE	retained
STT3B	TRUE	TRUE	retained
STUB1	TRUE	TRUE	retained
STX10	TRUE	TRUE	retained
STX11	TRUE	TRUE	retained
STX12	TRUE	TRUE	retained
STX16	TRUE	TRUE	retained
STX16-NPEPL1	TRUE	TRUE	retained
STX17	TRUE	TRUE	retained
STX18	TRUE	TRUE	retained
STX1A	TRUE	TRUE	retained
STX1B	TRUE	TRUE	retained
STX2	TRUE	TRUE	retained
STX3	TRUE	TRUE	retained
STX4	TRUE	TRUE	retained
STX5	TRUE	TRUE	retained
STX6	TRUE	TRUE	retained
STX7	TRUE	TRUE	retained
STX8	TRUE	TRUE	retained
STXBP1	TRUE	TRUE	retained
STXBP2	TRUE	TRUE	retained
STXBP3	TRUE	TRUE	retained
STXBP4	TRUE	TRUE	retained
STXBP5	TRUE	TRUE	retained
STXBP5L	TRUE	TRUE	retained
STXBP6	TRUE	TRUE	retained
STYK1	TRUE	TRUE	retained
STYX	TRUE	TRUE	retained
STYXL1	TRUE	TRUE	retained
STYXL2	TRUE	TRUE	retained
SUB1	TRUE	TRUE	retained
SUB1P1	TRUE	TRUE	retained
SUB1P3	TRUE	TRUE	retained
SUCLA2	TRUE	TRUE	retained
SUCLA2P1	TRUE	TRUE	retained
SUCLA2P3	TRUE	TRUE	retained
SUCLG1	TRUE	TRUE	retained
SUCLG2	TRUE	TRUE	retained
SUCLG2P2	TRUE	TRUE	retained
SUCO	TRUE	TRUE	retained
SUDS3	TRUE	TRUE	retained
SUDS3P1	TRUE	TRUE	retained
SUFU	TRUE	TRUE	retained
SUGCT	TRUE	TRUE	retained
SUGP1	TRUE	TRUE	retained
SUGP2	TRUE	TRUE	retained
SUGT1	TRUE	TRUE	retained
SUGT1P2	TRUE	TRUE	retained
SUGT1P3	TRUE	TRUE	retained
SULF1	TRUE	TRUE	retained
SULF2	TRUE	TRUE	retained
SULT1A1	TRUE	TRUE	retained
SULT1A2	TRUE	TRUE	retained
SULT1A3	TRUE	TRUE	retained
SULT1C2	TRUE	TRUE	retained
SULT1C4	TRUE	TRUE	retained
SUMF1	TRUE	TRUE	retained
SUMF2	TRUE	TRUE	retained
SUMO1	TRUE	TRUE	retained
SUMO1P3	TRUE	TRUE	retained
SUMO1P4	TRUE	TRUE	retained
SUMO2	TRUE	TRUE	retained
SUMO2P1	TRUE	TRUE	retained
SUMO2P17	TRUE	TRUE	retained
SUMO2P21	TRUE	TRUE	retained
SUMO2P3	TRUE	TRUE	retained
SUMO3	TRUE	TRUE	retained
SUMO4	TRUE	TRUE	retained
SUN1	TRUE	TRUE	retained
SUN2	TRUE	TRUE	retained
SUOX	TRUE	TRUE	retained
SUPT16H	TRUE	TRUE	retained
SUPT16HP1	TRUE	TRUE	retained
SUPT20H	TRUE	TRUE	retained
SUPT3H	TRUE	TRUE	retained
SUPT4H1	TRUE	TRUE	retained
SUPT4H1P1	TRUE	TRUE	retained
SUPT4H1P2	TRUE	TRUE	retained
SUPT5H	TRUE	TRUE	retained
SUPT6H	TRUE	TRUE	retained
SUPT7L	TRUE	TRUE	retained
SUPV3L1	TRUE	TRUE	retained
SURF1	TRUE	TRUE	retained
SURF2	TRUE	TRUE	retained
SURF4	TRUE	TRUE	retained
SURF6	TRUE	TRUE	retained
SUSD1	TRUE	TRUE	retained
SUSD2	TRUE	TRUE	retained
SUSD3	TRUE	TRUE	retained
SUSD4	TRUE	TRUE	retained
SUSD6	TRUE	TRUE	retained
SUV39H1	TRUE	TRUE	retained
SUV39H2	TRUE	TRUE	retained
SUZ12	TRUE	TRUE	retained
SUZ12P1	TRUE	TRUE	retained
SV2A	TRUE	TRUE	retained
SVBP	TRUE	TRUE	retained
SVEP1	TRUE	TRUE	retained
SVIL	TRUE	TRUE	retained
SVIL-AS1	TRUE	TRUE	retained
SVIL2P	TRUE	TRUE	retained
SVIP	TRUE	TRUE	retained
SVOPL	TRUE	TRUE	retained
SWAP70	TRUE	TRUE	retained
SWI5	TRUE	TRUE	retained
SWSAP1	TRUE	TRUE	retained
SWT1	TRUE	TRUE	retained
SYAP1	TRUE	TRUE	retained
SYBU	TRUE	TRUE	retained
SYCE1	TRUE	TRUE	retained
SYCP2	TRUE	TRUE	retained
SYCP2L	TRUE	TRUE	retained
SYCP3	TRUE	TRUE	retained
SYDE1	TRUE	TRUE	retained
SYDE2	TRUE	TRUE	retained
SYF2	TRUE	TRUE	retained
SYK	TRUE	TRUE	retained
SYMPK	TRUE	TRUE	retained
SYN2	TRUE	TRUE	retained
SYN3	TRUE	TRUE	retained
SYNC	TRUE	TRUE	retained
SYNCRIP	TRUE	TRUE	retained
SYNE1	TRUE	TRUE	retained
SYNE2	TRUE	TRUE	retained
SYNE3	TRUE	TRUE	retained
SYNE4	TRUE	TRUE	retained
SYNGAP1	TRUE	TRUE	retained
SYNGR1	TRUE	TRUE	retained
SYNGR2	TRUE	TRUE	retained
SYNGR2P1	TRUE	TRUE	retained
SYNJ1	TRUE	TRUE	retained
SYNJ2	TRUE	TRUE	retained
SYNM	TRUE	TRUE	retained
SYNPO	TRUE	TRUE	retained
SYNPO2	TRUE	TRUE	retained
SYNPO2L	TRUE	TRUE	retained
SYNRG	TRUE	TRUE	retained
SYPL1	TRUE	TRUE	retained
SYPL2	TRUE	TRUE	retained
SYS1	TRUE	TRUE	retained
SYT1	TRUE	TRUE	retained
SYT11	TRUE	TRUE	retained
SYT12	TRUE	TRUE	retained
SYT15	TRUE	TRUE	retained
SYT16	TRUE	TRUE	retained
SYT17	TRUE	TRUE	retained
SYT2	TRUE	TRUE	retained
SYT6	TRUE	TRUE	retained
SYT7	TRUE	TRUE	retained
SYT8	TRUE	TRUE	retained
SYTL1	TRUE	TRUE	retained
SYTL2	TRUE	TRUE	retained
SYTL3	TRUE	TRUE	retained
SYTL4	TRUE	TRUE	retained
SYTL5	TRUE	TRUE	retained
SYVN1	TRUE	TRUE	retained
SZRD1	TRUE	TRUE	retained
SZT2	TRUE	TRUE	retained
TAB1	TRUE	TRUE	retained
TAB2	TRUE	TRUE	retained
TAB3	TRUE	TRUE	retained
TAC3	TRUE	TRUE	retained
TAC4	TRUE	TRUE	retained
TACC1	TRUE	TRUE	retained
TACC2	TRUE	TRUE	retained
TACC3	TRUE	TRUE	retained
TACO1	TRUE	TRUE	retained
TACR1	TRUE	TRUE	retained
TACSTD2	TRUE	TRUE	retained
TADA1	TRUE	TRUE	retained
TADA2A	TRUE	TRUE	retained
TADA2B	TRUE	TRUE	retained
TADA3	TRUE	TRUE	retained
TAF1	TRUE	TRUE	retained
TAF10	TRUE	TRUE	retained
TAF11	TRUE	TRUE	retained
TAF12	TRUE	TRUE	retained
TAF13	TRUE	TRUE	retained
TAF15	TRUE	TRUE	retained
TAF1A	TRUE	TRUE	retained
TAF1B	TRUE	TRUE	retained
TAF1C	TRUE	TRUE	retained
TAF1D	TRUE	TRUE	retained
TAF1L	TRUE	TRUE	retained
TAF2	TRUE	TRUE	retained
TAF3	TRUE	TRUE	retained
TAF4	TRUE	TRUE	retained
TAF4B	TRUE	TRUE	retained
TAF5	TRUE	TRUE	retained
TAF5L	TRUE	TRUE	retained
TAF5LP1	TRUE	TRUE	retained
TAF6	TRUE	TRUE	retained
TAF6L	TRUE	TRUE	retained
TAF7	TRUE	TRUE	retained
TAF8	TRUE	TRUE	retained
TAF9	TRUE	TRUE	retained
TAF9B	TRUE	TRUE	retained
TAF9BP1	TRUE	TRUE	retained
TAGAP	TRUE	TRUE	retained
TAGLN	TRUE	TRUE	retained
TAGLN2	TRUE	TRUE	retained
TAGLN2P1	TRUE	TRUE	retained
TAL1	TRUE	TRUE	retained
TALDO1	TRUE	TRUE	retained
TAMALIN	TRUE	TRUE	retained
TAMM41	TRUE	TRUE	retained
TANC1	TRUE	TRUE	retained
TANC2	TRUE	TRUE	retained
TANGO2	TRUE	TRUE	retained
TANGO6	TRUE	TRUE	retained
TANK	TRUE	TRUE	retained
TAOK1	TRUE	TRUE	retained
TAOK2	TRUE	TRUE	retained
TAOK3	TRUE	TRUE	retained
TAP1	TRUE	TRUE	retained
TAP2	TRUE	TRUE	retained
TAPBP	TRUE	TRUE	retained
TAPBPL	TRUE	TRUE	retained
TAPT1	TRUE	TRUE	retained
TAPT1-AS1	TRUE	TRUE	retained
TARBP1	TRUE	TRUE	retained
TARBP2	TRUE	TRUE	retained
TARDBP	TRUE	TRUE	retained
TARDBPP1	TRUE	TRUE	retained
TARDBPP2	TRUE	TRUE	retained
TARDBPP4	TRUE	TRUE	retained
TARS1	TRUE	TRUE	retained
TARS2	TRUE	TRUE	retained
TARS3	TRUE	TRUE	retained
TAS1R3	TRUE	TRUE	retained
TAS2R13	TRUE	TRUE	retained
TAS2R14	TRUE	TRUE	retained
TAS2R19	TRUE	TRUE	retained
TAS2R20	TRUE	TRUE	retained
TAS2R30	TRUE	TRUE	retained
TAS2R31	TRUE	TRUE	retained
TAS2R40	TRUE	TRUE	retained
TAS2R5	TRUE	TRUE	retained
TASOR	TRUE	TRUE	retained
TASOR2	TRUE	TRUE	retained
TASP1	TRUE	TRUE	retained
TATDN1	TRUE	TRUE	retained
TATDN1P1	TRUE	TRUE	retained
TATDN2	TRUE	TRUE	retained
TATDN2P2	TRUE	TRUE	retained
TATDN3	TRUE	TRUE	retained
TAX1BP1	TRUE	TRUE	retained
TAX1BP3	TRUE	TRUE	retained
TAZ	TRUE	TRUE	retained
TBC1D1	TRUE	TRUE	retained
TBC1D10A	TRUE	TRUE	retained
TBC1D10B	TRUE	TRUE	retained
TBC1D10C	TRUE	TRUE	retained
TBC1D12	TRUE	TRUE	retained
TBC1D13	TRUE	TRUE	retained
TBC1D14	TRUE	TRUE	retained
TBC1D15	TRUE	TRUE	retained
TBC1D16	TRUE	TRUE	retained
TBC1D17	TRUE	TRUE	retained
TBC1D19	TRUE	TRUE	retained
TBC1D2	TRUE	TRUE	retained
TBC1D20	TRUE	TRUE	retained
TBC1D22A	TRUE	TRUE	retained
TBC1D22A-AS1	TRUE	TRUE	retained
TBC1D22B	TRUE	TRUE	retained
TBC1D23	TRUE	TRUE	retained
TBC1D24	TRUE	TRUE	retained
TBC1D25	TRUE	TRUE	retained
TBC1D2B	TRUE	TRUE	retained
TBC1D3	TRUE	TRUE	retained
TBC1D31	TRUE	TRUE	retained
TBC1D32	TRUE	TRUE	retained
TBC1D3B	TRUE	TRUE	retained
TBC1D3C	TRUE	TRUE	retained
TBC1D3D	TRUE	TRUE	retained
TBC1D3E	TRUE	TRUE	retained
TBC1D3F	TRUE	TRUE	retained
TBC1D3G	TRUE	TRUE	retained
TBC1D3H	TRUE	TRUE	retained
TBC1D3I	TRUE	TRUE	retained
TBC1D3J	TRUE	TRUE	retained
TBC1D3K	TRUE	TRUE	retained
TBC1D3L	TRUE	TRUE	retained
TBC1D3P1	TRUE	TRUE	retained
TBC1D3P2	TRUE	TRUE	retained
TBC1D4	TRUE	TRUE	retained
TBC1D5	TRUE	TRUE	retained
TBC1D7	TRUE	TRUE	retained
TBC1D8	TRUE	TRUE	retained
TBC1D8B	TRUE	TRUE	retained
TBC1D9	TRUE	TRUE	retained
TBC1D9B	TRUE	TRUE	retained
TBCA	TRUE	TRUE	retained
TBCAP1	TRUE	TRUE	retained
TBCB	TRUE	TRUE	retained
TBCC	TRUE	TRUE	retained
TBCCD1	TRUE	TRUE	retained
TBCD	TRUE	TRUE	retained
TBCE	TRUE	TRUE	retained
TBCEL	TRUE	TRUE	retained
TBCK	TRUE	TRUE	retained
TBK1	TRUE	TRUE	retained
TBKBP1	TRUE	TRUE	retained
TBL1X	TRUE	TRUE	retained
TBL1XR1	TRUE	TRUE	retained
TBL2	TRUE	TRUE	retained
TBL3	TRUE	TRUE	retained
TBP	TRUE	TRUE	retained
TBPL1	TRUE	TRUE	retained
TBRG1	TRUE	TRUE	retained
TBRG4	TRUE	TRUE	retained
TBX1	TRUE	TRUE	retained
TBX18	TRUE	TRUE	retained
TBX19	TRUE	TRUE	retained
TBX2	TRUE	TRUE	retained
TBX20	TRUE	TRUE	retained
TBX3	TRUE	TRUE	retained
TBX4	TRUE	TRUE	retained
TBX5	TRUE	TRUE	retained
TBXA2R	TRUE	TRUE	retained
TBXAS1	TRUE	TRUE	retained
TC2N	TRUE	TRUE	retained
TCAF1	TRUE	TRUE	retained
TCAF1P1	TRUE	TRUE	retained
TCAF2	TRUE	TRUE	retained
TCAF2C	TRUE	TRUE	retained
TCAF2P1	TRUE	TRUE	retained
TCAIM	TRUE	TRUE	retained
TCEA1	TRUE	TRUE	retained
TCEA1P2	TRUE	TRUE	retained
TCEA2	TRUE	TRUE	retained
TCEA3	TRUE	TRUE	retained
TCEAL1	TRUE	TRUE	retained
TCEAL3	TRUE	TRUE	retained
TCEAL4	TRUE	TRUE	retained
TCEAL8	TRUE	TRUE	retained
TCEAL9	TRUE	TRUE	retained
TCEANC	TRUE	TRUE	retained
TCEANC2	TRUE	TRUE	retained
TCERG1	TRUE	TRUE	retained
TCF12	TRUE	TRUE	retained
TCF19	TRUE	TRUE	retained
TCF20	TRUE	TRUE	retained
TCF21	TRUE	TRUE	retained
TCF25	TRUE	TRUE	retained
TCF3	TRUE	TRUE	retained
TCF3P1	TRUE	TRUE	retained
TCF4	TRUE	TRUE	retained
TCF7	TRUE	TRUE	retained
TCF7L1	TRUE	TRUE	retained
TCF7L2	TRUE	TRUE	retained
TCFL5	TRUE	TRUE	retained
TCHH	TRUE	TRUE	retained
TCHP	TRUE	TRUE	retained
TCIM	TRUE	TRUE	retained
TCIRG1	TRUE	TRUE	retained
TCN2	TRUE	TRUE	retained
TCOF1	TRUE	TRUE	retained
TCP1	TRUE	TRUE	retained
TCP11L1	TRUE	TRUE	retained
TCP11L2	TRUE	TRUE	retained
TCP1P1	TRUE	TRUE	retained
TCP1P3	TRUE	TRUE	retained
TCTA	TRUE	TRUE	retained
TCTN1	TRUE	TRUE	retained
TCTN2	TRUE	TRUE	retained
TCTN3	TRUE	TRUE	retained
TDG	TRUE	TRUE	retained
TDGP1	TRUE	TRUE	retained
TDO2	TRUE	TRUE	retained
TDP1	TRUE	TRUE	retained
TDP2	TRUE	TRUE	retained
TDRD10	TRUE	TRUE	retained
TDRD3	TRUE	TRUE	retained
TDRD5	TRUE	TRUE	retained
TDRD7	TRUE	TRUE	retained
TDRD9	TRUE	TRUE	retained
TDRKH	TRUE	TRUE	retained
TDRP	TRUE	TRUE	retained
TEAD1	TRUE	TRUE	retained
TEAD2	TRUE	TRUE	retained
TEAD3	TRUE	TRUE	retained
TEAD4	TRUE	TRUE	retained
TEC	TRUE	TRUE	retained
TECPR1	TRUE	TRUE	retained
TECPR2	TRUE	TRUE	retained
TECR	TRUE	TRUE	retained
TECRP1	TRUE	TRUE	retained
TECRP2	TRUE	TRUE	retained
TECTA	TRUE	TRUE	retained
TEDC1	TRUE	TRUE	retained
TEDC2	TRUE	TRUE	retained
TEF	TRUE	TRUE	retained
TEFM	TRUE	TRUE	retained
TEK	TRUE	TRUE	retained
TEKT3	TRUE	TRUE	retained
TEKT4P2	TRUE	TRUE	retained
TELO2	TRUE	TRUE	retained
TENM1	TRUE	TRUE	retained
TENM2	TRUE	TRUE	retained
TENM3	TRUE	TRUE	retained
TENM4	TRUE	TRUE	retained
TENT2	TRUE	TRUE	retained
TENT4A	TRUE	TRUE	retained
TENT4B	TRUE	TRUE	retained
TENT5A	TRUE	TRUE	retained
TENT5B	TRUE	TRUE	retained
TENT5C	TRUE	TRUE	retained
TEP1	TRUE	TRUE	retained
TEPSIN	TRUE	TRUE	retained
TERF1	TRUE	TRUE	retained
TERF1P2	TRUE	TRUE	retained
TERF1P4	TRUE	TRUE	retained
TERF1P5	TRUE	TRUE	retained
TERF2	TRUE	TRUE	retained
TERF2IP	TRUE	TRUE	retained
TES	TRUE	TRUE	retained
TESC	TRUE	TRUE	retained
TESK1	TRUE	TRUE	retained
TESK2	TRUE	TRUE	retained
TET1	TRUE	TRUE	retained
TET2	TRUE	TRUE	retained
TET3	TRUE	TRUE	retained
TEX10	TRUE	TRUE	retained
TEX14	TRUE	TRUE	retained
TEX2	TRUE	TRUE	retained
TEX261	TRUE	TRUE	retained
TEX264	TRUE	TRUE	retained
TEX30	TRUE	TRUE	retained
TEX52	TRUE	TRUE	retained
TEX9	TRUE	TRUE	retained
TF	TRUE	TRUE	retained
TFAM	TRUE	TRUE	retained
TFAP2A	TRUE	TRUE	retained
TFAP2A-AS1	TRUE	TRUE	retained
TFAP2B	TRUE	TRUE	retained
TFAP2C	TRUE	TRUE	retained
TFAP2E	TRUE	TRUE	retained
TFAP4	TRUE	TRUE	retained
TFB1M	TRUE	TRUE	retained
TFB2M	TRUE	TRUE	retained
TFCP2	TRUE	TRUE	retained
TFCP2L1	TRUE	TRUE	retained
TFDP1	TRUE	TRUE	retained
TFDP1P1	TRUE	TRUE	retained
TFDP1P2	TRUE	TRUE	retained
TFDP1P3	TRUE	TRUE	retained
TFDP2	TRUE	TRUE	retained
TFE3	TRUE	TRUE	retained
TFEB	TRUE	TRUE	retained
TFEC	TRUE	TRUE	retained
TFG	TRUE	TRUE	retained
TFGP1	TRUE	TRUE	retained
TFIP11	TRUE	TRUE	retained
TFPI	TRUE	TRUE	retained
TFPI2	TRUE	TRUE	retained
TFPT	TRUE	TRUE	retained
TFR2	TRUE	TRUE	retained
TFRC	TRUE	TRUE	retained
TG	TRUE	TRUE	retained
TGDS	TRUE	TRUE	retained
TGFB1	TRUE	TRUE	retained
TGFB1I1	TRUE	TRUE	retained
TGFB2	TRUE	TRUE	retained
TGFB3	TRUE	TRUE	retained
TGFB3-AS1	TRUE	TRUE	retained
TGFBI	TRUE	TRUE	retained
TGFBR1	TRUE	TRUE	retained
TGFBR2	TRUE	TRUE	retained
TGFBR3	TRUE	TRUE	retained
TGFBRAP1	TRUE	TRUE	retained
TGIF1	TRUE	TRUE	retained
TGIF1P1	TRUE	TRUE	retained
TGIF2	TRUE	TRUE	retained
TGM1	TRUE	TRUE	retained
TGM2	TRUE	TRUE	retained
TGOLN2	TRUE	TRUE	retained
TGS1	TRUE	TRUE	retained
THADA	TRUE	TRUE	retained
THAP1	TRUE	TRUE	retained
THAP11	TRUE	TRUE	retained
THAP12	TRUE	TRUE	retained
THAP12P7	TRUE	TRUE	retained
THAP2	TRUE	TRUE	retained
THAP3	TRUE	TRUE	retained
THAP4	TRUE	TRUE	retained
THAP5	TRUE	TRUE	retained
THAP5P1	TRUE	TRUE	retained
THAP6	TRUE	TRUE	retained
THAP7	TRUE	TRUE	retained
THAP8	TRUE	TRUE	retained
THAP9	TRUE	TRUE	retained
THBD	TRUE	TRUE	retained
THBS1	TRUE	TRUE	retained
THBS2	TRUE	TRUE	retained
THBS3	TRUE	TRUE	retained
THBS4	TRUE	TRUE	retained
THEM4	TRUE	TRUE	retained
THEM6	TRUE	TRUE	retained
THEMIS2	TRUE	TRUE	retained
THG1L	TRUE	TRUE	retained
THNSL1	TRUE	TRUE	retained
THNSL2	TRUE	TRUE	retained
THOC1	TRUE	TRUE	retained
THOC2	TRUE	TRUE	retained
THOC3	TRUE	TRUE	retained
THOC5	TRUE	TRUE	retained
THOC6	TRUE	TRUE	retained
THOC7	TRUE	TRUE	retained
THOP1	TRUE	TRUE	retained
THRA	TRUE	TRUE	retained
THRAP3	TRUE	TRUE	retained
THRAP3P1	TRUE	TRUE	retained
THRAP3P3	TRUE	TRUE	retained
THRB	TRUE	TRUE	retained
THSD1	TRUE	TRUE	retained
THSD4	TRUE	TRUE	retained
THSD7A	TRUE	TRUE	retained
THTPA	TRUE	TRUE	retained
THUMPD1	TRUE	TRUE	retained
THUMPD1P1	TRUE	TRUE	retained
THUMPD2	TRUE	TRUE	retained
THUMPD3	TRUE	TRUE	retained
THY1	TRUE	TRUE	retained
THYN1	TRUE	TRUE	retained
TIA1	TRUE	TRUE	retained
TIAL1	TRUE	TRUE	retained
TIAM1	TRUE	TRUE	retained
TIAM2	TRUE	TRUE	retained
TICAM1	TRUE	TRUE	retained
TICRR	TRUE	TRUE	retained
TIE1	TRUE	TRUE	retained
TIFA	TRUE	TRUE	retained
TIGD1	TRUE	TRUE	retained
TIGD2	TRUE	TRUE	retained
TIGD5	TRUE	TRUE	retained
TIGD6	TRUE	TRUE	retained
TIMD4	TRUE	TRUE	retained
TIMELESS	TRUE	TRUE	retained
TIMM10	TRUE	TRUE	retained
TIMM13	TRUE	TRUE	retained
TIMM17A	TRUE	TRUE	retained
TIMM17B	TRUE	TRUE	retained
TIMM17BP1	TRUE	TRUE	retained
TIMM21	TRUE	TRUE	retained
TIMM22	TRUE	TRUE	retained
TIMM23	TRUE	TRUE	retained
TIMM23B	TRUE	TRUE	retained
TIMM29	TRUE	TRUE	retained
TIMM44	TRUE	TRUE	retained
TIMM50	TRUE	TRUE	retained
TIMM8A	TRUE	TRUE	retained
TIMM8B	TRUE	TRUE	retained
TIMM8BP2	TRUE	TRUE	retained
TIMM9	TRUE	TRUE	retained
TIMMDC1	TRUE	TRUE	retained
TIMP1	TRUE	TRUE	retained
TIMP2	TRUE	TRUE	retained
TIMP3	TRUE	TRUE	retained
TINAGL1	TRUE	TRUE	retained
TINF2	TRUE	TRUE	retained
TIPARP	TRUE	TRUE	retained
TIPIN	TRUE	TRUE	retained
TIPRL	TRUE	TRUE	retained
TIRAP	TRUE	TRUE	retained
TJAP1	TRUE	TRUE	retained
TJAP1P1	TRUE	TRUE	retained
TJP1	TRUE	TRUE	retained
TJP2	TRUE	TRUE	retained
TJP3	TRUE	TRUE	retained
TK1	TRUE	TRUE	retained
TK2	TRUE	TRUE	retained
TKFC	TRUE	TRUE	retained
TKT	TRUE	TRUE	retained
TLCD1	TRUE	TRUE	retained
TLCD2	TRUE	TRUE	retained
TLCD3A	TRUE	TRUE	retained
TLCD5	TRUE	TRUE	retained
TLE1	TRUE	TRUE	retained
TLE1P1	TRUE	TRUE	retained
TLE2	TRUE	TRUE	retained
TLE3	TRUE	TRUE	retained
TLE4	TRUE	TRUE	retained
TLE5	TRUE	TRUE	retained
TLE6	TRUE	TRUE	retained
TLK1	TRUE	TRUE	retained
TLK1P1	TRUE	TRUE	retained
TLK2	TRUE	TRUE	retained
TLK2P1	TRUE	TRUE	retained
TLK2P2	TRUE	TRUE	retained
TLL1	TRUE	TRUE	retained
TLL2	TRUE	TRUE	retained
TLN1	TRUE	TRUE	retained
TLN2	TRUE	TRUE	retained
TLNRD1	TRUE	TRUE	retained
TLR1	TRUE	TRUE	retained
TLR2	TRUE	TRUE	retained
TLR3	TRUE	TRUE	retained
TLR4	TRUE	TRUE	retained
TLR5	TRUE	TRUE	retained
TLR6	TRUE	TRUE	retained
TLR7	TRUE	TRUE	retained
TLR8	TRUE	TRUE	retained
TM2D1	TRUE	TRUE	retained
TM2D2	TRUE	TRUE	retained
TM2D3	TRUE	TRUE	retained
TM4SF1	TRUE	TRUE	retained
TM6SF1	TRUE	TRUE	retained
TM7SF2	TRUE	TRUE	retained
TM7SF3	TRUE	TRUE	retained
TM9SF1	TRUE	TRUE	retained
TM9SF2	TRUE	TRUE	retained
TM9SF3	TRUE	TRUE	retained
TM9SF4	TRUE	TRUE	retained
TMA16	TRUE	TRUE	retained
TMA16P2	TRUE	TRUE	retained
TMBIM1	TRUE	TRUE	retained
TMBIM4	TRUE	TRUE	retained
TMBIM6	TRUE	TRUE	retained
TMC1	TRUE	TRUE	retained
TMC3	TRUE	TRUE	retained
TMC4	TRUE	TRUE	retained
TMC5	TRUE	TRUE	retained
TMC6	TRUE	TRUE	retained
TMC7	TRUE	TRUE	retained
TMC8	TRUE	TRUE	retained
TMCC1	TRUE	TRUE	retained
TMCC2	TRUE	TRUE	retained
TMCC3	TRUE	TRUE	retained
TMCO1	TRUE	TRUE	retained
TMCO3	TRUE	TRUE	retained
TMCO4	TRUE	TRUE	retained
TMCO6	TRUE	TRUE	retained
TMED1	TRUE	TRUE	retained
TMED10	TRUE	TRUE	retained
TMED2	TRUE	TRUE	retained
TMED3	TRUE	TRUE	retained
TMED4	TRUE	TRUE	retained
TMED5	TRUE	TRUE	retained
TMED7	TRUE	TRUE	retained
TMED8	TRUE	TRUE	retained
TMED9	TRUE	TRUE	retained
TMEM100	TRUE	TRUE	retained
TMEM101	TRUE	TRUE	retained
TMEM102	TRUE	TRUE	retained
TMEM104	TRUE	TRUE	retained
TMEM106A	TRUE	TRUE	retained
TMEM106B	TRUE	TRUE	retained
TMEM106C	TRUE	TRUE	retained
TMEM107	TRUE	TRUE	retained
TMEM108	TRUE	TRUE	retained
TMEM109	TRUE	TRUE	retained
TMEM11	TRUE	TRUE	retained
TMEM115	TRUE	TRUE	retained
TMEM116	TRUE	TRUE	retained
TMEM117	TRUE	TRUE	retained
TMEM119	TRUE	TRUE	retained
TMEM120A	TRUE	TRUE	retained
TMEM120B	TRUE	TRUE	retained
TMEM123	TRUE	TRUE	retained
TMEM126A	TRUE	TRUE	retained
TMEM126B	TRUE	TRUE	retained
TMEM127	TRUE	TRUE	retained
TMEM128	TRUE	TRUE	retained
TMEM129	TRUE	TRUE	retained
TMEM131	TRUE	TRUE	retained
TMEM131L	TRUE	TRUE	retained
TMEM132A	TRUE	TRUE	retained
TMEM132B	TRUE	TRUE	retained
TMEM132C	TRUE	TRUE	retained
TMEM134	TRUE	TRUE	retained
TMEM135	TRUE	TRUE	retained
TMEM138	TRUE	TRUE	retained
TMEM139	TRUE	TRUE	retained
TMEM140	TRUE	TRUE	retained
TMEM141	TRUE	TRUE	retained
TMEM143	TRUE	TRUE	retained
TMEM144	TRUE	TRUE	retained
TMEM147	TRUE	TRUE	retained
TMEM147-AS1	TRUE	TRUE	retained
TMEM14A	TRUE	TRUE	retained
TMEM14B	TRUE	TRUE	retained
TMEM14C	TRUE	TRUE	retained
TMEM14DP	TRUE	TRUE	retained
TMEM14EP	TRUE	TRUE	retained
TMEM150A	TRUE	TRUE	retained
TMEM150B	TRUE	TRUE	retained
TMEM150C	TRUE	TRUE	retained
TMEM154	TRUE	TRUE	retained
TMEM159	TRUE	TRUE	retained
TMEM160	TRUE	TRUE	retained
TMEM161A	TRUE	TRUE	retained
TMEM161B	TRUE	TRUE	retained
TMEM161BP1	TRUE	TRUE	retained
TMEM163	TRUE	TRUE	retained
TMEM164	TRUE	TRUE	retained
TMEM165	TRUE	TRUE	retained
TMEM167A	TRUE	TRUE	retained
TMEM167B	TRUE	TRUE	retained
TMEM168	TRUE	TRUE	retained
TMEM170A	TRUE	TRUE	retained
TMEM170B	TRUE	TRUE	retained
TMEM175	TRUE	TRUE	retained
TMEM176A	TRUE	TRUE	retained
TMEM176B	TRUE	TRUE	retained
TMEM177	TRUE	TRUE	retained
TMEM178A	TRUE	TRUE	retained
TMEM179	TRUE	TRUE	retained
TMEM179B	TRUE	TRUE	retained
TMEM18	TRUE	TRUE	retained
TMEM181	TRUE	TRUE	retained
TMEM182	TRUE	TRUE	retained
TMEM183A	TRUE	TRUE	retained
TMEM183B	TRUE	TRUE	retained
TMEM184A	TRUE	TRUE	retained
TMEM184B	TRUE	TRUE	retained
TMEM184C	TRUE	TRUE	retained
TMEM185A	TRUE	TRUE	retained
TMEM185AP1	TRUE	TRUE	retained
TMEM185B	TRUE	TRUE	retained
TMEM186	TRUE	TRUE	retained
TMEM187	TRUE	TRUE	retained
TMEM19	TRUE	TRUE	retained
TMEM191A	TRUE	TRUE	retained
TMEM191B	TRUE	TRUE	retained
TMEM191C	TRUE	TRUE	retained
TMEM192	TRUE	TRUE	retained
TMEM198	TRUE	TRUE	retained
TMEM198B	TRUE	TRUE	retained
TMEM199	TRUE	TRUE	retained
TMEM200B	TRUE	TRUE	retained
TMEM201	TRUE	TRUE	retained
TMEM203	TRUE	TRUE	retained
TMEM204	TRUE	TRUE	retained
TMEM205	TRUE	TRUE	retained
TMEM208	TRUE	TRUE	retained
TMEM209	TRUE	TRUE	retained
TMEM214	TRUE	TRUE	retained
TMEM216	TRUE	TRUE	retained
TMEM218	TRUE	TRUE	retained
TMEM219	TRUE	TRUE	retained
TMEM220	TRUE	TRUE	retained
TMEM222	TRUE	TRUE	retained
TMEM223	TRUE	TRUE	retained
TMEM230	TRUE	TRUE	retained
TMEM230P2	TRUE	TRUE	retained
TMEM234	TRUE	TRUE	retained
TMEM236	TRUE	TRUE	retained
TMEM237	TRUE	TRUE	retained
TMEM240	TRUE	TRUE	retained
TMEM241	TRUE	TRUE	retained
TMEM242	TRUE	TRUE	retained
TMEM243	TRUE	TRUE	retained
TMEM245	TRUE	TRUE	retained
TMEM247	TRUE	TRUE	retained
TMEM248	TRUE	TRUE	retained
TMEM25	TRUE	TRUE	retained
TMEM250	TRUE	TRUE	retained
TMEM251	TRUE	TRUE	retained
TMEM254	TRUE	TRUE	retained
TMEM255B	TRUE	TRUE	retained
TMEM256	TRUE	TRUE	retained
TMEM258	TRUE	TRUE	retained
TMEM259	TRUE	TRUE	retained
TMEM260	TRUE	TRUE	retained
TMEM262	TRUE	TRUE	retained
TMEM263	TRUE	TRUE	retained
TMEM266	TRUE	TRUE	retained
TMEM267	TRUE	TRUE	retained
TMEM268	TRUE	TRUE	retained
TMEM273	TRUE	TRUE	retained
TMEM30A	TRUE	TRUE	retained
TMEM30B	TRUE	TRUE	retained
TMEM33	TRUE	TRUE	retained
TMEM37	TRUE	TRUE	retained
TMEM38B	TRUE	TRUE	retained
TMEM39A	TRUE	TRUE	retained
TMEM39B	TRUE	TRUE	retained
TMEM40	TRUE	TRUE	retained
TMEM41A	TRUE	TRUE	retained
TMEM41B	TRUE	TRUE	retained
TMEM42	TRUE	TRUE	retained
TMEM43	TRUE	TRUE	retained
TMEM44	TRUE	TRUE	retained
TMEM45A	TRUE	TRUE	retained
TMEM50A	TRUE	TRUE	retained
TMEM50B	TRUE	TRUE	retained
TMEM51	TRUE	TRUE	retained
TMEM52B	TRUE	TRUE	retained
TMEM53	TRUE	TRUE	retained
TMEM54	TRUE	TRUE	retained
TMEM59	TRUE	TRUE	retained
TMEM59L	TRUE	TRUE	retained
TMEM62	TRUE	TRUE	retained
TMEM63A	TRUE	TRUE	retained
TMEM63B	TRUE	TRUE	retained
TMEM63C	TRUE	TRUE	retained
TMEM64	TRUE	TRUE	retained
TMEM65	TRUE	TRUE	retained
TMEM67	TRUE	TRUE	retained
TMEM68	TRUE	TRUE	retained
TMEM69	TRUE	TRUE	retained
TMEM70	TRUE	TRUE	retained
TMEM79	TRUE	TRUE	retained
TMEM80	TRUE	TRUE	retained
TMEM86A	TRUE	TRUE	retained
TMEM87A	TRUE	TRUE	retained
TMEM87B	TRUE	TRUE	retained
TMEM88	TRUE	TRUE	retained
TMEM8B	TRUE	TRUE	retained
TMEM9	TRUE	TRUE	retained
TMEM91	TRUE	TRUE	retained
TMEM94	TRUE	TRUE	retained
TMEM97	TRUE	TRUE	retained
TMEM98	TRUE	TRUE	retained
TMEM9B	TRUE	TRUE	retained
TMF1	TRUE	TRUE	retained
TMIE	TRUE	TRUE	retained
TMIGD3	TRUE	TRUE	retained
TMLHE	TRUE	TRUE	retained
TMOD1	TRUE	TRUE	retained
TMOD2	TRUE	TRUE	retained
TMOD3	TRUE	TRUE	retained
TMOD4	TRUE	TRUE	retained
TMPO	TRUE	TRUE	retained
TMPOP2	TRUE	TRUE	retained
TMPPE	TRUE	TRUE	retained
TMPRSS13	TRUE	TRUE	retained
TMPRSS6	TRUE	TRUE	retained
TMPRSS9	TRUE	TRUE	retained
TMSB10	TRUE	TRUE	retained
TMSB10P1	TRUE	TRUE	retained
TMSB4X	TRUE	TRUE	retained
TMSB4XP1	TRUE	TRUE	retained
TMSB4XP2	TRUE	TRUE	retained
TMSB4XP4	TRUE	TRUE	retained
TMSB4XP8	TRUE	TRUE	retained
TMTC1	TRUE	TRUE	retained
TMTC2	TRUE	TRUE	retained
TMTC3	TRUE	TRUE	retained
TMTC4	TRUE	TRUE	retained
TMUB1	TRUE	TRUE	retained
TMUB2	TRUE	TRUE	retained
TMX1	TRUE	TRUE	retained
TMX2	TRUE	TRUE	retained
TMX2P1	TRUE	TRUE	retained
TMX3	TRUE	TRUE	retained
TMX4	TRUE	TRUE	retained
TNC	TRUE	TRUE	retained
TNF	TRUE	TRUE	retained
TNFAIP1	TRUE	TRUE	retained
TNFAIP2	TRUE	TRUE	retained
TNFAIP3	TRUE	TRUE	retained
TNFAIP8	TRUE	TRUE	retained
TNFAIP8L1	TRUE	TRUE	retained
TNFAIP8L2	TRUE	TRUE	retained
TNFAIP8L3	TRUE	TRUE	retained
TNFRSF10A	TRUE	TRUE	retained
TNFRSF10B	TRUE	TRUE	retained
TNFRSF10C	TRUE	TRUE	retained
TNFRSF10D	TRUE	TRUE	retained
TNFRSF11A	TRUE	TRUE	retained
TNFRSF11B	TRUE	TRUE	retained
TNFRSF12A	TRUE	TRUE	retained
TNFRSF14	TRUE	TRUE	retained
TNFRSF19	TRUE	TRUE	retained
TNFRSF1A	TRUE	TRUE	retained
TNFRSF1B	TRUE	TRUE	retained
TNFRSF21	TRUE	TRUE	retained
TNFRSF25	TRUE	TRUE	retained
TNFSF10	TRUE	TRUE	retained
TNFSF12	TRUE	TRUE	retained
TNFSF13	TRUE	TRUE	retained
TNFSF13B	TRUE	TRUE	retained
TNFSF15	TRUE	TRUE	retained
TNIK	TRUE	TRUE	retained
TNIP1	TRUE	TRUE	retained
TNIP2	TRUE	TRUE	retained
TNIP2P1	TRUE	TRUE	retained
TNK1	TRUE	TRUE	retained
TNK2	TRUE	TRUE	retained
TNKS	TRUE	TRUE	retained
TNKS1BP1	TRUE	TRUE	retained
TNKS2	TRUE	TRUE	retained
TNNC1	TRUE	TRUE	retained
TNNI2	TRUE	TRUE	retained
TNNI3	TRUE	TRUE	retained
TNNT1	TRUE	TRUE	retained
TNNT2	TRUE	TRUE	retained
TNNT3	TRUE	TRUE	retained
TNPO1	TRUE	TRUE	retained
TNPO1P1	TRUE	TRUE	retained
TNPO1P2	TRUE	TRUE	retained
TNPO1P3	TRUE	TRUE	retained
TNPO2	TRUE	TRUE	retained
TNPO3	TRUE	TRUE	retained
TNPO3P1	TRUE	TRUE	retained
TNRC18	TRUE	TRUE	retained
TNRC18P1	TRUE	TRUE	retained
TNRC18P2	TRUE	TRUE	retained
TNRC18P3	TRUE	TRUE	retained
TNRC6A	TRUE	TRUE	retained
TNRC6B	TRUE	TRUE	retained
TNRC6C	TRUE	TRUE	retained
TNS1	TRUE	TRUE	retained
TNS2	TRUE	TRUE	retained
TNS3	TRUE	TRUE	retained
TNS4	TRUE	TRUE	retained
TNXA	TRUE	TRUE	retained
TNXB	TRUE	TRUE	retained
TOB1	TRUE	TRUE	retained
TOB2	TRUE	TRUE	retained
TOE1	TRUE	TRUE	retained
TOGARAM1	TRUE	TRUE	retained
TOGARAM2	TRUE	TRUE	retained
TOLLIP	TRUE	TRUE	retained
TOM1	TRUE	TRUE	retained
TOM1L1	TRUE	TRUE	retained
TOM1L2	TRUE	TRUE	retained
TOMM20	TRUE	TRUE	retained
TOMM20P1	TRUE	TRUE	retained
TOMM20P4	TRUE	TRUE	retained
TOMM22	TRUE	TRUE	retained
TOMM22P5	TRUE	TRUE	retained
TOMM34	TRUE	TRUE	retained
TOMM40	TRUE	TRUE	retained
TOMM40L	TRUE	TRUE	retained
TOMM40P1	TRUE	TRUE	retained
TOMM40P2	TRUE	TRUE	retained
TOMM40P4	TRUE	TRUE	retained
TOMM5	TRUE	TRUE	retained
TOMM7	TRUE	TRUE	retained
TOMM70	TRUE	TRUE	retained
TONSL	TRUE	TRUE	retained
TOP1	TRUE	TRUE	retained
TOP1MT	TRUE	TRUE	retained
TOP1P1	TRUE	TRUE	retained
TOP2A	TRUE	TRUE	retained
TOP2B	TRUE	TRUE	retained
TOP3A	TRUE	TRUE	retained
TOP3BP1	TRUE	TRUE	retained
TOPBP1	TRUE	TRUE	retained
TOPORS	TRUE	TRUE	retained
TOR1A	TRUE	TRUE	retained
TOR1AIP1	TRUE	TRUE	retained
TOR1AIP2	TRUE	TRUE	retained
TOR1B	TRUE	TRUE	retained
TOR2A	TRUE	TRUE	retained
TOR3A	TRUE	TRUE	retained
TOR4A	TRUE	TRUE	retained
TOX	TRUE	TRUE	retained
TOX2	TRUE	TRUE	retained
TOX3	TRUE	TRUE	retained
TOX4	TRUE	TRUE	retained
TOX4P1	TRUE	TRUE	retained
TP53	TRUE	TRUE	retained
TP53BP1	TRUE	TRUE	retained
TP53BP2	TRUE	TRUE	retained
TP53I11	TRUE	TRUE	retained
TP53I13	TRUE	TRUE	retained
TP53I3	TRUE	TRUE	retained
TP53INP1	TRUE	TRUE	retained
TP53INP2	TRUE	TRUE	retained
TP53RK	TRUE	TRUE	retained
TP63	TRUE	TRUE	retained
TP73-AS1	TRUE	TRUE	retained
TPBG	TRUE	TRUE	retained
TPCN1	TRUE	TRUE	retained
TPCN2	TRUE	TRUE	retained
TPD52	TRUE	TRUE	retained
TPD52L1	TRUE	TRUE	retained
TPD52L2	TRUE	TRUE	retained
TPGS2	TRUE	TRUE	retained
TPI1	TRUE	TRUE	retained
TPI1P1	TRUE	TRUE	retained
TPI1P2	TRUE	TRUE	retained
TPK1	TRUE	TRUE	retained
TPM1	TRUE	TRUE	retained
TPM1-AS	TRUE	TRUE	retained
TPM2	TRUE	TRUE	retained
TPM3	TRUE	TRUE	retained
TPM3P1	TRUE	TRUE	retained
TPM3P6	TRUE	TRUE	retained
TPM3P8	TRUE	TRUE	retained
TPM3P9	TRUE	TRUE	retained
TPM4	TRUE	TRUE	retained
TPMT	TRUE	TRUE	retained
TPMTP1	TRUE	TRUE	retained
TPP1	TRUE	TRUE	retained
TPP2	TRUE	TRUE	retained
TPPP	TRUE	TRUE	retained
TPPP3	TRUE	TRUE	retained
TPR	TRUE	TRUE	retained
TPRA1	TRUE	TRUE	retained
TPRG1L	TRUE	TRUE	retained
TPRKB	TRUE	TRUE	retained
TPRN	TRUE	TRUE	retained
TPRXL	TRUE	TRUE	retained
TPST1	TRUE	TRUE	retained
TPST2	TRUE	TRUE	retained
TPT1	TRUE	TRUE	retained
TPT1-AS1	TRUE	TRUE	retained
TPT1P4	TRUE	TRUE	retained
TPT1P6	TRUE	TRUE	retained
TPT1P9	TRUE	TRUE	retained
TPX2	TRUE	TRUE	retained
TRA2A	TRUE	TRUE	retained
TRA2B	TRUE	TRUE	retained
TRABD	TRUE	TRUE	retained
TRABD2A	TRUE	TRUE	retained
TRADD	TRUE	TRUE	retained
TRAF1	TRUE	TRUE	retained
TRAF2	TRUE	TRUE	retained
TRAF3	TRUE	TRUE	retained
TRAF3IP1	TRUE	TRUE	retained
TRAF3IP2	TRUE	TRUE	retained
TRAF3IP2-AS1	TRUE	TRUE	retained
TRAF3IP3	TRUE	TRUE	retained
TRAF4	TRUE	TRUE	retained
TRAF5	TRUE	TRUE	retained
TRAF6	TRUE	TRUE	retained
TRAF6P1	TRUE	TRUE	retained
TRAF7	TRUE	TRUE	retained
TRAFD1	TRUE	TRUE	retained
TRAIP	TRUE	TRUE	retained
TRAK1	TRUE	TRUE	retained
TRAK2	TRUE	TRUE	retained
TRAM1	TRUE	TRUE	retained
TRAM1L1	TRUE	TRUE	retained
TRAM2	TRUE	TRUE	retained
TRANK1	TRUE	TRUE	retained
TRAP1	TRUE	TRUE	retained
TRAPPC1	TRUE	TRUE	retained
TRAPPC10	TRUE	TRUE	retained
TRAPPC11	TRUE	TRUE	retained
TRAPPC12	TRUE	TRUE	retained
TRAPPC13	TRUE	TRUE	retained
TRAPPC14	TRUE	TRUE	retained
TRAPPC2	TRUE	TRUE	retained
TRAPPC2B	TRUE	TRUE	retained
TRAPPC2L	TRUE	TRUE	retained
TRAPPC3	TRUE	TRUE	retained
TRAPPC4	TRUE	TRUE	retained
TRAPPC6A	TRUE	TRUE	retained
TRAPPC6B	TRUE	TRUE	retained
TRAPPC8	TRUE	TRUE	retained
TRAPPC9	TRUE	TRUE	retained
TRDMT1	TRUE	TRUE	retained
TREH	TRUE	TRUE	retained
TREM1	TRUE	TRUE	retained
TREM2	TRUE	TRUE	retained
TREML2	TRUE	TRUE	retained
TRERF1	TRUE	TRUE	retained
TREX2	TRUE	TRUE	retained
TRIAP1	TRUE	TRUE	retained
TRIB1	TRUE	TRUE	retained
TRIB2	TRUE	TRUE	retained
TRIB3	TRUE	TRUE	retained
TRIL	TRUE	TRUE	retained
TRIM11	TRUE	TRUE	retained
TRIM13	TRUE	TRUE	retained
TRIM14	TRUE	TRUE	retained
TRIM16	TRUE	TRUE	retained
TRIM16L	TRUE	TRUE	retained
TRIM17	TRUE	TRUE	retained
TRIM2	TRUE	TRUE	retained
TRIM21	TRUE	TRUE	retained
TRIM22	TRUE	TRUE	retained
TRIM23	TRUE	TRUE	retained
TRIM24	TRUE	TRUE	retained
TRIM25	TRUE	TRUE	retained
TRIM26	TRUE	TRUE	retained
TRIM27	TRUE	TRUE	retained
TRIM28	TRUE	TRUE	retained
TRIM29	TRUE	TRUE	retained
TRIM3	TRUE	TRUE	retained
TRIM32	TRUE	TRUE	retained
TRIM33	TRUE	TRUE	retained
TRIM35	TRUE	TRUE	retained
TRIM36	TRUE	TRUE	retained
TRIM37	TRUE	TRUE	retained
TRIM38	TRUE	TRUE	retained
TRIM39	TRUE	TRUE	retained
TRIM4	TRUE	TRUE	retained
TRIM40	TRUE	TRUE	retained
TRIM41	TRUE	TRUE	retained
TRIM44	TRUE	TRUE	retained
TRIM45	TRUE	TRUE	retained
TRIM46	TRUE	TRUE	retained
TRIM47	TRUE	TRUE	retained
TRIM5	TRUE	TRUE	retained
TRIM50	TRUE	TRUE	retained
TRIM52	TRUE	TRUE	retained
TRIM56	TRUE	TRUE	retained
TRIM58	TRUE	TRUE	retained
TRIM6	TRUE	TRUE	retained
TRIM60	TRUE	TRUE	retained
TRIM62	TRUE	TRUE	retained
TRIM63	TRUE	TRUE	retained
TRIM65	TRUE	TRUE	retained
TRIM66	TRUE	TRUE	retained
TRIM68	TRUE	TRUE	retained
TRIM71	TRUE	TRUE	retained
TRIM73	TRUE	TRUE	retained
TRIM74	TRUE	TRUE	retained
TRIM75P	TRUE	TRUE	retained
TRIM8	TRUE	TRUE	retained
TRIM9	TRUE	TRUE	retained
TRIML2	TRUE	TRUE	retained
TRIO	TRUE	TRUE	retained
TRIOBP	TRUE	TRUE	retained
TRIP10	TRUE	TRUE	retained
TRIP11	TRUE	TRUE	retained
TRIP12	TRUE	TRUE	retained
TRIP13	TRUE	TRUE	retained
TRIP4	TRUE	TRUE	retained
TRIP6	TRUE	TRUE	retained
TRIQK	TRUE	TRUE	retained
TRIR	TRUE	TRUE	retained
TRIT1	TRUE	TRUE	retained
TRMO	TRUE	TRUE	retained
TRMT1	TRUE	TRUE	retained
TRMT10A	TRUE	TRUE	retained
TRMT10B	TRUE	TRUE	retained
TRMT10C	TRUE	TRUE	retained
TRMT11	TRUE	TRUE	retained
TRMT112	TRUE	TRUE	retained
TRMT112P6	TRUE	TRUE	retained
TRMT12	TRUE	TRUE	retained
TRMT13	TRUE	TRUE	retained
TRMT1L	TRUE	TRUE	retained
TRMT1P1	TRUE	TRUE	retained
TRMT2A	TRUE	TRUE	retained
TRMT2B	TRUE	TRUE	retained
TRMT44	TRUE	TRUE	retained
TRMT5	TRUE	TRUE	retained
TRMT6	TRUE	TRUE	retained
TRMT61A	TRUE	TRUE	retained
TRMT61B	TRUE	TRUE	retained
TRMT9B	TRUE	TRUE	retained
TRMU	TRUE	TRUE	retained
TRNAU1AP	TRUE	TRUE	retained
TRNT1	TRUE	TRUE	retained
TRO	TRUE	TRUE	retained
TROAP	TRUE	TRUE	retained
TRPA1	TRUE	TRUE	retained
TRPC1	TRUE	TRUE	retained
TRPC3	TRUE	TRUE	retained
TRPC4AP	TRUE	TRUE	retained
TRPC6	TRUE	TRUE	retained
TRPM2	TRUE	TRUE	retained
TRPM3	TRUE	TRUE	retained
TRPM4	TRUE	TRUE	retained
TRPM6	TRUE	TRUE	retained
TRPM7	TRUE	TRUE	retained
TRPS1	TRUE	TRUE	retained
TRPT1	TRUE	TRUE	retained
TRPV1	TRUE	TRUE	retained
TRPV2	TRUE	TRUE	retained
TRPV3	TRUE	TRUE	retained
TRPV4	TRUE	TRUE	retained
TRPV6	TRUE	TRUE	retained
TRRAP	TRUE	TRUE	retained
TRUB1	TRUE	TRUE	retained
TRUB2	TRUE	TRUE	retained
TSC1	TRUE	TRUE	retained
TSC2	TRUE	TRUE	retained
TSC22D1	TRUE	TRUE	retained
TSC22D2	TRUE	TRUE	retained
TSC22D3	TRUE	TRUE	retained
TSC22D4	TRUE	TRUE	retained
TSEN15	TRUE	TRUE	retained
TSEN2	TRUE	TRUE	retained
TSEN2P1	TRUE	TRUE	retained
TSEN34	TRUE	TRUE	retained
TSEN54	TRUE	TRUE	retained
TSG101	TRUE	TRUE	retained
TSGA10	TRUE	TRUE	retained
TSHR	TRUE	TRUE	retained
TSHZ1	TRUE	TRUE	retained
TSHZ2	TRUE	TRUE	retained
TSHZ3	TRUE	TRUE	retained
TSKS	TRUE	TRUE	retained
TSKU	TRUE	TRUE	retained
TSN	TRUE	TRUE	retained
TSNARE1	TRUE	TRUE	retained
TSNAX	TRUE	TRUE	retained
TSNAXIP1	TRUE	TRUE	retained
TSPAN1	TRUE	TRUE	retained
TSPAN10	TRUE	TRUE	retained
TSPAN11	TRUE	TRUE	retained
TSPAN12	TRUE	TRUE	retained
TSPAN13	TRUE	TRUE	retained
TSPAN14	TRUE	TRUE	retained
TSPAN15	TRUE	TRUE	retained
TSPAN17	TRUE	TRUE	retained
TSPAN18	TRUE	TRUE	retained
TSPAN2	TRUE	TRUE	retained
TSPAN3	TRUE	TRUE	retained
TSPAN31	TRUE	TRUE	retained
TSPAN32	TRUE	TRUE	retained
TSPAN33	TRUE	TRUE	retained
TSPAN4	TRUE	TRUE	retained
TSPAN5	TRUE	TRUE	retained
TSPAN6	TRUE	TRUE	retained
TSPAN9	TRUE	TRUE	retained
TSPO	TRUE	TRUE	retained
TSPOAP1	TRUE	TRUE	retained
TSPY26P	TRUE	TRUE	retained
TSPYL1	TRUE	TRUE	retained
TSPYL2	TRUE	TRUE	retained
TSPYL4	TRUE	TRUE	retained
TSPYL5	TRUE	TRUE	retained
TSR1	TRUE	TRUE	retained
TSR2	TRUE	TRUE	retained
TSR3	TRUE	TRUE	retained
TSSC4	TRUE	TRUE	retained
TSSK4	TRUE	TRUE	retained
TST	TRUE	TRUE	retained
TSTD1	TRUE	TRUE	retained
TSTD2	TRUE	TRUE	retained
TSTD3	TRUE	TRUE	retained
TTBK1	TRUE	TRUE	retained
TTBK2	TRUE	TRUE	retained
TTC1	TRUE	TRUE	retained
TTC12	TRUE	TRUE	retained
TTC13	TRUE	TRUE	retained
TTC14	TRUE	TRUE	retained
TTC17	TRUE	TRUE	retained
TTC19	TRUE	TRUE	retained
TTC21A	TRUE	TRUE	retained
TTC21B	TRUE	TRUE	retained
TTC23	TRUE	TRUE	retained
TTC26	TRUE	TRUE	retained
TTC27	TRUE	TRUE	retained
TTC28	TRUE	TRUE	retained
TTC28-AS1	TRUE	TRUE	retained
TTC3	TRUE	TRUE	retained
TTC30A	TRUE	TRUE	retained
TTC30B	TRUE	TRUE	retained
TTC31	TRUE	TRUE	retained
TTC32	TRUE	TRUE	retained
TTC33	TRUE	TRUE	retained
TTC37	TRUE	TRUE	retained
TTC38	TRUE	TRUE	retained
TTC39A	TRUE	TRUE	retained
TTC39B	TRUE	TRUE	retained
TTC39C	TRUE	TRUE	retained
TTC3P1	TRUE	TRUE	retained
TTC4	TRUE	TRUE	retained
TTC4P1	TRUE	TRUE	retained
TTC5	TRUE	TRUE	retained
TTC7A	TRUE	TRUE	retained
TTC7B	TRUE	TRUE	retained
TTC8	TRUE	TRUE	retained
TTC9	TRUE	TRUE	retained
TTC9C	TRUE	TRUE	retained
TTF1	TRUE	TRUE	retained
TTF2	TRUE	TRUE	retained
TTI1	TRUE	TRUE	retained
TTI2	TRUE	TRUE	retained
TTK	TRUE	TRUE	retained
TTL	TRUE	TRUE	retained
TTLL1	TRUE	TRUE	retained
TTLL11	TRUE	TRUE	retained
TTLL12	TRUE	TRUE	retained
TTLL3	TRUE	TRUE	retained
TTLL4	TRUE	TRUE	retained
TTLL5	TRUE	TRUE	retained
TTLL7	TRUE	TRUE	retained
TTN	TRUE	TRUE	retained
TTN-AS1	TRUE	TRUE	retained
TTPA	TRUE	TRUE	retained
TTPAL	TRUE	TRUE	retained
TTR	TRUE	TRUE	retained
TTYH1	TRUE	TRUE	retained
TTYH2	TRUE	TRUE	retained
TTYH3	TRUE	TRUE	retained
TUB	TRUE	TRUE	retained
TUBA1A	TRUE	TRUE	retained
TUBA1B	TRUE	TRUE	retained
TUBA1C	TRUE	TRUE	retained
TUBA3D	TRUE	TRUE	retained
TUBA4A	TRUE	TRUE	retained
TUBA5P	TRUE	TRUE	retained
TUBAP2	TRUE	TRUE	retained
TUBB	TRUE	TRUE	retained
TUBB1	TRUE	TRUE	retained
TUBB2A	TRUE	TRUE	retained
TUBB2B	TRUE	TRUE	retained
TUBB2BP1	TRUE	TRUE	retained
TUBB3	TRUE	TRUE	retained
TUBB3P1	TRUE	TRUE	retained
TUBB4A	TRUE	TRUE	retained
TUBB4B	TRUE	TRUE	retained
TUBB6	TRUE	TRUE	retained
TUBB8B	TRUE	TRUE	retained
TUBBP1	TRUE	TRUE	retained
TUBBP6	TRUE	TRUE	retained
TUBD1	TRUE	TRUE	retained
TUBE1	TRUE	TRUE	retained
TUBG1	TRUE	TRUE	retained
TUBG1P	TRUE	TRUE	retained
TUBG2	TRUE	TRUE	retained
TUBGCP2	TRUE	TRUE	retained
TUBGCP3	TRUE	TRUE	retained
TUBGCP4	TRUE	TRUE	retained
TUBGCP5	TRUE	TRUE	retained
TUBGCP6	TRUE	TRUE	retained
TUFM	TRUE	TRUE	retained
TUFMP1	TRUE	TRUE	retained
TUFT1	TRUE	TRUE	retained
TULP1	TRUE	TRUE	retained
TULP3	TRUE	TRUE	retained
TULP4	TRUE	TRUE	retained
TUSC1	TRUE	TRUE	retained
TUSC2	TRUE	TRUE	retained
TUSC3	TRUE	TRUE	retained
TUT1	TRUE	TRUE	retained
TUT4	TRUE	TRUE	retained
TUT7	TRUE	TRUE	retained
TVP23B	TRUE	TRUE	retained
TVP23C	TRUE	TRUE	retained
TVP23CP2	TRUE	TRUE	retained
TWF1	TRUE	TRUE	retained
TWF1P1	TRUE	TRUE	retained
TWF2	TRUE	TRUE	retained
TWIST1	TRUE	TRUE	retained
TWIST2	TRUE	TRUE	retained
TWNK	TRUE	TRUE	retained
TWSG1	TRUE	TRUE	retained
TXK	TRUE	TRUE	retained
TXLNA	TRUE	TRUE	retained
TXLNG	TRUE	TRUE	retained
TXN	TRUE	TRUE	retained
TXN2	TRUE	TRUE	retained
TXN2P1	TRUE	TRUE	retained
TXNDC11	TRUE	TRUE	retained
TXNDC12	TRUE	TRUE	retained
TXNDC15	TRUE	TRUE	retained
TXNDC16	TRUE	TRUE	retained
TXNDC17	TRUE	TRUE	retained
TXNDC5	TRUE	TRUE	retained
TXNDC9	TRUE	TRUE	retained
TXNIP	TRUE	TRUE	retained
TXNL1	TRUE	TRUE	retained
TXNL4A	TRUE	TRUE	retained
TXNL4B	TRUE	TRUE	retained
TXNP1	TRUE	TRUE	retained
TXNP4	TRUE	TRUE	retained
TXNP5	TRUE	TRUE	retained
TXNP6	TRUE	TRUE	retained
TXNRD1	TRUE	TRUE	retained
TXNRD2	TRUE	TRUE	retained
TXNRD3	TRUE	TRUE	retained
TYK2	TRUE	TRUE	retained
TYMP	TRUE	TRUE	retained
TYMS	TRUE	TRUE	retained
TYRO3	TRUE	TRUE	retained
TYRO3P	TRUE	TRUE	retained
TYROBP	TRUE	TRUE	retained
TYSND1	TRUE	TRUE	retained
TYW1	TRUE	TRUE	retained
TYW1B	TRUE	TRUE	retained
TYW3	TRUE	TRUE	retained
TYW5	TRUE	TRUE	retained
U2AF1	TRUE	TRUE	retained
U2AF1L4	TRUE	TRUE	retained
U2AF1L5	TRUE	TRUE	retained
U2AF2	TRUE	TRUE	retained
U2SURP	TRUE	TRUE	retained
UACA	TRUE	TRUE	retained
UAP1	TRUE	TRUE	retained
UAP1L1	TRUE	TRUE	retained
UBA1	TRUE	TRUE	retained
UBA2	TRUE	TRUE	retained
UBA3	TRUE	TRUE	retained
UBA5	TRUE	TRUE	retained
UBA52	TRUE	TRUE	retained
UBA52P3	TRUE	TRUE	retained
UBA52P5	TRUE	TRUE	retained
UBA52P7	TRUE	TRUE	retained
UBA52P8	TRUE	TRUE	retained
UBA6	TRUE	TRUE	retained
UBA6-AS1	TRUE	TRUE	retained
UBA7	TRUE	TRUE	retained
UBAC1	TRUE	TRUE	retained
UBAC2	TRUE	TRUE	retained
UBALD1	TRUE	TRUE	retained
UBALD2	TRUE	TRUE	retained
UBAP1	TRUE	TRUE	retained
UBAP1L	TRUE	TRUE	retained
UBAP2	TRUE	TRUE	retained
UBAP2L	TRUE	TRUE	retained
UBASH3B	TRUE	TRUE	retained
UBB	TRUE	TRUE	retained
UBBP1	TRUE	TRUE	retained
UBBP2	TRUE	TRUE	retained
UBBP4	TRUE	TRUE	retained
UBC	TRUE	TRUE	retained
UBE2A	TRUE	TRUE	retained
UBE2B	TRUE	TRUE	retained
UBE2C	TRUE	TRUE	retained
UBE2CP1	TRUE	TRUE	retained
UBE2CP3	TRUE	TRUE	retained
UBE2CP4	TRUE	TRUE	retained
UBE2D1	TRUE	TRUE	retained
UBE2D2	TRUE	TRUE	retained
UBE2D3	TRUE	TRUE	retained
UBE2D3P1	TRUE	TRUE	retained
UBE2D3P2	TRUE	TRUE	retained
UBE2D4	TRUE	TRUE	retained
UBE2E1	TRUE	TRUE	retained
UBE2E2	TRUE	TRUE	retained
UBE2E3	TRUE	TRUE	retained
UBE2E4P	TRUE	TRUE	retained
UBE2F	TRUE	TRUE	retained
UBE2G1	TRUE	TRUE	retained
UBE2G2	TRUE	TRUE	retained
UBE2H	TRUE	TRUE	retained
UBE2HP1	TRUE	TRUE	retained
UBE2I	TRUE	TRUE	retained
UBE2J1	TRUE	TRUE	retained
UBE2J2	TRUE	TRUE	retained
UBE2K	TRUE	TRUE	retained
UBE2L3	TRUE	TRUE	retained
UBE2L6	TRUE	TRUE	retained
UBE2M	TRUE	TRUE	retained
UBE2MP1	TRUE	TRUE	retained
UBE2N	TRUE	TRUE	retained
UBE2NL	TRUE	TRUE	retained
UBE2NP1	TRUE	TRUE	retained
UBE2O	TRUE	TRUE	retained
UBE2Q1	TRUE	TRUE	retained
UBE2Q2	TRUE	TRUE	retained
UBE2Q2L	TRUE	TRUE	retained
UBE2Q2P1	TRUE	TRUE	retained
UBE2Q2P10	TRUE	TRUE	retained
UBE2R2	TRUE	TRUE	retained
UBE2S	TRUE	TRUE	retained
UBE2SP1	TRUE	TRUE	retained
UBE2SP2	TRUE	TRUE	retained
UBE2T	TRUE	TRUE	retained
UBE2V1	TRUE	TRUE	retained
UBE2V1P1	TRUE	TRUE	retained
UBE2V1P2	TRUE	TRUE	retained
UBE2V2	TRUE	TRUE	retained
UBE2V2P3	TRUE	TRUE	retained
UBE2Z	TRUE	TRUE	retained
UBE3A	TRUE	TRUE	retained
UBE3AP2	TRUE	TRUE	retained
UBE3B	TRUE	TRUE	retained
UBE3C	TRUE	TRUE	retained
UBE3D	TRUE	TRUE	retained
UBE4A	TRUE	TRUE	retained
UBE4B	TRUE	TRUE	retained
UBFD1	TRUE	TRUE	retained
UBIAD1	TRUE	TRUE	retained
UBL3	TRUE	TRUE	retained
UBL4A	TRUE	TRUE	retained
UBL5	TRUE	TRUE	retained
UBL5P2	TRUE	TRUE	retained
UBL7	TRUE	TRUE	retained
UBLCP1	TRUE	TRUE	retained
UBN1	TRUE	TRUE	retained
UBN2	TRUE	TRUE	retained
UBOX5	TRUE	TRUE	retained
UBP1	TRUE	TRUE	retained
UBQLN1	TRUE	TRUE	retained
UBQLN2	TRUE	TRUE	retained
UBQLN4	TRUE	TRUE	retained
UBQLN4P1	TRUE	TRUE	retained
UBR1	TRUE	TRUE	retained
UBR2	TRUE	TRUE	retained
UBR3	TRUE	TRUE	retained
UBR4	TRUE	TRUE	retained
UBR5	TRUE	TRUE	retained
UBR7	TRUE	TRUE	retained
UBTD1	TRUE	TRUE	retained
UBTD2	TRUE	TRUE	retained
UBTF	TRUE	TRUE	retained
UBXN1	TRUE	TRUE	retained
UBXN11	TRUE	TRUE	retained
UBXN2A	TRUE	TRUE	retained
UBXN2B	TRUE	TRUE	retained
UBXN4	TRUE	TRUE	retained
UBXN6	TRUE	TRUE	retained
UBXN7	TRUE	TRUE	retained
UBXN8	TRUE	TRUE	retained
UCHL1	TRUE	TRUE	retained
UCHL3	TRUE	TRUE	retained
UCHL5	TRUE	TRUE	retained
UCK1	TRUE	TRUE	retained
UCK2	TRUE	TRUE	retained
UCKL1	TRUE	TRUE	retained
UCP2	TRUE	TRUE	retained
UCP3	TRUE	TRUE	retained
UEVLD	TRUE	TRUE	retained
UFC1	TRUE	TRUE	retained
UFD1	TRUE	TRUE	retained
UFL1	TRUE	TRUE	retained
UFM1	TRUE	TRUE	retained
UFM1P2	TRUE	TRUE	retained
UFSP2	TRUE	TRUE	retained
UGCG	TRUE	TRUE	retained
UGDH	TRUE	TRUE	retained
UGGT1	TRUE	TRUE	retained
UGGT2	TRUE	TRUE	retained
UGP2	TRUE	TRUE	retained
UHMK1	TRUE	TRUE	retained
UHRF1	TRUE	TRUE	retained
UHRF1BP1	TRUE	TRUE	retained
UHRF1BP1L	TRUE	TRUE	retained
UHRF2	TRUE	TRUE	retained
UHRF2P1	TRUE	TRUE	retained
UIMC1	TRUE	TRUE	retained
ULBP3	TRUE	TRUE	retained
ULK1	TRUE	TRUE	retained
ULK2	TRUE	TRUE	retained
ULK3	TRUE	TRUE	retained
ULK4	TRUE	TRUE	retained
UMAD1	TRUE	TRUE	retained
UMPS	TRUE	TRUE	retained
UNC119	TRUE	TRUE	retained
UNC119B	TRUE	TRUE	retained
UNC13A	TRUE	TRUE	retained
UNC13B	TRUE	TRUE	retained
UNC13C	TRUE	TRUE	retained
UNC13D	TRUE	TRUE	retained
UNC45A	TRUE	TRUE	retained
UNC50	TRUE	TRUE	retained
UNC5A	TRUE	TRUE	retained
UNC5B	TRUE	TRUE	retained
UNC5C	TRUE	TRUE	retained
UNC5CL	TRUE	TRUE	retained
UNC79	TRUE	TRUE	retained
UNC80	TRUE	TRUE	retained
UNC93B1	TRUE	TRUE	retained
UNG	TRUE	TRUE	retained
UNK	TRUE	TRUE	retained
UNKL	TRUE	TRUE	retained
UPF1	TRUE	TRUE	retained
UPF2	TRUE	TRUE	retained
UPF3A	TRUE	TRUE	retained
UPF3AP1	TRUE	TRUE	retained
UPF3AP2	TRUE	TRUE	retained
UPF3B	TRUE	TRUE	retained
UPK1B	TRUE	TRUE	retained
UPK3B	TRUE	TRUE	retained
UPK3BL2	TRUE	TRUE	retained
UPP1	TRUE	TRUE	retained
UPRT	TRUE	TRUE	retained
UQCC1	TRUE	TRUE	retained
UQCC2	TRUE	TRUE	retained
UQCC3	TRUE	TRUE	retained
UQCR10	TRUE	TRUE	retained
UQCR10P1	TRUE	TRUE	retained
UQCR11	TRUE	TRUE	retained
UQCRB	TRUE	TRUE	retained
UQCRBP1	TRUE	TRUE	retained
UQCRC1	TRUE	TRUE	retained
UQCRC2	TRUE	TRUE	retained
UQCRC2P1	TRUE	TRUE	retained
UQCRFS1	TRUE	TRUE	retained
UQCRFS1P1	TRUE	TRUE	retained
UQCRH	TRUE	TRUE	retained
UQCRHL	TRUE	TRUE	retained
UQCRQ	TRUE	TRUE	retained
URB1	TRUE	TRUE	retained
URB2	TRUE	TRUE	retained
URGCP	TRUE	TRUE	retained
URI1	TRUE	TRUE	retained
URM1	TRUE	TRUE	retained
UROD	TRUE	TRUE	retained
UROS	TRUE	TRUE	retained
USB1	TRUE	TRUE	retained
USE1	TRUE	TRUE	retained
USF1	TRUE	TRUE	retained
USF1P1	TRUE	TRUE	retained
USF2	TRUE	TRUE	retained
USF3	TRUE	TRUE	retained
USH2A	TRUE	TRUE	retained
USHBP1	TRUE	TRUE	retained
USO1	TRUE	TRUE	retained
USP1	TRUE	TRUE	retained
USP10	TRUE	TRUE	retained
USP11	TRUE	TRUE	retained
USP12	TRUE	TRUE	retained
USP12P1	TRUE	TRUE	retained
USP12PX	TRUE	TRUE	retained
USP12PY	TRUE	TRUE	retained
USP13	TRUE	TRUE	retained
USP14	TRUE	TRUE	retained
USP15	TRUE	TRUE	retained
USP16	TRUE	TRUE	retained
USP18	TRUE	TRUE	retained
USP19	TRUE	TRUE	retained
USP2	TRUE	TRUE	retained
USP20	TRUE	TRUE	retained
USP21	TRUE	TRUE	retained
USP21P1	TRUE	TRUE	retained
USP22	TRUE	TRUE	retained
USP24	TRUE	TRUE	retained
USP25	TRUE	TRUE	retained
USP27X	TRUE	TRUE	retained
USP28	TRUE	TRUE	retained
USP3	TRUE	TRUE	retained
USP30	TRUE	TRUE	retained
USP31	TRUE	TRUE	retained
USP32	TRUE	TRUE	retained
USP33	TRUE	TRUE	retained
USP34	TRUE	TRUE	retained
USP35	TRUE	TRUE	retained
USP36	TRUE	TRUE	retained
USP37	TRUE	TRUE	retained
USP38	TRUE	TRUE	retained
USP39	TRUE	TRUE	retained
USP4	TRUE	TRUE	retained
USP40	TRUE	TRUE	retained
USP42	TRUE	TRUE	retained
USP43	TRUE	TRUE	retained
USP45	TRUE	TRUE	retained
USP46	TRUE	TRUE	retained
USP47	TRUE	TRUE	retained
USP48	TRUE	TRUE	retained
USP5	TRUE	TRUE	retained
USP50	TRUE	TRUE	retained
USP51	TRUE	TRUE	retained
USP53	TRUE	TRUE	retained
USP54	TRUE	TRUE	retained
USP6	TRUE	TRUE	retained
USP6NL	TRUE	TRUE	retained
USP7	TRUE	TRUE	retained
USP8	TRUE	TRUE	retained
USP8P1	TRUE	TRUE	retained
USP8P2	TRUE	TRUE	retained
USP9X	TRUE	TRUE	retained
USPL1	TRUE	TRUE	retained
UST	TRUE	TRUE	retained
UTP11	TRUE	TRUE	retained
UTP14A	TRUE	TRUE	retained
UTP15	TRUE	TRUE	retained
UTP18	TRUE	TRUE	retained
UTP20	TRUE	TRUE	retained
UTP23	TRUE	TRUE	retained
UTP25	TRUE	TRUE	retained
UTP3	TRUE	TRUE	retained
UTP4	TRUE	TRUE	retained
UTP6	TRUE	TRUE	retained
UTRN	TRUE	TRUE	retained
UVRAG	TRUE	TRUE	retained
UVSSA	TRUE	TRUE	retained
UXS1	TRUE	TRUE	retained
UXT	TRUE	TRUE	retained
VAC14	TRUE	TRUE	retained
VAC14-AS1	TRUE	TRUE	retained
VAMP1	TRUE	TRUE	retained
VAMP2	TRUE	TRUE	retained
VAMP3	TRUE	TRUE	retained
VAMP4	TRUE	TRUE	retained
VAMP5	TRUE	TRUE	retained
VAMP7	TRUE	TRUE	retained
VAMP8	TRUE	TRUE	retained
VANGL1	TRUE	TRUE	retained
VANGL2	TRUE	TRUE	retained
VAPA	TRUE	TRUE	retained
VAPB	TRUE	TRUE	retained
VARS1	TRUE	TRUE	retained
VASH1	TRUE	TRUE	retained
VASH2	TRUE	TRUE	retained
VASN	TRUE	TRUE	retained
VASP	TRUE	TRUE	retained
VAT1	TRUE	TRUE	retained
VAT1L	TRUE	TRUE	retained
VAV1	TRUE	TRUE	retained
VAV2	TRUE	TRUE	retained
VAV3	TRUE	TRUE	retained
VAX2	TRUE	TRUE	retained
VBP1	TRUE	TRUE	retained
VCAM1	TRUE	TRUE	retained
VCAN	TRUE	TRUE	retained
VCL	TRUE	TRUE	retained
VCP	TRUE	TRUE	retained
VCPIP1	TRUE	TRUE	retained
VCPKMT	TRUE	TRUE	retained
VDAC1	TRUE	TRUE	retained
VDAC1P1	TRUE	TRUE	retained
VDAC1P2	TRUE	TRUE	retained
VDAC1P3	TRUE	TRUE	retained
VDAC1P6	TRUE	TRUE	retained
VDAC2	TRUE	TRUE	retained
VDAC2P5	TRUE	TRUE	retained
VDAC3	TRUE	TRUE	retained
VDAC3P1	TRUE	TRUE	retained
VDR	TRUE	TRUE	retained
VEGFA	TRUE	TRUE	retained
VEGFB	TRUE	TRUE	retained
VEGFC	TRUE	TRUE	retained
VEPH1	TRUE	TRUE	retained
VEZF1	TRUE	TRUE	retained
VEZF1P1	TRUE	TRUE	retained
VEZT	TRUE	TRUE	retained
VEZTP1	TRUE	TRUE	retained
VGLL1	TRUE	TRUE	retained
VGLL3	TRUE	TRUE	retained
VGLL4	TRUE	TRUE	retained
VHL	TRUE	TRUE	retained
VIL1	TRUE	TRUE	retained
VILL	TRUE	TRUE	retained
VIM	TRUE	TRUE	retained
VIPAS39	TRUE	TRUE	retained
VIPR1	TRUE	TRUE	retained
VIPR2	TRUE	TRUE	retained
VIRMA	TRUE	TRUE	retained
VIT	TRUE	TRUE	retained
VKORC1	TRUE	TRUE	retained
VKORC1L1	TRUE	TRUE	retained
VLDLR	TRUE	TRUE	retained
VMA21	TRUE	TRUE	retained
VMAC	TRUE	TRUE	retained
VMP1	TRUE	TRUE	retained
VNN1	TRUE	TRUE	retained
VOPP1	TRUE	TRUE	retained
VPS11	TRUE	TRUE	retained
VPS13A	TRUE	TRUE	retained
VPS13B	TRUE	TRUE	retained
VPS13C	TRUE	TRUE	retained
VPS13D	TRUE	TRUE	retained
VPS16	TRUE	TRUE	retained
VPS18	TRUE	TRUE	retained
VPS25	TRUE	TRUE	retained
VPS26A	TRUE	TRUE	retained
VPS26AP1	TRUE	TRUE	retained
VPS26B	TRUE	TRUE	retained
VPS26C	TRUE	TRUE	retained
VPS28	TRUE	TRUE	retained
VPS29	TRUE	TRUE	retained
VPS33A	TRUE	TRUE	retained
VPS33B	TRUE	TRUE	retained
VPS35	TRUE	TRUE	retained
VPS35L	TRUE	TRUE	retained
VPS35P1	TRUE	TRUE	retained
VPS36	TRUE	TRUE	retained
VPS37A	TRUE	TRUE	retained
VPS37B	TRUE	TRUE	retained
VPS37C	TRUE	TRUE	retained
VPS39	TRUE	TRUE	retained
VPS41	TRUE	TRUE	retained
VPS45	TRUE	TRUE	retained
VPS4A	TRUE	TRUE	retained
VPS4B	TRUE	TRUE	retained
VPS50	TRUE	TRUE	retained
VPS51	TRUE	TRUE	retained
VPS52	TRUE	TRUE	retained
VPS53	TRUE	TRUE	retained
VPS54	TRUE	TRUE	retained
VPS72	TRUE	TRUE	retained
VPS8	TRUE	TRUE	retained
VPS9D1	TRUE	TRUE	retained
VPS9D1-AS1	TRUE	TRUE	retained
VRK1	TRUE	TRUE	retained
VRK2	TRUE	TRUE	retained
VRK3	TRUE	TRUE	retained
VSIG10	TRUE	TRUE	retained
VSIG10L	TRUE	TRUE	retained
VSIG2	TRUE	TRUE	retained
VSIG4	TRUE	TRUE	retained
VSIR	TRUE	TRUE	retained
VSNL1	TRUE	TRUE	retained
VSTM4	TRUE	TRUE	retained
VSTM5	TRUE	TRUE	retained
VTA1	TRUE	TRUE	retained
VTI1A	TRUE	TRUE	retained
VTI1B	TRUE	TRUE	retained
VTI1BP1	TRUE	TRUE	retained
VTI1BP2	TRUE	TRUE	retained
VTN	TRUE	TRUE	retained
VWA1	TRUE	TRUE	retained
VWA2	TRUE	TRUE	retained
VWA5A	TRUE	TRUE	retained
VWA7	TRUE	TRUE	retained
VWA8	TRUE	TRUE	retained
VWCE	TRUE	TRUE	retained
VWDE	TRUE	TRUE	retained
VWF	TRUE	TRUE	retained
VWFP1	TRUE	TRUE	retained
WAC	TRUE	TRUE	retained
WAPL	TRUE	TRUE	retained
WARS1	TRUE	TRUE	retained
WARS2	TRUE	TRUE	retained
WARS2-AS1	TRUE	TRUE	retained
WAS	TRUE	TRUE	retained
WASF1	TRUE	TRUE	retained
WASF2	TRUE	TRUE	retained
WASF3	TRUE	TRUE	retained
WASF4P	TRUE	TRUE	retained
WASH2P	TRUE	TRUE	retained
WASH3P	TRUE	TRUE	retained
WASH4P	TRUE	TRUE	retained
WASH5P	TRUE	TRUE	retained
WASH6P	TRUE	TRUE	retained
WASH7P	TRUE	TRUE	retained
WASH8P	TRUE	TRUE	retained
WASH9P	TRUE	TRUE	retained
WASHC1	TRUE	TRUE	retained
WASHC2A	TRUE	TRUE	retained
WASHC2C	TRUE	TRUE	retained
WASHC3	TRUE	TRUE	retained
WASHC4	TRUE	TRUE	retained
WASHC5	TRUE	TRUE	retained
WASL	TRUE	TRUE	retained
WBP1	TRUE	TRUE	retained
WBP11	TRUE	TRUE	retained
WBP11P1	TRUE	TRUE	retained
WBP11P2	TRUE	TRUE	retained
WBP11P3	TRUE	TRUE	retained
WBP1L	TRUE	TRUE	retained
WBP1LP2	TRUE	TRUE	retained
WBP1P1	TRUE	TRUE	retained
WBP1P2	TRUE	TRUE	retained
WBP2	TRUE	TRUE	retained
WBP4	TRUE	TRUE	retained
WDCP	TRUE	TRUE	retained
WDFY1	TRUE	TRUE	retained
WDFY2	TRUE	TRUE	retained
WDFY3	TRUE	TRUE	retained
WDFY4	TRUE	TRUE	retained
WDHD1	TRUE	TRUE	retained
WDPCP	TRUE	TRUE	retained
WDR1	TRUE	TRUE	retained
WDR11	TRUE	TRUE	retained
WDR12	TRUE	TRUE	retained
WDR13	TRUE	TRUE	retained
WDR18	TRUE	TRUE	retained
WDR19	TRUE	TRUE	retained
WDR20	TRUE	TRUE	retained
WDR24	TRUE	TRUE	retained
WDR25	TRUE	TRUE	retained
WDR26	TRUE	TRUE	retained
WDR27	TRUE	TRUE	retained
WDR3	TRUE	TRUE	retained
WDR31	TRUE	TRUE	retained
WDR33	TRUE	TRUE	retained
WDR35	TRUE	TRUE	retained
WDR36	TRUE	TRUE	retained
WDR37	TRUE	TRUE	retained
WDR4	TRUE	TRUE	retained
WDR41	TRUE	TRUE	retained
WDR43	TRUE	TRUE	retained
WDR44	TRUE	TRUE	retained
WDR45	TRUE	TRUE	retained
WDR45B	TRUE	TRUE	retained
WDR45BP1	TRUE	TRUE	retained
WDR45P1	TRUE	TRUE	retained
WDR46	TRUE	TRUE	retained
WDR47	TRUE	TRUE	retained
WDR48	TRUE	TRUE	retained
WDR5	TRUE	TRUE	retained
WDR53	TRUE	TRUE	retained
WDR54	TRUE	TRUE	retained
WDR55	TRUE	TRUE	retained
WDR59	TRUE	TRUE	retained
WDR5B	TRUE	TRUE	retained
WDR6	TRUE	TRUE	retained
WDR61	TRUE	TRUE	retained
WDR62	TRUE	TRUE	retained
WDR64	TRUE	TRUE	retained
WDR7	TRUE	TRUE	retained
WDR70	TRUE	TRUE	retained
WDR73	TRUE	TRUE	retained
WDR74	TRUE	TRUE	retained
WDR75	TRUE	TRUE	retained
WDR76	TRUE	TRUE	retained
WDR77	TRUE	TRUE	retained
WDR81	TRUE	TRUE	retained
WDR82	TRUE	TRUE	retained
WDR82P1	TRUE	TRUE	retained
WDR82P2	TRUE	TRUE	retained
WDR83	TRUE	TRUE	retained
WDR86	TRUE	TRUE	retained
WDR86-AS1	TRUE	TRUE	retained
WDR88	TRUE	TRUE	retained
WDR89	TRUE	TRUE	retained
WDR90	TRUE	TRUE	retained
WDR91	TRUE	TRUE	retained
WDR97	TRUE	TRUE	retained
WDSUB1	TRUE	TRUE	retained
WDTC1	TRUE	TRUE	retained
WEE1	TRUE	TRUE	retained
WFDC1	TRUE	TRUE	retained
WFIKKN1	TRUE	TRUE	retained
WFS1	TRUE	TRUE	retained
WHAMM	TRUE	TRUE	retained
WHRN	TRUE	TRUE	retained
WHSC1L2P	TRUE	TRUE	retained
WIPF1	TRUE	TRUE	retained
WIPF2	TRUE	TRUE	retained
WIPI1	TRUE	TRUE	retained
WIPI2	TRUE	TRUE	retained
WIZ	TRUE	TRUE	retained
WIZP1	TRUE	TRUE	retained
WLS	TRUE	TRUE	retained
WNK1	TRUE	TRUE	retained
WNK2	TRUE	TRUE	retained
WNK3	TRUE	TRUE	retained
WNK4	TRUE	TRUE	retained
WNT10A	TRUE	TRUE	retained
WNT11	TRUE	TRUE	retained
WNT2	TRUE	TRUE	retained
WNT2B	TRUE	TRUE	retained
WNT3	TRUE	TRUE	retained
WNT3A	TRUE	TRUE	retained
WNT4	TRUE	TRUE	retained
WNT5A	TRUE	TRUE	retained
WNT5B	TRUE	TRUE	retained
WNT6	TRUE	TRUE	retained
WNT7A	TRUE	TRUE	retained
WNT9A	TRUE	TRUE	retained
WRAP53	TRUE	TRUE	retained
WRAP73	TRUE	TRUE	retained
WRN	TRUE	TRUE	retained
WRNIP1	TRUE	TRUE	retained
WSB1	TRUE	TRUE	retained
WSB2	TRUE	TRUE	retained
WSCD1	TRUE	TRUE	retained
WSCD2	TRUE	TRUE	retained
WTAP	TRUE	TRUE	retained
WTIP	TRUE	TRUE	retained
WWC1	TRUE	TRUE	retained
WWC2	TRUE	TRUE	retained
WWC3	TRUE	TRUE	retained
WWOX	TRUE	TRUE	retained
WWP1	TRUE	TRUE	retained
WWP1P1	TRUE	TRUE	retained
WWP2	TRUE	TRUE	retained
WWTR1	TRUE	TRUE	retained
XAB2	TRUE	TRUE	retained
XAF1	TRUE	TRUE	retained
XAGE2	TRUE	TRUE	retained
XAGE3	TRUE	TRUE	retained
XBP1	TRUE	TRUE	retained
XCL1	TRUE	TRUE	retained
XCL2	TRUE	TRUE	retained
XDH	TRUE	TRUE	retained
XIAP	TRUE	TRUE	retained
XIAPP1	TRUE	TRUE	retained
XIST	TRUE	TRUE	retained
XKR5	TRUE	TRUE	retained
XKR8	TRUE	TRUE	retained
XPA	TRUE	TRUE	retained
XPC	TRUE	TRUE	retained
XPC-AS1	TRUE	TRUE	retained
XPNPEP1	TRUE	TRUE	retained
XPNPEP2	TRUE	TRUE	retained
XPNPEP3	TRUE	TRUE	retained
XPO1	TRUE	TRUE	retained
XPO4	TRUE	TRUE	retained
XPO5	TRUE	TRUE	retained
XPO6	TRUE	TRUE	retained
XPO7	TRUE	TRUE	retained
XPOT	TRUE	TRUE	retained
XPOTP1	TRUE	TRUE	retained
XPR1	TRUE	TRUE	retained
XRCC1	TRUE	TRUE	retained
XRCC2	TRUE	TRUE	retained
XRCC3	TRUE	TRUE	retained
XRCC4	TRUE	TRUE	retained
XRCC5	TRUE	TRUE	retained
XRCC6	TRUE	TRUE	retained
XRCC6P1	TRUE	TRUE	retained
XRCC6P2	TRUE	TRUE	retained
XRCC6P4	TRUE	TRUE	retained
XRN1	TRUE	TRUE	retained
XRN2	TRUE	TRUE	retained
XRRA1	TRUE	TRUE	retained
XXYLT1	TRUE	TRUE	retained
XYLB	TRUE	TRUE	retained
XYLT1	TRUE	TRUE	retained
XYLT2	TRUE	TRUE	retained
YAE1	TRUE	TRUE	retained
YAF2	TRUE	TRUE	retained
YAP1	TRUE	TRUE	retained
YAP1P1	TRUE	TRUE	retained
YAP1P2	TRUE	TRUE	retained
YARS1	TRUE	TRUE	retained
YARS2	TRUE	TRUE	retained
YBEY	TRUE	TRUE	retained
YBX1	TRUE	TRUE	retained
YBX1P1	TRUE	TRUE	retained
YBX1P10	TRUE	TRUE	retained
YBX1P2	TRUE	TRUE	retained
YBX1P6	TRUE	TRUE	retained
YBX3	TRUE	TRUE	retained
YBX3P1	TRUE	TRUE	retained
YDJC	TRUE	TRUE	retained
YEATS2	TRUE	TRUE	retained
YEATS2-AS1	TRUE	TRUE	retained
YEATS4	TRUE	TRUE	retained
YES1	TRUE	TRUE	retained
YES1P1	TRUE	TRUE	retained
YIF1A	TRUE	TRUE	retained
YIF1B	TRUE	TRUE	retained
YIPF1	TRUE	TRUE	retained
YIPF2	TRUE	TRUE	retained
YIPF3	TRUE	TRUE	retained
YIPF4	TRUE	TRUE	retained
YIPF5	TRUE	TRUE	retained
YIPF6	TRUE	TRUE	retained
YJU2	TRUE	TRUE	retained
YKT6	TRUE	TRUE	retained
YLPM1	TRUE	TRUE	retained
YME1L1	TRUE	TRUE	retained
YOD1	TRUE	TRUE	retained
YPEL1	TRUE	TRUE	retained
YPEL2	TRUE	TRUE	retained
YPEL3	TRUE	TRUE	retained
YPEL4	TRUE	TRUE	retained
YPEL5	TRUE	TRUE	retained
YPEL5P2	TRUE	TRUE	retained
YRDC	TRUE	TRUE	retained
YTHDC1	TRUE	TRUE	retained
YTHDC2	TRUE	TRUE	retained
YTHDF1	TRUE	TRUE	retained
YTHDF2	TRUE	TRUE	retained
YTHDF2P1	TRUE	TRUE	retained
YTHDF3	TRUE	TRUE	retained
YWHAB	TRUE	TRUE	retained
YWHABP1	TRUE	TRUE	retained
YWHABP2	TRUE	TRUE	retained
YWHAE	TRUE	TRUE	retained
YWHAEP1	TRUE	TRUE	retained
YWHAEP5	TRUE	TRUE	retained
YWHAG	TRUE	TRUE	retained
YWHAH	TRUE	TRUE	retained
YWHAQ	TRUE	TRUE	retained
YWHAQP4	TRUE	TRUE	retained
YWHAQP6	TRUE	TRUE	retained
YWHAZ	TRUE	TRUE	retained
YWHAZP10	TRUE	TRUE	retained
YWHAZP2	TRUE	TRUE	retained
YWHAZP3	TRUE	TRUE	retained
YWHAZP4	TRUE	TRUE	retained
YWHAZP5	TRUE	TRUE	retained
YWHAZP6	TRUE	TRUE	retained
YY1	TRUE	TRUE	retained
YY1AP1	TRUE	TRUE	retained
ZACN	TRUE	TRUE	retained
ZADH2	TRUE	TRUE	retained
ZAP70	TRUE	TRUE	retained
ZBED1	TRUE	TRUE	retained
ZBED4	TRUE	TRUE	retained
ZBED5	TRUE	TRUE	retained
ZBED6CL	TRUE	TRUE	retained
ZBED8	TRUE	TRUE	retained
ZBED9	TRUE	TRUE	retained
ZBTB1	TRUE	TRUE	retained
ZBTB10	TRUE	TRUE	retained
ZBTB11	TRUE	TRUE	retained
ZBTB12	TRUE	TRUE	retained
ZBTB12BP	TRUE	TRUE	retained
ZBTB14	TRUE	TRUE	retained
ZBTB16	TRUE	TRUE	retained
ZBTB17	TRUE	TRUE	retained
ZBTB18	TRUE	TRUE	retained
ZBTB2	TRUE	TRUE	retained
ZBTB20	TRUE	TRUE	retained
ZBTB21	TRUE	TRUE	retained
ZBTB22	TRUE	TRUE	retained
ZBTB24	TRUE	TRUE	retained
ZBTB25	TRUE	TRUE	retained
ZBTB26	TRUE	TRUE	retained
ZBTB3	TRUE	TRUE	retained
ZBTB33	TRUE	TRUE	retained
ZBTB34	TRUE	TRUE	retained
ZBTB37	TRUE	TRUE	retained
ZBTB38	TRUE	TRUE	retained
ZBTB39	TRUE	TRUE	retained
ZBTB4	TRUE	TRUE	retained
ZBTB40	TRUE	TRUE	retained
ZBTB41	TRUE	TRUE	retained
ZBTB42	TRUE	TRUE	retained
ZBTB43	TRUE	TRUE	retained
ZBTB44	TRUE	TRUE	retained
ZBTB45	TRUE	TRUE	retained
ZBTB46	TRUE	TRUE	retained
ZBTB47	TRUE	TRUE	retained
ZBTB48	TRUE	TRUE	retained
ZBTB49	TRUE	TRUE	retained
ZBTB5	TRUE	TRUE	retained
ZBTB6	TRUE	TRUE	retained
ZBTB7A	TRUE	TRUE	retained
ZBTB7B	TRUE	TRUE	retained
ZBTB7C	TRUE	TRUE	retained
ZBTB8OS	TRUE	TRUE	retained
ZBTB8OSP2	TRUE	TRUE	retained
ZBTB9	TRUE	TRUE	retained
ZC2HC1A	TRUE	TRUE	retained
ZC2HC1C	TRUE	TRUE	retained
ZC3H10	TRUE	TRUE	retained
ZC3H11A	TRUE	TRUE	retained
ZC3H11B	TRUE	TRUE	retained
ZC3H12A	TRUE	TRUE	retained
ZC3H12C	TRUE	TRUE	retained
ZC3H12D	TRUE	TRUE	retained
ZC3H13	TRUE	TRUE	retained
ZC3H14	TRUE	TRUE	retained
ZC3H15	TRUE	TRUE	retained
ZC3H18	TRUE	TRUE	retained
ZC3H3	TRUE	TRUE	retained
ZC3H4	TRUE	TRUE	retained
ZC3H6	TRUE	TRUE	retained
ZC3H7A	TRUE	TRUE	retained
ZC3H7B	TRUE	TRUE	retained
ZC3H8	TRUE	TRUE	retained
ZC3HAV1	TRUE	TRUE	retained
ZC3HAV1L	TRUE	TRUE	retained
ZC3HC1	TRUE	TRUE	retained
ZC4H2	TRUE	TRUE	retained
ZCCHC10	TRUE	TRUE	retained
ZCCHC14	TRUE	TRUE	retained
ZCCHC17	TRUE	TRUE	retained
ZCCHC2	TRUE	TRUE	retained
ZCCHC24	TRUE	TRUE	retained
ZCCHC3	TRUE	TRUE	retained
ZCCHC4	TRUE	TRUE	retained
ZCCHC7	TRUE	TRUE	retained
ZCCHC8	TRUE	TRUE	retained
ZCCHC9	TRUE	TRUE	retained
ZCRB1	TRUE	TRUE	retained
ZCRB1P1	TRUE	TRUE	retained
ZCWPW1	TRUE	TRUE	retained
ZDBF2	TRUE	TRUE	retained
ZDHHC1	TRUE	TRUE	retained
ZDHHC11	TRUE	TRUE	retained
ZDHHC11B	TRUE	TRUE	retained
ZDHHC12	TRUE	TRUE	retained
ZDHHC13	TRUE	TRUE	retained
ZDHHC14	TRUE	TRUE	retained
ZDHHC16	TRUE	TRUE	retained
ZDHHC17	TRUE	TRUE	retained
ZDHHC18	TRUE	TRUE	retained
ZDHHC2	TRUE	TRUE	retained
ZDHHC20	TRUE	TRUE	retained
ZDHHC20P4	TRUE	TRUE	retained
ZDHHC21	TRUE	TRUE	retained
ZDHHC23	TRUE	TRUE	retained
ZDHHC24	TRUE	TRUE	retained
ZDHHC3	TRUE	TRUE	retained
ZDHHC4	TRUE	TRUE	retained
ZDHHC5	TRUE	TRUE	retained
ZDHHC6	TRUE	TRUE	retained
ZDHHC7	TRUE	TRUE	retained
ZDHHC8	TRUE	TRUE	retained
ZDHHC8P1	TRUE	TRUE	retained
ZDHHC9	TRUE	TRUE	retained
ZEB1	TRUE	TRUE	retained
ZEB2	TRUE	TRUE	retained
ZEB2P1	TRUE	TRUE	retained
ZER1	TRUE	TRUE	retained
ZFAND1	TRUE	TRUE	retained
ZFAND2A	TRUE	TRUE	retained
ZFAND2B	TRUE	TRUE	retained
ZFAND3	TRUE	TRUE	retained
ZFAND4	TRUE	TRUE	retained
ZFAND5	TRUE	TRUE	retained
ZFAND6	TRUE	TRUE	retained
ZFAS1	TRUE	TRUE	retained
ZFAT	TRUE	TRUE	retained
ZFC3H1	TRUE	TRUE	retained
ZFHX2	TRUE	TRUE	retained
ZFHX3	TRUE	TRUE	retained
ZFHX4	TRUE	TRUE	retained
ZFP1	TRUE	TRUE	retained
ZFP14	TRUE	TRUE	retained
ZFP2	TRUE	TRUE	retained
ZFP28	TRUE	TRUE	retained
ZFP3	TRUE	TRUE	retained
ZFP30	TRUE	TRUE	retained
ZFP36	TRUE	TRUE	retained
ZFP36L1	TRUE	TRUE	retained
ZFP36L2	TRUE	TRUE	retained
ZFP37	TRUE	TRUE	retained
ZFP42	TRUE	TRUE	retained
ZFP57	TRUE	TRUE	retained
ZFP62	TRUE	TRUE	retained
ZFP64	TRUE	TRUE	retained
ZFP69	TRUE	TRUE	retained
ZFP69B	TRUE	TRUE	retained
ZFP82	TRUE	TRUE	retained
ZFP90	TRUE	TRUE	retained
ZFP91	TRUE	TRUE	retained
ZFP91P1	TRUE	TRUE	retained
ZFPL1	TRUE	TRUE	retained
ZFPM1	TRUE	TRUE	retained
ZFPM2	TRUE	TRUE	retained
ZFR	TRUE	TRUE	retained
ZFX	TRUE	TRUE	retained
ZFYVE1	TRUE	TRUE	retained
ZFYVE16	TRUE	TRUE	retained
ZFYVE19	TRUE	TRUE	retained
ZFYVE21	TRUE	TRUE	retained
ZFYVE26	TRUE	TRUE	retained
ZFYVE27	TRUE	TRUE	retained
ZFYVE28	TRUE	TRUE	retained
ZFYVE9	TRUE	TRUE	retained
ZFYVE9P1	TRUE	TRUE	retained
ZGPAT	TRUE	TRUE	retained
ZGRF1	TRUE	TRUE	retained
ZHX1	TRUE	TRUE	retained
ZHX2	TRUE	TRUE	retained
ZHX3	TRUE	TRUE	retained
ZIK1	TRUE	TRUE	retained
ZIM2	TRUE	TRUE	retained
ZKSCAN1	TRUE	TRUE	retained
ZKSCAN2	TRUE	TRUE	retained
ZKSCAN3	TRUE	TRUE	retained
ZKSCAN4	TRUE	TRUE	retained
ZKSCAN5	TRUE	TRUE	retained
ZKSCAN7	TRUE	TRUE	retained
ZKSCAN8	TRUE	TRUE	retained
ZMAT1	TRUE	TRUE	retained
ZMAT2	TRUE	TRUE	retained
ZMAT3	TRUE	TRUE	retained
ZMAT5	TRUE	TRUE	retained
ZMIZ1	TRUE	TRUE	retained
ZMIZ2	TRUE	TRUE	retained
ZMPSTE24	TRUE	TRUE	retained
ZMYM1	TRUE	TRUE	retained
ZMYM2	TRUE	TRUE	retained
ZMYM3	TRUE	TRUE	retained
ZMYM4	TRUE	TRUE	retained
ZMYM5	TRUE	TRUE	retained
ZMYM6	TRUE	TRUE	retained
ZMYND10	TRUE	TRUE	retained
ZMYND11	TRUE	TRUE	retained
ZMYND15	TRUE	TRUE	retained
ZMYND19	TRUE	TRUE	retained
ZMYND8	TRUE	TRUE	retained
ZNF10	TRUE	TRUE	retained
ZNF100	TRUE	TRUE	retained
ZNF101	TRUE	TRUE	retained
ZNF106	TRUE	TRUE	retained
ZNF107	TRUE	TRUE	retained
ZNF112	TRUE	TRUE	retained
ZNF114	TRUE	TRUE	retained
ZNF117	TRUE	TRUE	retained
ZNF12	TRUE	TRUE	retained
ZNF121	TRUE	TRUE	retained
ZNF124	TRUE	TRUE	retained
ZNF131	TRUE	TRUE	retained
ZNF132	TRUE	TRUE	retained
ZNF133	TRUE	TRUE	retained
ZNF134	TRUE	TRUE	retained
ZNF135	TRUE	TRUE	retained
ZNF136	TRUE	TRUE	retained
ZNF137P	TRUE	TRUE	retained
ZNF138	TRUE	TRUE	retained
ZNF14	TRUE	TRUE	retained
ZNF140	TRUE	TRUE	retained
ZNF141	TRUE	TRUE	retained
ZNF142	TRUE	TRUE	retained
ZNF143	TRUE	TRUE	retained
ZNF146	TRUE	TRUE	retained
ZNF148	TRUE	TRUE	retained
ZNF154	TRUE	TRUE	retained
ZNF155	TRUE	TRUE	retained
ZNF16	TRUE	TRUE	retained
ZNF160	TRUE	TRUE	retained
ZNF165	TRUE	TRUE	retained
ZNF169	TRUE	TRUE	retained
ZNF17	TRUE	TRUE	retained
ZNF174	TRUE	TRUE	retained
ZNF175	TRUE	TRUE	retained
ZNF18	TRUE	TRUE	retained
ZNF180	TRUE	TRUE	retained
ZNF181	TRUE	TRUE	retained
ZNF182	TRUE	TRUE	retained
ZNF184	TRUE	TRUE	retained
ZNF185	TRUE	TRUE	retained
ZNF189	TRUE	TRUE	retained
ZNF19	TRUE	TRUE	retained
ZNF195	TRUE	TRUE	retained
ZNF197	TRUE	TRUE	retained
ZNF2	TRUE	TRUE	retained
ZNF200	TRUE	TRUE	retained
ZNF202	TRUE	TRUE	retained
ZNF205	TRUE	TRUE	retained
ZNF207	TRUE	TRUE	retained
ZNF208	TRUE	TRUE	retained
ZNF211	TRUE	TRUE	retained
ZNF212	TRUE	TRUE	retained
ZNF213	TRUE	TRUE	retained
ZNF217	TRUE	TRUE	retained
ZNF219	TRUE	TRUE	retained
ZNF221	TRUE	TRUE	retained
ZNF222	TRUE	TRUE	retained
ZNF224	TRUE	TRUE	retained
ZNF225	TRUE	TRUE	retained
ZNF226	TRUE	TRUE	retained
ZNF227	TRUE	TRUE	retained
ZNF229	TRUE	TRUE	retained
ZNF230	TRUE	TRUE	retained
ZNF232	TRUE	TRUE	retained
ZNF233	TRUE	TRUE	retained
ZNF234	TRUE	TRUE	retained
ZNF235	TRUE	TRUE	retained
ZNF236	TRUE	TRUE	retained
ZNF239	TRUE	TRUE	retained
ZNF24	TRUE	TRUE	retained
ZNF248	TRUE	TRUE	retained
ZNF25	TRUE	TRUE	retained
ZNF250	TRUE	TRUE	retained
ZNF251	TRUE	TRUE	retained
ZNF252P	TRUE	TRUE	retained
ZNF253	TRUE	TRUE	retained
ZNF254	TRUE	TRUE	retained
ZNF256	TRUE	TRUE	retained
ZNF257	TRUE	TRUE	retained
ZNF259P1	TRUE	TRUE	retained
ZNF26	TRUE	TRUE	retained
ZNF260	TRUE	TRUE	retained
ZNF263	TRUE	TRUE	retained
ZNF264	TRUE	TRUE	retained
ZNF266	TRUE	TRUE	retained
ZNF267	TRUE	TRUE	retained
ZNF268	TRUE	TRUE	retained
ZNF271P	TRUE	TRUE	retained
ZNF273	TRUE	TRUE	retained
ZNF274	TRUE	TRUE	retained
ZNF275	TRUE	TRUE	retained
ZNF276	TRUE	TRUE	retained
ZNF277	TRUE	TRUE	retained
ZNF28	TRUE	TRUE	retained
ZNF280B	TRUE	TRUE	retained
ZNF280C	TRUE	TRUE	retained
ZNF280D	TRUE	TRUE	retained
ZNF281	TRUE	TRUE	retained
ZNF282	TRUE	TRUE	retained
ZNF283	TRUE	TRUE	retained
ZNF285	TRUE	TRUE	retained
ZNF286A	TRUE	TRUE	retained
ZNF286B	TRUE	TRUE	retained
ZNF287	TRUE	TRUE	retained
ZNF292	TRUE	TRUE	retained
ZNF296	TRUE	TRUE	retained
ZNF3	TRUE	TRUE	retained
ZNF30	TRUE	TRUE	retained
ZNF300	TRUE	TRUE	retained
ZNF302	TRUE	TRUE	retained
ZNF304	TRUE	TRUE	retained
ZNF311	TRUE	TRUE	retained
ZNF317	TRUE	TRUE	retained
ZNF318	TRUE	TRUE	retained
ZNF319	TRUE	TRUE	retained
ZNF32	TRUE	TRUE	retained
ZNF320	TRUE	TRUE	retained
ZNF322	TRUE	TRUE	retained
ZNF322P1	TRUE	TRUE	retained
ZNF324	TRUE	TRUE	retained
ZNF324B	TRUE	TRUE	retained
ZNF326	TRUE	TRUE	retained
ZNF329	TRUE	TRUE	retained
ZNF330	TRUE	TRUE	retained
ZNF331	TRUE	TRUE	retained
ZNF333	TRUE	TRUE	retained
ZNF334	TRUE	TRUE	retained
ZNF335	TRUE	TRUE	retained
ZNF337	TRUE	TRUE	retained
ZNF33A	TRUE	TRUE	retained
ZNF33B	TRUE	TRUE	retained
ZNF34	TRUE	TRUE	retained
ZNF341	TRUE	TRUE	retained
ZNF343	TRUE	TRUE	retained
ZNF345	TRUE	TRUE	retained
ZNF346	TRUE	TRUE	retained
ZNF347	TRUE	TRUE	retained
ZNF35	TRUE	TRUE	retained
ZNF350	TRUE	TRUE	retained
ZNF354A	TRUE	TRUE	retained
ZNF354B	TRUE	TRUE	retained
ZNF354C	TRUE	TRUE	retained
ZNF358	TRUE	TRUE	retained
ZNF362	TRUE	TRUE	retained
ZNF366	TRUE	TRUE	retained
ZNF367	TRUE	TRUE	retained
ZNF37A	TRUE	TRUE	retained
ZNF37BP	TRUE	TRUE	retained
ZNF382	TRUE	TRUE	retained
ZNF383	TRUE	TRUE	retained
ZNF384	TRUE	TRUE	retained
ZNF385A	TRUE	TRUE	retained
ZNF391	TRUE	TRUE	retained
ZNF394	TRUE	TRUE	retained
ZNF397	TRUE	TRUE	retained
ZNF398	TRUE	TRUE	retained
ZNF404	TRUE	TRUE	retained
ZNF407	TRUE	TRUE	retained
ZNF408	TRUE	TRUE	retained
ZNF41	TRUE	TRUE	retained
ZNF410	TRUE	TRUE	retained
ZNF414	TRUE	TRUE	retained
ZNF415	TRUE	TRUE	retained
ZNF416	TRUE	TRUE	retained
ZNF417	TRUE	TRUE	retained
ZNF418	TRUE	TRUE	retained
ZNF419	TRUE	TRUE	retained
ZNF420	TRUE	TRUE	retained
ZNF423	TRUE	TRUE	retained
ZNF425	TRUE	TRUE	retained
ZNF426	TRUE	TRUE	retained
ZNF428	TRUE	TRUE	retained
ZNF429	TRUE	TRUE	retained
ZNF43	TRUE	TRUE	retained
ZNF430	TRUE	TRUE	retained
ZNF431	TRUE	TRUE	retained
ZNF432	TRUE	TRUE	retained
ZNF433	TRUE	TRUE	retained
ZNF433-AS1	TRUE	TRUE	retained
ZNF436	TRUE	TRUE	retained
ZNF436-AS1	TRUE	TRUE	retained
ZNF438	TRUE	TRUE	retained
ZNF439	TRUE	TRUE	retained
ZNF44	TRUE	TRUE	retained
ZNF440	TRUE	TRUE	retained
ZNF441	TRUE	TRUE	retained
ZNF442	TRUE	TRUE	retained
ZNF443	TRUE	TRUE	retained
ZNF444	TRUE	TRUE	retained
ZNF445	TRUE	TRUE	retained
ZNF446	TRUE	TRUE	retained
ZNF449	TRUE	TRUE	retained
ZNF45	TRUE	TRUE	retained
ZNF451	TRUE	TRUE	retained
ZNF454	TRUE	TRUE	retained
ZNF460	TRUE	TRUE	retained
ZNF461	TRUE	TRUE	retained
ZNF462	TRUE	TRUE	retained
ZNF467	TRUE	TRUE	retained
ZNF468	TRUE	TRUE	retained
ZNF469	TRUE	TRUE	retained
ZNF470	TRUE	TRUE	retained
ZNF471	TRUE	TRUE	retained
ZNF473	TRUE	TRUE	retained
ZNF48	TRUE	TRUE	retained
ZNF480	TRUE	TRUE	retained
ZNF483	TRUE	TRUE	retained
ZNF484	TRUE	TRUE	retained
ZNF486	TRUE	TRUE	retained
ZNF487	TRUE	TRUE	retained
ZNF488	TRUE	TRUE	retained
ZNF490	TRUE	TRUE	retained
ZNF491	TRUE	TRUE	retained
ZNF492	TRUE	TRUE	retained
ZNF493	TRUE	TRUE	retained
ZNF496	TRUE	TRUE	retained
ZNF497	TRUE	TRUE	retained
ZNF500	TRUE	TRUE	retained
ZNF501	TRUE	TRUE	retained
ZNF502	TRUE	TRUE	retained
ZNF503	TRUE	TRUE	retained
ZNF506	TRUE	TRUE	retained
ZNF507	TRUE	TRUE	retained
ZNF510	TRUE	TRUE	retained
ZNF511	TRUE	TRUE	retained
ZNF512	TRUE	TRUE	retained
ZNF512B	TRUE	TRUE	retained
ZNF513	TRUE	TRUE	retained
ZNF514	TRUE	TRUE	retained
ZNF516	TRUE	TRUE	retained
ZNF517	TRUE	TRUE	retained
ZNF518A	TRUE	TRUE	retained
ZNF518B	TRUE	TRUE	retained
ZNF519	TRUE	TRUE	retained
ZNF521	TRUE	TRUE	retained
ZNF524	TRUE	TRUE	retained
ZNF525	TRUE	TRUE	retained
ZNF526	TRUE	TRUE	retained
ZNF527	TRUE	TRUE	retained
ZNF528	TRUE	TRUE	retained
ZNF529	TRUE	TRUE	retained
ZNF529-AS1	TRUE	TRUE	retained
ZNF530	TRUE	TRUE	retained
ZNF532	TRUE	TRUE	retained
ZNF534	TRUE	TRUE	retained
ZNF540	TRUE	TRUE	retained
ZNF541	TRUE	TRUE	retained
ZNF542P	TRUE	TRUE	retained
ZNF543	TRUE	TRUE	retained
ZNF544	TRUE	TRUE	retained
ZNF546	TRUE	TRUE	retained
ZNF547	TRUE	TRUE	retained
ZNF548	TRUE	TRUE	retained
ZNF549	TRUE	TRUE	retained
ZNF550	TRUE	TRUE	retained
ZNF551	TRUE	TRUE	retained
ZNF552	TRUE	TRUE	retained
ZNF554	TRUE	TRUE	retained
ZNF555	TRUE	TRUE	retained
ZNF557	TRUE	TRUE	retained
ZNF558	TRUE	TRUE	retained
ZNF559	TRUE	TRUE	retained
ZNF560	TRUE	TRUE	retained
ZNF561	TRUE	TRUE	retained
ZNF561-AS1	TRUE	TRUE	retained
ZNF562	TRUE	TRUE	retained
ZNF563	TRUE	TRUE	retained
ZNF565	TRUE	TRUE	retained
ZNF566	TRUE	TRUE	retained
ZNF567	TRUE	TRUE	retained
ZNF568	TRUE	TRUE	retained
ZNF569	TRUE	TRUE	retained
ZNF570	TRUE	TRUE	retained
ZNF571	TRUE	TRUE	retained
ZNF572	TRUE	TRUE	retained
ZNF573	TRUE	TRUE	retained
ZNF574	TRUE	TRUE	retained
ZNF575	TRUE	TRUE	retained
ZNF576	TRUE	TRUE	retained
ZNF577	TRUE	TRUE	retained
ZNF578	TRUE	TRUE	retained
ZNF579	TRUE	TRUE	retained
ZNF580	TRUE	TRUE	retained
ZNF581	TRUE	TRUE	retained
ZNF582	TRUE	TRUE	retained
ZNF583	TRUE	TRUE	retained
ZNF584	TRUE	TRUE	retained
ZNF585A	TRUE	TRUE	retained
ZNF585B	TRUE	TRUE	retained
ZNF586	TRUE	TRUE	retained
ZNF587	TRUE	TRUE	retained
ZNF587B	TRUE	TRUE	retained
ZNF589	TRUE	TRUE	retained
ZNF592	TRUE	TRUE	retained
ZNF594	TRUE	TRUE	retained
ZNF595	TRUE	TRUE	retained
ZNF596	TRUE	TRUE	retained
ZNF597	TRUE	TRUE	retained
ZNF598	TRUE	TRUE	retained
ZNF599	TRUE	TRUE	retained
ZNF600	TRUE	TRUE	retained
ZNF605	TRUE	TRUE	retained
ZNF606	TRUE	TRUE	retained
ZNF607	TRUE	TRUE	retained
ZNF608	TRUE	TRUE	retained
ZNF609	TRUE	TRUE	retained
ZNF610	TRUE	TRUE	retained
ZNF611	TRUE	TRUE	retained
ZNF613	TRUE	TRUE	retained
ZNF614	TRUE	TRUE	retained
ZNF615	TRUE	TRUE	retained
ZNF616	TRUE	TRUE	retained
ZNF618	TRUE	TRUE	retained
ZNF619	TRUE	TRUE	retained
ZNF620	TRUE	TRUE	retained
ZNF621	TRUE	TRUE	retained
ZNF622	TRUE	TRUE	retained
ZNF623	TRUE	TRUE	retained
ZNF624	TRUE	TRUE	retained
ZNF626	TRUE	TRUE	retained
ZNF627	TRUE	TRUE	retained
ZNF628	TRUE	TRUE	retained
ZNF629	TRUE	TRUE	retained
ZNF630	TRUE	TRUE	retained
ZNF638	TRUE	TRUE	retained
ZNF639	TRUE	TRUE	retained
ZNF641	TRUE	TRUE	retained
ZNF644	TRUE	TRUE	retained
ZNF646	TRUE	TRUE	retained
ZNF649	TRUE	TRUE	retained
ZNF652	TRUE	TRUE	retained
ZNF652P1	TRUE	TRUE	retained
ZNF653	TRUE	TRUE	retained
ZNF654	TRUE	TRUE	retained
ZNF655	TRUE	TRUE	retained
ZNF658	TRUE	TRUE	retained
ZNF658B	TRUE	TRUE	retained
ZNF66	TRUE	TRUE	retained
ZNF660	TRUE	TRUE	retained
ZNF662	TRUE	TRUE	retained
ZNF664	TRUE	TRUE	retained
ZNF665	TRUE	TRUE	retained
ZNF667	TRUE	TRUE	retained
ZNF667-AS1	TRUE	TRUE	retained
ZNF668	TRUE	TRUE	retained
ZNF669	TRUE	TRUE	retained
ZNF670	TRUE	TRUE	retained
ZNF671	TRUE	TRUE	retained
ZNF672	TRUE	TRUE	retained
ZNF674	TRUE	TRUE	retained
ZNF675	TRUE	TRUE	retained
ZNF677	TRUE	TRUE	retained
ZNF678	TRUE	TRUE	retained
ZNF680	TRUE	TRUE	retained
ZNF681	TRUE	TRUE	retained
ZNF682	TRUE	TRUE	retained
ZNF684	TRUE	TRUE	retained
ZNF687	TRUE	TRUE	retained
ZNF688	TRUE	TRUE	retained
ZNF689	TRUE	TRUE	retained
ZNF69	TRUE	TRUE	retained
ZNF691	TRUE	TRUE	retained
ZNF692	TRUE	TRUE	retained
ZNF696	TRUE	TRUE	retained
ZNF697	TRUE	TRUE	retained
ZNF699	TRUE	TRUE	retained
ZNF7	TRUE	TRUE	retained
ZNF70	TRUE	TRUE	retained
ZNF700	TRUE	TRUE	retained
ZNF701	TRUE	TRUE	retained
ZNF702P	TRUE	TRUE	retained
ZNF703	TRUE	TRUE	retained
ZNF704	TRUE	TRUE	retained
ZNF706	TRUE	TRUE	retained
ZNF707	TRUE	TRUE	retained
ZNF708	TRUE	TRUE	retained
ZNF71	TRUE	TRUE	retained
ZNF710	TRUE	TRUE	retained
ZNF711	TRUE	TRUE	retained
ZNF713	TRUE	TRUE	retained
ZNF714	TRUE	TRUE	retained
ZNF717	TRUE	TRUE	retained
ZNF718	TRUE	TRUE	retained
ZNF720	TRUE	TRUE	retained
ZNF721	TRUE	TRUE	retained
ZNF724	TRUE	TRUE	retained
ZNF726	TRUE	TRUE	retained
ZNF730	TRUE	TRUE	retained
ZNF731P	TRUE	TRUE	retained
ZNF732	TRUE	TRUE	retained
ZNF736	TRUE	TRUE	retained
ZNF737	TRUE	TRUE	retained
ZNF738	TRUE	TRUE	retained
ZNF74	TRUE	TRUE	retained
ZNF740	TRUE	TRUE	retained
ZNF746	TRUE	TRUE	retained
ZNF749	TRUE	TRUE	retained
ZNF750	TRUE	TRUE	retained
ZNF75A	TRUE	TRUE	retained
ZNF75D	TRUE	TRUE	retained
ZNF76	TRUE	TRUE	retained
ZNF761	TRUE	TRUE	retained
ZNF763	TRUE	TRUE	retained
ZNF764	TRUE	TRUE	retained
ZNF765	TRUE	TRUE	retained
ZNF766	TRUE	TRUE	retained
ZNF767P	TRUE	TRUE	retained
ZNF768	TRUE	TRUE	retained
ZNF77	TRUE	TRUE	retained
ZNF770	TRUE	TRUE	retained
ZNF772	TRUE	TRUE	retained
ZNF773	TRUE	TRUE	retained
ZNF774	TRUE	TRUE	retained
ZNF775	TRUE	TRUE	retained
ZNF776	TRUE	TRUE	retained
ZNF777	TRUE	TRUE	retained
ZNF778	TRUE	TRUE	retained
ZNF780A	TRUE	TRUE	retained
ZNF780B	TRUE	TRUE	retained
ZNF781	TRUE	TRUE	retained
ZNF782	TRUE	TRUE	retained
ZNF783	TRUE	TRUE	retained
ZNF784	TRUE	TRUE	retained
ZNF785	TRUE	TRUE	retained
ZNF786	TRUE	TRUE	retained
ZNF787	TRUE	TRUE	retained
ZNF789	TRUE	TRUE	retained
ZNF79	TRUE	TRUE	retained
ZNF790	TRUE	TRUE	retained
ZNF791	TRUE	TRUE	retained
ZNF792	TRUE	TRUE	retained
ZNF793	TRUE	TRUE	retained
ZNF799	TRUE	TRUE	retained
ZNF800	TRUE	TRUE	retained
ZNF805	TRUE	TRUE	retained
ZNF808	TRUE	TRUE	retained
ZNF81	TRUE	TRUE	retained
ZNF813	TRUE	TRUE	retained
ZNF814	TRUE	TRUE	retained
ZNF816	TRUE	TRUE	retained
ZNF821	TRUE	TRUE	retained
ZNF823	TRUE	TRUE	retained
ZNF826P	TRUE	TRUE	retained
ZNF827	TRUE	TRUE	retained
ZNF829	TRUE	TRUE	retained
ZNF83	TRUE	TRUE	retained
ZNF830	TRUE	TRUE	retained
ZNF835	TRUE	TRUE	retained
ZNF836	TRUE	TRUE	retained
ZNF839	TRUE	TRUE	retained
ZNF84	TRUE	TRUE	retained
ZNF841	TRUE	TRUE	retained
ZNF845	TRUE	TRUE	retained
ZNF846	TRUE	TRUE	retained
ZNF85	TRUE	TRUE	retained
ZNF850	TRUE	TRUE	retained
ZNF852	TRUE	TRUE	retained
ZNF853	TRUE	TRUE	retained
ZNF860	TRUE	TRUE	retained
ZNF862	TRUE	TRUE	retained
ZNF865	TRUE	TRUE	retained
ZNF875	TRUE	TRUE	retained
ZNF876P	TRUE	TRUE	retained
ZNF878	TRUE	TRUE	retained
ZNF879	TRUE	TRUE	retained
ZNF880	TRUE	TRUE	retained
ZNF888	TRUE	TRUE	retained
ZNF891	TRUE	TRUE	retained
ZNF90	TRUE	TRUE	retained
ZNF90P1	TRUE	TRUE	retained
ZNF91	TRUE	TRUE	retained
ZNF92	TRUE	TRUE	retained
ZNF93	TRUE	TRUE	retained
ZNF99	TRUE	TRUE	retained
ZNFX1	TRUE	TRUE	retained
ZNHIT1	TRUE	TRUE	retained
ZNHIT2	TRUE	TRUE	retained
ZNHIT3	TRUE	TRUE	retained
ZNHIT6	TRUE	TRUE	retained
ZNRD1ASP	TRUE	TRUE	retained
ZNRD2	TRUE	TRUE	retained
ZNRF1	TRUE	TRUE	retained
ZNRF2	TRUE	TRUE	retained
ZNRF3	TRUE	TRUE	retained
ZP3	TRUE	TRUE	retained
ZPR1	TRUE	TRUE	retained
ZRANB1	TRUE	TRUE	retained
ZRANB2	TRUE	TRUE	retained
ZRANB3	TRUE	TRUE	retained
ZRSR2	TRUE	TRUE	retained
ZSCAN12	TRUE	TRUE	retained
ZSCAN16	TRUE	TRUE	retained
ZSCAN18	TRUE	TRUE	retained
ZSCAN2	TRUE	TRUE	retained
ZSCAN20	TRUE	TRUE	retained
ZSCAN21	TRUE	TRUE	retained
ZSCAN22	TRUE	TRUE	retained
ZSCAN23	TRUE	TRUE	retained
ZSCAN25	TRUE	TRUE	retained
ZSCAN26	TRUE	TRUE	retained
ZSCAN29	TRUE	TRUE	retained
ZSCAN30	TRUE	TRUE	retained
ZSCAN31	TRUE	TRUE	retained
ZSCAN32	TRUE	TRUE	retained
ZSCAN4	TRUE	TRUE	retained
ZSCAN5A	TRUE	TRUE	retained
ZSCAN9	TRUE	TRUE	retained
ZSWIM1	TRUE	TRUE	retained
ZSWIM3	TRUE	TRUE	retained
ZSWIM4	TRUE	TRUE	retained
ZSWIM5	TRUE	TRUE	retained
ZSWIM6	TRUE	TRUE	retained
ZSWIM7	TRUE	TRUE	retained
ZSWIM8	TRUE	TRUE	retained
ZSWIM9	TRUE	TRUE	retained
ZUP1	TRUE	TRUE	retained
ZW10	TRUE	TRUE	retained
ZWILCH	TRUE	TRUE	retained
ZWINT	TRUE	TRUE	retained
ZXDA	TRUE	TRUE	retained
ZXDB	TRUE	TRUE	retained
ZXDC	TRUE	TRUE	retained
ZYG11A	TRUE	TRUE	retained
ZYG11B	TRUE	TRUE	retained
ZYX	TRUE	TRUE	retained
ZZEF1	TRUE	TRUE	retained
ZZZ3	TRUE	TRUE	retained
